scenario,margin_case,distribution_model,dependency_model,rho,subsystem,simulations,deterministic_load_kw,capacity_kw,mean_load_kw,std_load_kw,p95_load_kw,p99_load_kw,max_load_kw,p95_spare_capacity_kw,p99_spare_capacity_kw,p95_load_to_capacity_ratio,p99_load_to_capacity_ratio,max_load_to_capacity_ratio,p95_capacity_margin_pct,p99_capacity_margin_pct,overload_count,overload_probability,overload_probability_pct,overload_probability_ci95_lower,overload_probability_ci95_upper,rule_of_three_upper_if_zero,independent_p99_load_to_capacity_ratio,independent_p99_spare_capacity_kw,independent_p99_load_kw,independent_overload_probability_pct,delta_p99_load_to_capacity_ratio,delta_p99_spare_capacity_kw,delta_p99_load_kw,delta_overload_probability_pct
Scenario Alpha,Case A - CUM,Triangular,Global Gaussian copula,0.25,CW,100000,3814.61147772621,4068.06,3814.6561305995465,15.590551614687154,3840.412937499207,3850.0347192291615,3871.6768488225343,227.6470625007928,218.02528077083844,0.944040387186818,0.9464055887152996,0.9517256011028683,5.595961281318191,5.359441128470043,0,0.0,0.0,0.0,0.0,3e-05,0.9401163637867194,243.6102251337984,3824.4497748662016,0.0,0.006289224928580195,-25.58494436295996,25.58494436295996,0.0
Scenario Alpha,Case A - CUM,Triangular,Global Gaussian copula,0.25,FW,100000,11172.36557800847,11734.66,11172.410230881806,15.590551614687158,11198.167037781466,11207.788819511421,11229.430949104793,536.4929622185336,526.8711804885788,0.9542813373188032,0.9551012828246768,0.9569455739752829,4.571866268119687,4.489871717532326,0,0.0,0.0,0.0,0.0,3e-05,0.9529209943150002,552.4561248515402,11182.20387514846,0.0,0.0021802885096765534,-25.584944362961323,25.584944362961323,0.0
Scenario Alpha,Case A - CUM,Triangular,Global Gaussian copula,0.25,HVAC,100000,1026.73344657341,1159.42,1026.7468906021916,3.8503895749118793,1033.0862508767832,1035.5268972557094,1039.9887877193544,126.33374912321688,123.89310274429067,0.891037114140504,0.8931421721685924,0.8969905536555816,10.896288585949602,10.685782783140766,0,0.0,0.0,0.0,0.0,3e-05,0.8879983593169145,129.85694224078293,1029.5630577592171,0.0,0.005143812851677865,-5.963839496492255,5.963839496492255,0.0
Scenario Alpha,Case A - CUM,Triangular,Global Gaussian copula,0.5,CW,100000,3814.61147772621,4068.06,3814.6261216916787,21.668055600054142,3850.631488294643,3862.815398025144,3885.1491219449754,217.42851170535687,205.24460197485587,0.9465522849453162,0.949547302160033,0.9550373204783055,5.344771505468377,5.045269783996693,0,0.0,0.0,0.0,0.0,3e-05,0.9401163637867194,243.6102251337984,3824.4497748662016,0.0,0.009430938373313658,-38.365623158942526,38.365623158942526,0.0
Scenario Alpha,Case A - CUM,Triangular,Global Gaussian copula,0.5,FW,100000,11172.36557800847,11734.66,11172.380221973937,21.66805560005414,11208.385588576903,11220.569498307403,11242.903222227234,526.2744114230973,514.0905016925972,0.9551521380744651,0.9561904220750668,0.9580936492601605,4.484786192553489,4.380957792493325,0,0.0,0.0,0.0,0.0,3e-05,0.9529209943150002,552.4561248515402,11182.20387514846,0.0,0.0032694277600665567,-38.36562315894298,38.36562315894298,0.0
Scenario Alpha,Case A - CUM,Triangular,Global Gaussian copula,0.5,HVAC,100000,1026.73344657341,1159.42,1026.7368416860106,5.314363602693411,1035.5539209127583,1038.5786376665706,1043.8224585607713,123.86607908724181,120.84136233342952,0.893165480078624,0.8957742989309918,0.9002970955829391,10.683451992137604,10.422570106900823,0,0.0,0.0,0.0,0.0,3e-05,0.8879983593169145,129.85694224078293,1029.5630577592171,0.0,0.0077759396140772985,-9.015579907353413,9.015579907353413,0.0
Scenario Alpha,Case A - CUM,Triangular,Global Gaussian copula,0.75,CW,100000,3814.61147772621,4068.06,3814.7301010170763,26.408008174536533,3858.643996150925,3871.9529235090254,3887.350751514372,209.41600384907497,196.10707649097458,0.9485218989274802,0.9517934650691056,0.9555785193714872,5.147810107251981,4.820653493089448,0,0.0,0.0,0.0,0.0,3e-05,0.9401163637867194,243.6102251337984,3824.4497748662016,0.0,0.011677101282386193,-47.50314864282382,47.50314864282382,0.0
Scenario Alpha,Case A - CUM,Triangular,Global Gaussian copula,0.75,FW,100000,11172.36557800847,11734.66,11172.484201299336,26.408008174536537,11216.398096433184,11229.707023791285,11245.10485179663,518.2619035668158,504.952976208715,0.9558349450630171,0.9569691004077907,0.9582812669303269,4.41650549369829,4.303089959220931,0,0.0,0.0,0.0,0.0,3e-05,0.9529209943150002,552.4561248515402,11182.20387514846,0.0,0.004048106092790493,-47.50314864282518,47.50314864282518,0.0
Scenario Alpha,Case A - CUM,Triangular,Global Gaussian copula,0.75,HVAC,100000,1026.73344657341,1159.42,1026.7634798025197,6.449259238972073,1037.4763698720778,1040.6979582477447,1044.4709474917775,121.94363012792223,118.72204175225534,0.8948235927205652,0.8976022133892331,0.9008564174257624,10.517640727943474,10.239778661076688,0,0.0,0.0,0.0,0.0,3e-05,0.8879983593169145,129.85694224078293,1029.5630577592171,0.0,0.009603854072318563,-11.134900488527592,11.134900488527592,0.0
Scenario Alpha,Case A - CUM,Triangular,Subsystem-block Gaussian copula,0.25,CW,100000,3814.61147772621,4068.06,3814.6631927555745,12.612988556556248,3835.480632187067,3843.3886841138924,3861.6870453608517,232.57936781293301,224.67131588610755,0.9428279406368311,0.9447718775322617,0.9492699334230202,5.717205936316894,5.522812246773832,0,0.0,0.0,0.0,0.0,3e-05,0.9401163637867194,243.6102251337984,3824.4497748662016,0.0,0.004655513745542295,-18.938909247690844,18.938909247690844,0.0
Scenario Alpha,Case A - CUM,Triangular,Subsystem-block Gaussian copula,0.25,FW,100000,11172.36557800847,11734.66,11172.417293037834,12.61298855655625,11193.234732469326,11201.142784396152,11219.441145643112,541.4252675306743,533.517215603848,0.953861017913542,0.9545349234145815,0.9560942665269476,4.613898208645792,4.546507658541858,0,0.0,0.0,0.0,0.0,3e-05,0.9529209943150002,552.4561248515402,11182.20387514846,0.0,0.001613929099581246,-18.93890924769221,18.93890924769221,0.0
Scenario Alpha,Case A - CUM,Triangular,Subsystem-block Gaussian copula,0.25,HVAC,100000,1026.73344657341,1159.42,1026.7446514199644,3.8529374655648683,1033.0913253133747,1035.499242125265,1041.3666239551944,126.32867468662539,123.92075787473505,0.8910414908431583,0.8931183196126209,0.8981789377060896,10.895850915684168,10.688168038737906,0,0.0,0.0,0.0,0.0,3e-05,0.8879983593169145,129.85694224078293,1029.5630577592171,0.0,0.005119960295706383,-5.936184366047883,5.936184366047883,0.0
Scenario Alpha,Case A - CUM,Triangular,Subsystem-block Gaussian copula,0.5,CW,100000,3814.61147772621,4068.06,3814.6849551196096,17.245494062505106,3843.2750767152875,3853.3317254619365,3871.309908326284,224.78492328471248,214.7282745380635,0.9447439508550236,0.9472160502701378,0.9516354007380138,5.5256049144976345,5.278394972986226,0,0.0,0.0,0.0,0.0,3e-05,0.9401163637867194,243.6102251337984,3824.4497748662016,0.0,0.00709968648341841,-28.881950595734907,28.881950595734907,0.0
Scenario Alpha,Case A - CUM,Triangular,Subsystem-block Gaussian copula,0.5,FW,100000,11172.36557800847,11734.66,11172.439055401868,17.24549406250511,11201.029176997547,11211.085825744196,11229.064008608544,533.6308230024533,523.5741742558039,0.9545252420604897,0.9553822459060762,0.956914304173154,4.547475793951025,4.46177540939238,0,0.0,0.0,0.0,0.0,3e-05,0.9529209943150002,552.4561248515402,11182.20387514846,0.0,0.002461251591076019,-28.88195059573627,28.88195059573627,0.0
Scenario Alpha,Case A - CUM,Triangular,Subsystem-block Gaussian copula,0.5,HVAC,100000,1026.73344657341,1159.42,1026.7635351061929,5.3060331832401815,1035.5753907224303,1038.5382483436672,1043.2697355952516,123.84460927756982,120.88175165633288,0.8931839977940955,0.8957394631312787,0.8998203719059975,10.68160022059045,10.426053686872132,0,0.0,0.0,0.0,0.0,3e-05,0.8879983593169145,129.85694224078293,1029.5630577592171,0.0,0.007741103814364214,-8.975190584450047,8.975190584450047,0.0
Scenario Alpha,Case A - CUM,Triangular,Subsystem-block Gaussian copula,0.75,CW,100000,3814.61147772621,4068.06,3814.60923434496,21.108681077305352,3849.3516070267924,3860.9404745757292,3884.3737946553865,218.70839297320754,207.1195254242707,0.9462376678384272,0.9490864133212709,0.9548467315269161,5.376233216157273,5.09135866787291,0,0.0,0.0,0.0,0.0,3e-05,0.9401163637867194,243.6102251337984,3824.4497748662016,0.0,0.008970049534551494,-36.49069970952769,36.49069970952769,0.0
Scenario Alpha,Case A - CUM,Triangular,Subsystem-block Gaussian copula,0.75,FW,100000,11172.36557800847,11734.66,11172.36333462722,21.108681077305345,11207.105707309052,11218.694574857987,11242.127894937646,527.5542926909475,515.9654251420125,0.9550430696167637,0.9560306455285443,0.9580275777003889,4.495693038323628,4.396935447145571,0,0.0,0.0,0.0,0.0,3e-05,0.9529209943150002,552.4561248515402,11182.20387514846,0.0,0.003109651213544118,-36.49069970952769,36.49069970952769,0.0
Scenario Alpha,Case A - CUM,Triangular,Subsystem-block Gaussian copula,0.75,HVAC,100000,1026.73344657341,1159.42,1026.7195276325442,6.40833176938897,1037.3614943142331,1040.6483915898161,1044.7326132374726,122.05850568576693,118.77160841018394,0.8947245125271541,0.8975594621360818,0.9010821041878461,10.527548747284584,10.244053786391811,0,0.0,0.0,0.0,0.0,3e-05,0.8879983593169145,129.85694224078293,1029.5630577592171,0.0,0.009561102819167333,-11.085333830598984,11.085333830598984,0.0
Scenario Alpha,Case A - CUM,Truncated normal,Global Gaussian copula,0.25,CW,100000,3814.61147772621,4068.06,3814.678090930028,16.95793634946689,3842.7156741719336,3853.452066775225,3880.402492072652,225.3443258280663,214.60793322477502,0.9446064399669458,0.9472456322608872,0.9538705161852706,5.539356003305416,5.2754367739112755,0,0.0,0.0,0.0,0.0,3e-05,0.940309040908301,242.8264030425771,3825.233596957423,0.0,0.006936591352586174,-28.218469817802088,28.218469817802088,0.0
Scenario Alpha,Case A - CUM,Truncated normal,Global Gaussian copula,0.25,FW,100000,11172.36557800847,11734.66,11172.432191212287,16.95793634946689,11200.469774454192,11211.206167057484,11238.156592354911,534.1902255458081,523.4538329425159,0.954477571097432,0.9553925011084671,0.9576891526771898,4.552242890256795,4.460749889153293,0,0.0,0.0,0.0,0.0,3e-05,0.9529877897816964,551.6723027603184,11182.98769723968,0.0,0.00240471132677067,-28.218469817802543,28.218469817804362,0.0
Scenario Alpha,Case A - CUM,Truncated normal,Global Gaussian copula,0.25,HVAC,100000,1026.73344657341,1159.42,1026.7505869412996,4.192597861141705,1033.6702011703335,1036.2908847974709,1042.3076506192856,125.74979882966659,123.12911520252919,0.8915407713946054,0.8938011115880965,0.8989905734067771,10.845922860539456,10.619888841190352,0,0.0,0.0,0.0,0.0,3e-05,0.8882108652556163,129.61055860533338,1029.8094413946667,0.0,0.0055902463324801754,-6.481443402804189,6.481443402804189,0.0
Scenario Alpha,Case A - CUM,Truncated normal,Global Gaussian copula,0.5,CW,100000,3814.61147772621,4068.06,3814.6351885952586,23.545565465875573,3853.560312716003,3866.7299430707694,3886.3333480078304,214.499687283997,201.33005692923052,0.9472722409984128,0.9505095655105307,0.9553284238698128,5.272775900158725,4.949043448946931,0,0.0,0.0,0.0,0.0,3e-05,0.940309040908301,242.8264030425771,3825.233596957423,0.0,0.010200524602229644,-41.49634611334659,41.49634611334659,0.0
Scenario Alpha,Case A - CUM,Truncated normal,Global Gaussian copula,0.5,FW,100000,11172.36557800847,11734.66,11172.38928887752,23.545565465875576,11211.314412998261,11224.484043353028,11244.087448290089,523.3455870017387,510.1759566469718,0.95540172557179,0.9565240103550532,0.9581945662072944,4.459827442821,4.347598964494684,0,0.0,0.0,0.0,0.0,3e-05,0.9529877897816964,551.6723027603184,11182.98769723968,0.0,0.0035362205733567853,-41.49634611334659,41.49634611334841,0.0
Scenario Alpha,Case A - CUM,Truncated normal,Global Gaussian copula,0.5,HVAC,100000,1026.73344657341,1159.42,1026.7386635408802,5.761735170381495,1036.2730304300987,1039.4847530888835,1044.0726399522493,123.14696956990133,119.93524691111656,0.8937857121923881,0.8965558236781179,0.9005128770870343,10.621428780761184,10.344417632188211,0,0.0,0.0,0.0,0.0,3e-05,0.8882108652556163,129.61055860533338,1029.8094413946667,0.0,0.008344958422501603,-9.675311694216816,9.675311694216816,0.0
Scenario Alpha,Case A - CUM,Truncated normal,Global Gaussian copula,0.75,CW,100000,3814.61147772621,4068.06,3814.5065879837434,28.711185628691563,3861.889911393873,3876.026932640793,3888.659812927312,206.17008860612714,192.03306735920705,0.9493198014271846,0.9527949274693079,0.9559003094662596,5.068019857281533,4.720507253069204,0,0.0,0.0,0.0,0.0,3e-05,0.940309040908301,242.8264030425771,3825.233596957423,0.0,0.01248588656100691,-50.79333568337006,50.79333568337006,0.0
Scenario Alpha,Case A - CUM,Truncated normal,Global Gaussian copula,0.75,FW,100000,11172.36557800847,11734.66,11172.260688266,28.71118562869157,11219.644011676133,11233.781032923052,11246.413913209572,515.0159883238666,500.87896707694745,0.956111554290975,0.9573162778404362,0.9583928220510498,4.388844570902494,4.268372215956385,0,0.0,0.0,0.0,0.0,3e-05,0.9529877897816964,551.6723027603184,11182.98769723968,0.0,0.0043284880587397545,-50.79333568337097,50.79333568337279,0.0
Scenario Alpha,Case A - CUM,Truncated normal,Global Gaussian copula,0.75,HVAC,100000,1026.73344657341,1159.42,1026.7071038113102,7.004439957810197,1038.2910802743068,1041.7066728279715,1044.7679794781764,121.12891972569332,117.71332717202858,0.8955262806181596,0.8984722299321828,0.901112607578079,10.447371938184032,10.152777006781717,0,0.0,0.0,0.0,0.0,3e-05,0.8882108652556163,129.61055860533338,1029.8094413946667,0.0,0.010261364676566465,-11.897231433304796,11.897231433304796,0.0
Scenario Alpha,Case A - CUM,Truncated normal,Subsystem-block Gaussian copula,0.25,CW,100000,3814.61147772621,4068.06,3814.598071893297,13.705893358725046,3837.233737390687,3845.8573110606544,3865.033425363208,230.82626260931283,222.20268893934553,0.9432588844291104,0.9453787090310012,0.9500925319103475,5.674111557088953,5.462129096899887,0,0.0,0.0,0.0,0.0,3e-05,0.940309040908301,242.8264030425771,3825.233596957423,0.0,0.005069668122700155,-20.623714103231578,20.623714103231578,0.0
Scenario Alpha,Case A - CUM,Truncated normal,Subsystem-block Gaussian copula,0.25,FW,100000,11172.36557800847,11734.66,11172.352172175555,13.705893358725046,11194.987837672947,11203.611411342914,11222.787525645468,539.6721623270532,531.0485886570859,0.954010413396975,0.9547452939704187,0.9563794371243366,4.598958660302499,4.5254706029581255,0,0.0,0.0,0.0,0.0,3e-05,0.9529877897816964,551.6723027603184,11182.98769723968,0.0,0.0017575041887223364,-20.623714103232487,20.623714103234306,0.0
Scenario Alpha,Case A - CUM,Truncated normal,Subsystem-block Gaussian copula,0.25,HVAC,100000,1026.73344657341,1159.42,1026.7234440041036,4.190634100792293,1033.644482211492,1036.2481339383526,1041.6298445658388,125.77551778850807,123.1718660616475,0.891518588787059,0.8937642389628888,0.8984059655395272,10.848141121294102,10.623576103711123,0,0.0,0.0,0.0,0.0,3e-05,0.8882108652556163,129.61055860533338,1029.8094413946667,0.0,0.005553373707272491,-6.438692543685875,6.438692543685875,0.0
Scenario Alpha,Case A - CUM,Truncated normal,Subsystem-block Gaussian copula,0.5,CW,100000,3814.61147772621,4068.06,3814.6398523321695,18.820378843590532,3845.70756233819,3856.7365514928606,3878.0489300771187,222.35243766180974,211.32344850713935,0.9453418981868975,0.9480530158092213,0.9532919696555898,5.46581018131025,5.1946984190778736,0,0.0,0.0,0.0,0.0,3e-05,0.940309040908301,242.8264030425771,3825.233596957423,0.0,0.00774397490092027,-31.502954535437766,31.502954535437766,0.0
Scenario Alpha,Case A - CUM,Truncated normal,Subsystem-block Gaussian copula,0.5,FW,100000,11172.36557800847,11734.66,11172.393952614426,18.820378843590536,11203.46166262045,11214.49065177512,11235.803030359377,531.1983373795501,520.1693482248793,0.9547325327380981,0.9556723971359307,0.9574885876846349,4.5267467261901935,4.432760286406929,0,0.0,0.0,0.0,0.0,3e-05,0.9529877897816964,551.6723027603184,11182.98769723968,0.0,0.0026846073542342586,-31.50295453543913,31.50295453544095,0.0
Scenario Alpha,Case A - CUM,Truncated normal,Subsystem-block Gaussian copula,0.5,HVAC,100000,1026.73344657341,1159.42,1026.732002874252,5.773072138557462,1036.278073651217,1039.5307993712324,1044.3274737305578,123.14192634878304,119.88920062876764,0.8937900619716901,0.8965955386065726,0.9007326712757738,10.620993802830988,10.340446139342744,0,0.0,0.0,0.0,0.0,3e-05,0.8882108652556163,129.61055860533338,1029.8094413946667,0.0,0.008384673350956273,-9.721357976565741,9.721357976565741,0.0
Scenario Alpha,Case A - CUM,Truncated normal,Subsystem-block Gaussian copula,0.75,CW,100000,3814.61147772621,4068.06,3814.5579905502204,22.851246164748556,3852.2612279234045,3864.5308565455157,3884.9639846963923,215.79877207659547,203.52914345448426,0.9469529033306796,0.9499689917418906,0.9549918105181321,5.3047096669320375,5.003100825810933,0,0.0,0.0,0.0,0.0,3e-05,0.940309040908301,242.8264030425771,3825.233596957423,0.0,0.009659950833589614,-39.29725958809286,39.29725958809286,0.0
Scenario Alpha,Case A - CUM,Truncated normal,Subsystem-block Gaussian copula,0.75,FW,100000,11172.36557800847,11734.66,11172.312090832478,22.851246164748552,11210.015328205664,11222.284956827776,11242.718084978651,524.6446717943363,512.3750431722237,0.9552910206350813,0.9563366093971002,0.9580778723012555,4.470897936491865,4.3663390602899765,0,0.0,0.0,0.0,0.0,3e-05,0.9529877897816964,551.6723027603184,11182.98769723968,0.0,0.0033488196154037864,-39.297259588094676,39.297259588096495,0.0
Scenario Alpha,Case A - CUM,Truncated normal,Subsystem-block Gaussian copula,0.75,HVAC,100000,1026.73344657341,1159.42,1026.7173506342865,7.01285238791881,1038.3833783987495,1041.8028586941423,1044.7282101941164,121.03662160125054,117.61714130585779,0.8956058877703934,0.8985551902624952,0.9010783065620019,10.439411222960665,10.144480973750476,0,0.0,0.0,0.0,0.0,3e-05,0.8882108652556163,129.61055860533338,1029.8094413946667,0.0,0.010344325006878874,-11.993417299475595,11.993417299475595,0.0
Scenario Alpha,Case B - CMM + CUM,Triangular,Global Gaussian copula,0.25,CW,100000,3814.61147772621,4068.06,3814.41197137259,54.92874320748897,3904.6941231072774,3939.533566312744,4019.842602732954,163.36587689272255,128.52643368725603,0.9598418221725533,0.9684059640990408,0.9881473239659578,4.015817782744664,3.159403590095919,0,0.0,0.0,0.0,0.0,3e-05,0.9451982829716772,222.93667297423823,3845.1233270257617,0.0,0.0232076811273636,-94.4102392869822,94.41023928698223,0.0
Scenario Alpha,Case B - CMM + CUM,Triangular,Global Gaussian copula,0.25,FW,100000,11172.36557800847,11734.66,11172.166071654849,54.92874320748897,11262.448223389536,11297.287666595003,11377.596703015213,472.21177661046386,437.37233340499733,0.9597592280807059,0.9627281631163581,0.9695719094558525,4.024077191929411,3.7271836883641907,0,0.0,0.0,0.0,0.0,3e-05,0.9546827455851316,531.7825726919782,11202.877427308022,0.0,0.008045417531226562,-94.41023928698087,94.41023928698087,0.0
Scenario Alpha,Case B - CMM + CUM,Triangular,Global Gaussian copula,0.25,HVAC,100000,1026.73344657341,1159.42,1026.6687291161347,19.39716545902149,1058.59769427188,1070.8400557621394,1095.7270721047983,100.82230572812,88.57994423786067,0.9130407395696813,0.92359977899479,0.9450648359565974,8.695926043031859,7.640022100521008,0,0.0,0.0,0.0,0.0,3e-05,0.8954898581065659,121.17114871408536,1038.2488512859147,0.0,0.02810992088822406,-32.59120447622469,32.591204476224675,0.0
Scenario Alpha,Case B - CMM + CUM,Triangular,Global Gaussian copula,0.5,CW,100000,3814.61147772621,4068.06,3814.3503508686404,76.55291567947985,3941.040424163983,3983.9500111016832,4053.9107150770883,127.01957583601688,84.10998889831671,0.9687763760032997,0.9793242998140842,0.9965218593327257,3.1223623996700365,2.0675700185915824,0,0.0,0.0,0.0,0.0,3e-05,0.9451982829716772,222.93667297423823,3845.1233270257617,0.0,0.034126016842407014,-138.82668407592152,138.82668407592155,0.0
Scenario Alpha,Case B - CMM + CUM,Triangular,Global Gaussian copula,0.5,FW,100000,11172.36557800847,11734.66,11172.1044511509,76.55291567947985,11298.794524446243,11341.70411138394,11411.664815359347,435.8654755537573,392.9558886160594,0.9628565739822238,0.9665132275996016,0.9724751134979068,3.714342601777617,3.3486772400398426,0,0.0,0.0,0.0,0.0,3e-05,0.9546827455851316,531.7825726919782,11202.877427308022,0.0,0.011830482014470012,-138.82668407591882,138.82668407591882,0.0
Scenario Alpha,Case B - CMM + CUM,Triangular,Global Gaussian copula,0.5,HVAC,100000,1026.73344657341,1159.42,1026.669359275193,26.962072091540733,1071.200873898644,1086.3132171741988,1111.2768733070754,88.2191261013561,73.10678282580125,0.9239109847153265,0.9369453840490924,0.9584765428464882,7.608901528467345,6.3054615950907555,0,0.0,0.0,0.0,0.0,3e-05,0.8954898581065659,121.17114871408536,1038.2488512859147,0.0,0.04145552594252655,-48.064365888284115,48.0643658882841,0.0
Scenario Alpha,Case B - CMM + CUM,Triangular,Global Gaussian copula,0.75,CW,100000,3814.61147772621,4068.06,3814.7495039510886,93.38445074907992,3969.609993413395,4017.193051216835,4073.6586311889723,98.45000658660501,50.866948783164844,0.9757992737111535,0.9874960180569694,1.0013762410556808,2.420072628884653,1.2503981943030547,10,0.0001,0.01,3.802245697028641e-05,0.0001619775430297136,,0.9451982829716772,222.93667297423823,3845.1233270257617,0.0,0.04229773508529222,-172.0697241910734,172.06972419107342,0.01
Scenario Alpha,Case B - CMM + CUM,Triangular,Global Gaussian copula,0.75,FW,100000,11172.36557800847,11734.66,11172.503604233347,93.38445074907992,11327.364093695653,11374.947151499095,11431.412731471231,407.2959063043472,359.71284850090524,0.9652912051730219,0.9693461209356807,0.9741579842510334,3.4708794826978133,3.065387906431931,0,0.0,0.0,0.0,0.0,3e-05,0.9546827455851316,531.7825726919782,11202.877427308022,0.0,0.01466337535054918,-172.06972419107296,172.06972419107296,0.0
Scenario Alpha,Case B - CMM + CUM,Triangular,Global Gaussian copula,0.75,HVAC,100000,1026.73344657341,1159.42,1026.7864480480139,32.861874858583406,1081.3536765846802,1097.98019749097,1117.8671587796548,78.06632341531986,61.43980250902996,0.9326677792212315,0.9470081570880009,0.9641606654876186,6.733222077876857,5.299184291199906,0,0.0,0.0,0.0,0.0,3e-05,0.8954898581065659,121.17114871408536,1038.2488512859147,0.0,0.05151829898143501,-59.7313462050554,59.73134620505539,0.0
Scenario Alpha,Case B - CMM + CUM,Triangular,Subsystem-block Gaussian copula,0.25,CW,100000,3814.61147772621,4068.06,3814.7228834333037,41.153512068234754,3882.4388652095818,3908.8203150871864,3976.3751296867113,185.62113479041818,159.23968491281357,0.9543710921691376,0.9608561120256797,0.9774622620331832,4.562890783086242,3.9143887974320335,0,0.0,0.0,0.0,0.0,3e-05,0.9451982829716772,222.93667297423823,3845.1233270257617,0.0,0.01565782905400248,-63.69698806142466,63.69698806142469,0.0
Scenario Alpha,Case B - CMM + CUM,Triangular,Subsystem-block Gaussian copula,0.25,FW,100000,11172.36557800847,11734.66,11172.476983715564,41.153512068234754,11240.19296549184,11266.574415369445,11334.12922996897,494.4670345081595,468.0855846305549,0.9578626875846288,0.9601108524123788,0.9658677141024087,4.2137312415371175,3.9889147587621188,0,0.0,0.0,0.0,0.0,3e-05,0.9546827455851316,531.7825726919782,11202.877427308022,0.0,0.005428106827247259,-63.696988061423326,63.696988061423326,0.0
Scenario Alpha,Case B - CMM + CUM,Triangular,Subsystem-block Gaussian copula,0.25,HVAC,100000,1026.73344657341,1159.42,1026.7267791093536,19.39038944130645,1058.7586588051954,1070.9684821751475,1101.680697917397,100.66134119480466,88.45151782485254,0.9131795715143739,0.9237105468037013,0.9501998395037148,8.682042848562615,7.628945319629861,0,0.0,0.0,0.0,0.0,3e-05,0.8954898581065659,121.17114871408536,1038.2488512859147,0.0,0.028220688697135454,-32.71963088923282,32.7196308892328,0.0
Scenario Alpha,Case B - CMM + CUM,Triangular,Subsystem-block Gaussian copula,0.5,CW,100000,3814.61147772621,4068.06,3814.461460005868,56.86700647012592,3908.2224316041725,3942.65580775946,4017.7049266673366,159.83756839582747,125.40419224053994,0.9607091418524242,0.9691734654256476,0.9876218459578612,3.9290858147575864,3.082653457435238,0,0.0,0.0,0.0,0.0,3e-05,0.9451982829716772,222.93667297423823,3845.1233270257617,0.0,0.023975182453970456,-97.53248073369829,97.53248073369832,0.0
Scenario Alpha,Case B - CMM + CUM,Triangular,Subsystem-block Gaussian copula,0.5,FW,100000,11172.36557800847,11734.66,11172.215560288127,56.86700647012592,11265.976531886432,11300.40990804172,11375.459026949597,468.68346811356787,434.2500919582799,0.9600599021945614,0.9629942331556023,0.9693897417521766,3.9940097805438577,3.70057668443977,0,0.0,0.0,0.0,0.0,3e-05,0.9546827455851316,531.7825726919782,11202.877427308022,0.0,0.008311487570470732,-97.53248073369832,97.53248073369832,0.0
Scenario Alpha,Case B - CMM + CUM,Triangular,Subsystem-block Gaussian copula,0.5,HVAC,100000,1026.73344657341,1159.42,1026.5810910954478,27.043644910606343,1071.4683539863886,1086.7830010074224,1111.3763360856076,87.95164601361148,72.63699899257767,0.9241416863486817,0.937350572706545,0.9585623295144189,7.585831365131831,6.264942729345506,0,0.0,0.0,0.0,0.0,3e-05,0.8954898581065659,121.17114871408536,1038.2488512859147,0.0,0.04186071459997909,-48.53414972150769,48.534149721507674,0.0
Scenario Alpha,Case B - CMM + CUM,Triangular,Subsystem-block Gaussian copula,0.75,CW,100000,3814.61147772621,4068.06,3814.5932123419643,69.16623949895732,3928.642744269164,3969.8273372946405,4055.86406617622,139.41725573083613,98.23266270535942,0.965728810359032,0.9758527006225671,0.9970020270537358,3.4271189640967967,2.4147299377432834,0,0.0,0.0,0.0,0.0,3e-05,0.9451982829716772,222.93667297423823,3845.1233270257617,0.0,0.030654417650889942,-124.70401026887882,124.70401026887885,0.0
Scenario Alpha,Case B - CMM + CUM,Triangular,Subsystem-block Gaussian copula,0.75,FW,100000,11172.36557800847,11734.66,11172.34731262422,69.16623949895732,11286.396844551424,11327.581437576899,11413.61816645848,448.2631554485761,407.0785624231012,0.9618000729932886,0.9653097267050684,0.972641573463439,3.8199927006711403,3.4690273294931524,0,0.0,0.0,0.0,0.0,3e-05,0.9546827455851316,531.7825726919782,11202.877427308022,0.0,0.010626981119936874,-124.70401026887703,124.70401026887703,0.0
Scenario Alpha,Case B - CMM + CUM,Triangular,Subsystem-block Gaussian copula,0.75,HVAC,100000,1026.73344657341,1159.42,1026.639226122584,33.03219516981192,1081.4125721331707,1098.1618699479145,1117.9646261635241,78.0074278668294,61.25813005208556,0.9327185766445039,0.9471648496212887,0.9642447311272223,6.728142335549619,5.283515037871139,0,0.0,0.0,0.0,0.0,3e-05,0.8954898581065659,121.17114871408536,1038.2488512859147,0.0,0.05167499151472277,-59.9130186619998,59.913018661999786,0.0
Scenario Alpha,Case B - CMM + CUM,Truncated normal,Global Gaussian copula,0.25,CW,100000,3814.61147772621,4068.06,3814.537359601074,59.58853970158911,3912.7267912350844,3949.2889048851857,4034.613611366395,155.33320876491553,118.77109511481422,0.9618163919005827,0.9708039962255193,0.9917782951496279,3.8183608099417294,2.9196003774480768,0,0.0,0.0,0.0,0.0,3e-05,0.9458582676295294,220.2518157870172,3847.808184212983,0.0,0.02494572859598987,-101.48072067220298,101.48072067220255,0.0
Scenario Alpha,Case B - CMM + CUM,Truncated normal,Global Gaussian copula,0.25,FW,100000,11172.36557800847,11734.66,11172.291459883332,59.58853970158912,11270.480891517343,11307.043005167445,11392.367711648654,464.1791084826564,427.61699483255506,0.9604437530799651,0.9635594900207969,0.9708306599124861,3.955624692003487,3.644050997920307,0,0.0,0.0,0.0,0.0,3e-05,0.9549115427711788,529.0977155047585,11205.56228449524,0.0,0.008647947249618038,-101.48072067220346,101.48072067220528,0.0
Scenario Alpha,Case B - CMM + CUM,Truncated normal,Global Gaussian copula,0.25,HVAC,100000,1026.73344657341,1159.42,1026.6841465812702,21.063626565796817,1061.3664784630537,1074.3343027194253,1103.2905088877758,98.05352153694639,85.08569728057478,0.9154288165315879,0.9266135677488962,0.951588301812782,8.457118346841213,7.33864322511038,0,0.0,0.0,0.0,0.0,3e-05,0.8962727795515579,120.2634139323327,1039.1565860676674,0.0,0.03034078819733832,-35.17771665175792,35.17771665175792,0.0
Scenario Alpha,Case B - CMM + CUM,Truncated normal,Global Gaussian copula,0.5,CW,100000,3814.61147772621,4068.06,3814.563799466512,83.36867881206238,3952.359941161132,3997.8178214380987,4068.626859989804,115.70005883886779,70.24217856190126,0.9715589104293281,0.9827332491256517,1.000139344058299,2.8441089570671965,1.7266750874348278,2,2e-05,0.002,0.0,4.77183086352685e-05,,0.9458582676295294,220.2518157870172,3847.808184212983,0.0,0.03687498149612234,-150.00963722511594,150.0096372251155,0.002
Scenario Alpha,Case B - CMM + CUM,Truncated normal,Global Gaussian copula,0.5,FW,100000,11172.36557800847,11734.66,11172.31789974877,83.36867881206238,11310.114041443392,11355.571921720359,11426.380960272063,424.54595855660773,379.0880782796412,0.9638211964763693,0.9676950096313279,0.9737291885978855,3.6178803523630654,3.2304990368672057,0,0.0,0.0,0.0,0.0,3e-05,0.9549115427711788,529.0977155047585,11205.56228449524,0.0,0.012783466860149084,-150.00963722511733,150.00963722511915,0.0
Scenario Alpha,Case B - CMM + CUM,Truncated normal,Global Gaussian copula,0.5,HVAC,100000,1026.73344657341,1159.42,1026.6881589391842,29.363716840477107,1075.260311229227,1091.455807291398,1115.7005305052835,84.15968877077307,67.96419270860201,0.9274122502882708,0.9413808691340481,0.962291948133794,7.25877497117292,5.8619130865951945,0,0.0,0.0,0.0,0.0,3e-05,0.8962727795515579,120.2634139323327,1039.1565860676674,0.0,0.04510808958249013,-52.29922122373068,52.29922122373068,0.0
Scenario Alpha,Case B - CMM + CUM,Truncated normal,Global Gaussian copula,0.75,CW,100000,3814.61147772621,4068.06,3814.340906352244,101.90445033107207,3984.70304822895,4033.893686909484,4078.44819273959,83.35695177104981,34.166313090515814,0.9795094094553547,0.9916013251794428,1.0025535987029666,2.0490590544645313,0.8398674820557173,68,0.00068,0.068,0.0005184292215727114,0.0008415707784272887,,0.9458582676295294,220.2518157870172,3847.808184212983,0.0,0.04574305754991337,-186.08550269650138,186.08550269650095,0.068
Scenario Alpha,Case B - CMM + CUM,Truncated normal,Global Gaussian copula,0.75,FW,100000,11172.36557800847,11734.66,11172.095006634503,101.90445033107207,11342.457148511208,11391.647787191743,11436.202293021848,392.20285148879157,343.01221280825666,0.9665773996444046,0.9707693096512164,0.9745661393701947,3.3422600355595438,2.9230690348783575,0,0.0,0.0,0.0,0.0,3e-05,0.9549115427711788,529.0977155047585,11205.56228449524,0.0,0.015857766880037594,-186.08550269650186,186.08550269650368,0.0
Scenario Alpha,Case B - CMM + CUM,Truncated normal,Global Gaussian copula,0.75,HVAC,100000,1026.73344657341,1159.42,1026.6439485245057,35.85150600415727,1086.4644223091004,1103.8531530239898,1119.510579022933,72.95557769089964,55.56684697601031,0.9370757985105487,0.9520735825015867,0.9655781158018085,6.292420148945131,4.7926417498413265,0,0.0,0.0,0.0,0.0,3e-05,0.8962727795515579,120.2634139323327,1039.1565860676674,0.0,0.05580080295002876,-64.69656695632239,64.69656695632239,0.0
Scenario Alpha,Case B - CMM + CUM,Truncated normal,Subsystem-block Gaussian copula,0.25,CW,100000,3814.61147772621,4068.06,3814.569598110489,44.769532468400804,3888.396387835874,3917.033962935714,4001.466265945683,179.66361216412588,151.0260370642859,0.9558355549908001,0.9628751697211236,0.9836301003293174,4.416444500919994,3.712483027887639,0,0.0,0.0,0.0,0.0,3e-05,0.9458582676295294,220.2518157870172,3847.808184212983,0.0,0.017016902091594233,-69.22577872273129,69.22577872273087,0.0
Scenario Alpha,Case B - CMM + CUM,Truncated normal,Subsystem-block Gaussian copula,0.25,FW,100000,11172.36557800847,11734.66,11172.323698392747,44.769532468400804,11246.150488118134,11274.788063217973,11359.220366227943,488.5095118818663,459.87193678202675,0.9583703735871456,0.9608108000758414,0.9680059214521718,4.162962641285442,3.918919992415858,0,0.0,0.0,0.0,0.0,3e-05,0.9549115427711788,529.0977155047585,11205.56228449524,0.0,0.005899257304662564,-69.22577872273177,69.2257787227336,0.0
Scenario Alpha,Case B - CMM + CUM,Truncated normal,Subsystem-block Gaussian copula,0.25,HVAC,100000,1026.73344657341,1159.42,1026.6942711134463,21.06376291306545,1061.3541326018267,1074.5324167151339,1103.150571803687,98.0658673981734,84.8875832848662,0.9154181682236175,0.9267844411129131,0.9514676060475814,8.458183177638249,7.321555888708681,0,0.0,0.0,0.0,0.0,3e-05,0.8962727795515579,120.2634139323327,1039.1565860676674,0.0,0.030511661561355208,-35.3758306474665,35.3758306474665,0.0
Scenario Alpha,Case B - CMM + CUM,Truncated normal,Subsystem-block Gaussian copula,0.5,CW,100000,3814.61147772621,4068.06,3814.6689970439547,62.03849851313136,3916.8406467286354,3955.248092634428,4043.7826987415956,151.21935327136453,112.8119073655721,0.9628276492305019,0.9722688683634036,0.9940322165212891,3.7172350769498124,2.773113163659634,0,0.0,0.0,0.0,0.0,3e-05,0.9458582676295294,220.2518157870172,3847.808184212983,0.0,0.026410600733874245,-107.4399084214451,107.43990842144467,0.0
Scenario Alpha,Case B - CMM + CUM,Truncated normal,Subsystem-block Gaussian copula,0.5,FW,100000,11172.36557800847,11734.66,11172.423097326217,62.03849851313135,11274.594747010895,11313.002192916687,11401.536799023856,460.0652529891049,421.65780708331295,0.9607943261254178,0.9640673179211573,0.9716120278750178,3.9205673874582216,3.593268207884276,0,0.0,0.0,0.0,0.0,3e-05,0.9549115427711788,529.0977155047585,11205.56228449524,0.0,0.009155775149978451,-107.43990842144558,107.4399084214474,0.0
Scenario Alpha,Case B - CMM + CUM,Truncated normal,Subsystem-block Gaussian copula,0.5,HVAC,100000,1026.73344657341,1159.42,1026.7697141291771,29.417680886010007,1075.5255257064978,1091.8831384541884,1116.4871681428378,83.8944742935023,67.53686154581169,0.9276409978321037,0.941749442354098,0.9629704232658034,7.235900216789627,5.825055764590199,0,0.0,0.0,0.0,0.0,3e-05,0.8962727795515579,120.2634139323327,1039.1565860676674,0.0,0.045476662802540035,-52.72655238652101,52.72655238652101,0.0
Scenario Alpha,Case B - CMM + CUM,Truncated normal,Subsystem-block Gaussian copula,0.75,CW,100000,3814.61147772621,4068.06,3814.6824027905977,75.12303854536337,3938.4484612231395,3981.1777270678804,4067.243804599816,129.61153877686047,86.88227293211958,0.9681392263691144,0.9786428241146592,0.9997993649552406,3.18607736308856,2.135717588534082,0,0.0,0.0,0.0,0.0,3e-05,0.9458582676295294,220.2518157870172,3847.808184212983,0.0,0.03278455648512979,-133.36954285489762,133.3695428548972,0.0
Scenario Alpha,Case B - CMM + CUM,Truncated normal,Subsystem-block Gaussian copula,0.75,FW,100000,11172.36557800847,11734.66,11172.436503072853,75.12303854536336,11296.202561505399,11338.93182735014,11424.997904882075,438.45743849460086,395.7281726498604,0.9626356930243739,0.9662769801042501,0.9736113278852626,3.736430697562613,3.3723019895749893,0,0.0,0.0,0.0,0.0,3e-05,0.9549115427711788,529.0977155047585,11205.56228449524,0.0,0.011365437333071271,-133.3695428548981,133.36954285489992,0.0
Scenario Alpha,Case B - CMM + CUM,Truncated normal,Subsystem-block Gaussian copula,0.75,HVAC,100000,1026.73344657341,1159.42,1026.7097641773776,35.75391749917662,1085.8272198712473,1103.7237813983165,1119.4705611956012,73.59278012875279,55.69621860168354,0.9365262112705035,0.9519619994465478,0.9655436004171061,6.347378872949647,4.803800055345219,0,0.0,0.0,0.0,0.0,3e-05,0.8962727795515579,120.2634139323327,1039.1565860676674,0.0,0.05568921989498987,-64.56719533064916,64.56719533064916,0.0
Scenario Alpha,Case C - CMM + CUM + DBM + IGM,Triangular,Global Gaussian copula,0.25,CW,100000,3814.61147772621,4068.06,3814.7582759846096,80.99033751426211,3948.152409208619,3999.0679770524835,4119.375055992006,119.90759079138115,68.99202294751649,0.9705246257942652,0.9830405591491973,1.0126141344994928,2.9475374205734712,1.6959440850802716,31,0.00031,0.031,0.00020088873466777137,0.00041911126533222863,,0.9493639788340292,205.9903722644389,3862.069627735561,0.0,0.03367658031516807,-136.9983493169224,136.99834931692249,0.031
Scenario Alpha,Case C - CMM + CUM + DBM + IGM,Triangular,Global Gaussian copula,0.25,FW,100000,11172.36557800847,11734.66,11172.844465922639,220.6313876423733,11536.760720296457,11669.495728646216,11948.390581283129,197.89927970354256,65.16427135378399,0.9831354909555503,0.994446854757293,1.0182136151608252,1.6864509044449738,0.5553145242706989,374,0.00374,0.374,0.0033616635196569065,0.004118336480343094,,0.9755441991721296,286.9805077427809,11447.67949225722,0.0,0.018902655585163353,-221.8162363889969,221.8162363889951,0.374
Scenario Alpha,Case C - CMM + CUM + DBM + IGM,Triangular,Global Gaussian copula,0.25,HVAC,100000,1026.73344657341,1159.42,1026.779797669398,27.80261168986072,1072.664675073581,1090.116852591298,1128.8437857227232,86.75532492641901,69.30314740870199,0.925173513544342,0.9402260204164996,0.9736280085928508,7.482648645565801,5.977397958350036,0,0.0,0.0,0.0,0.0,3e-05,0.8995700945257704,116.44044100493124,1042.9795589950688,0.0,0.040655925890729194,-47.137293596229256,47.137293596229256,0.0
Scenario Alpha,Case C - CMM + CUM + DBM + IGM,Triangular,Global Gaussian copula,0.5,CW,100000,3814.61147772621,4068.06,3814.6026790690066,112.33914521378169,4001.135285289011,4063.8538782103283,4166.478216081141,66.92471471098906,4.20612178967167,0.9835487395193313,0.998966062007524,1.0241929116289192,1.6451260480668688,0.10339379924759393,862,0.00862,0.8619999999999999,0.008047032773913202,0.009192967226086797,,0.9493639788340292,205.9903722644389,3862.069627735561,0.0,0.04960208317349479,-201.78425047476722,201.7842504747673,0.8619999999999999
Scenario Alpha,Case C - CMM + CUM + DBM + IGM,Triangular,Global Gaussian copula,0.5,FW,100000,11172.36557800847,11734.66,11172.563349890408,286.731369619448,11647.183303753794,11806.398060688418,12061.65650723566,87.47669624620539,-71.73806068841805,0.9925454426249926,1.00611334803807,1.0278658697598106,0.745455737500749,-0.611334803806996,2262,0.02262,2.262,0.021698417762535758,0.023541582237464245,,0.9755441991721296,286.9805077427809,11447.67949225722,0.0,0.03056914886594031,-358.71856843119895,358.7185684311971,2.262
Scenario Alpha,Case C - CMM + CUM + DBM + IGM,Triangular,Global Gaussian copula,0.5,HVAC,100000,1026.73344657341,1159.42,1026.7561021775934,38.60363114560867,1090.5054639972213,1112.5066429680314,1145.9764595376246,68.91453600277873,46.913357031968644,0.9405611978379028,0.9595372194442319,0.988404943452437,5.9438802162097195,4.04627805557681,0,0.0,0.0,0.0,0.0,3e-05,0.8995700945257704,116.44044100493124,1042.9795589950688,0.0,0.059967124918461456,-69.5270839729626,69.5270839729626,0.0
Scenario Alpha,Case C - CMM + CUM + DBM + IGM,Triangular,Global Gaussian copula,0.75,CW,100000,3814.61147772621,4068.06,3814.0704414204674,136.72878782280077,4041.270242403051,4109.36675546593,4194.255990626458,26.78975759694913,-41.306755465929655,0.9934146109946881,1.0101539199190597,1.0310211724080909,0.6585389005311901,-1.0153919919059613,2947,0.02947,2.947,0.028421784393483095,0.030518215606516904,,0.9493639788340292,205.9903722644389,3862.069627735561,0.0,0.06078994108503044,-247.29712773036854,247.29712773036863,2.947
Scenario Alpha,Case C - CMM + CUM + DBM + IGM,Triangular,Global Gaussian copula,0.75,FW,100000,11172.36557800847,11734.66,11170.991830237796,340.5781377621276,11736.661523474404,11901.723648172905,12109.625523402246,-2.0015234744041663,-167.06364817290523,1.0001705651015371,1.0142367693800165,1.031953675982282,-0.01705651015371699,-1.4236769380016567,5077,0.05077,5.077,0.04940935327466914,0.05213064672533087,,0.9755441991721296,286.9805077427809,11447.67949225722,0.0,0.038692570207886856,-454.04415591568613,454.0441559156843,5.077
Scenario Alpha,Case C - CMM + CUM + DBM + IGM,Triangular,Global Gaussian copula,0.75,HVAC,100000,1026.73344657341,1159.42,1026.5477668394976,46.98185893765682,1104.571329933415,1127.97351658869,1157.3058132373253,54.8486700665851,31.446483411310055,0.9526930102408229,0.9728774012770954,0.9981765134613214,4.730698975917709,2.7122598722904603,0,0.0,0.0,0.0,0.0,3e-05,0.8995700945257704,116.44044100493124,1042.9795589950688,0.0,0.07330730675132502,-84.99395759362119,84.99395759362119,0.0
Scenario Alpha,Case C - CMM + CUM + DBM + IGM,Triangular,Subsystem-block Gaussian copula,0.25,CW,100000,3814.61147772621,4068.06,3814.560283780293,60.720877883169145,3914.554746976608,3952.7319935174737,4073.5088916089107,153.50525302339202,115.32800648252623,0.9622657352587248,0.9716503673784246,1.0013394324589389,3.7734264741275205,2.8349632621575456,1,1e-05,0.001,0.0,2.9599901999754997e-05,,0.9493639788340292,205.9903722644389,3862.069627735561,0.0,0.022286388544395352,-90.66236578191265,90.66236578191274,0.001
Scenario Alpha,Case C - CMM + CUM + DBM + IGM,Triangular,Subsystem-block Gaussian copula,0.25,FW,100000,11172.36557800847,11734.66,11172.079376770414,166.25216451720502,11446.811439160849,11547.651324628887,11764.83129970767,287.8485608391511,187.008675371113,0.9754702257381849,0.98406356252579,1.0025711268760809,2.4529774261815094,1.5936437474209988,4,4e-05,0.004,8.007840078401611e-07,7.919921599215985e-05,,0.9755441991721296,286.9805077427809,11447.67949225722,0.0,0.008519363353660325,-99.97183237166792,99.9718323716661,0.004
Scenario Alpha,Case C - CMM + CUM + DBM + IGM,Triangular,Subsystem-block Gaussian copula,0.25,HVAC,100000,1026.73344657341,1159.42,1026.8420018859279,27.669980262829984,1072.4176459505272,1089.917571578099,1144.4457337499368,87.00235404947284,69.50242842190119,0.9249604508724424,0.9400541404996453,0.9870846921304935,7.50395491275576,5.994585950035464,0,0.0,0.0,0.0,0.0,3e-05,0.8995700945257704,116.44044100493124,1042.9795589950688,0.0,0.040484045973874894,-46.93801258303006,46.93801258303006,0.0
Scenario Alpha,Case C - CMM + CUM + DBM + IGM,Triangular,Subsystem-block Gaussian copula,0.5,CW,100000,3814.61147772621,4068.06,3814.7636944779406,83.9274644386376,3952.4145600619854,4004.1602799519906,4127.207335329848,115.64543993801453,63.899720048009385,0.9715723367064364,0.984292335892782,1.0145394451728462,2.842766329356365,1.5707664107218033,39,0.00039,0.039,0.0002676219099413625,0.0005123780900586375,,0.9493639788340292,205.9903722644389,3862.069627735561,0.0,0.034928357058752746,-142.0906522164295,142.0906522164296,0.039
Scenario Alpha,Case C - CMM + CUM + DBM + IGM,Triangular,Subsystem-block Gaussian copula,0.5,FW,100000,11172.36557800847,11734.66,11172.076530765591,201.36376727152378,11504.422603552113,11623.161437791641,11864.149820503953,230.23739644788657,111.49856220835863,0.9803797130510908,0.9904983559635849,1.0110348165608507,1.9620286948909178,0.9501644036415084,101,0.00101,0.101,0.000813121936624722,0.001206878063375278,,0.9755441991721296,286.9805077427809,11447.67949225722,0.0,0.014954156791455286,-175.48194553442227,175.48194553442045,0.101
Scenario Alpha,Case C - CMM + CUM + DBM + IGM,Triangular,Subsystem-block Gaussian copula,0.5,HVAC,100000,1026.73344657341,1159.42,1026.9938073925596,38.48085285149206,1090.483444575486,1112.4335145409366,1150.8223331017425,68.93655542451415,46.98648545906349,0.9405422060819081,0.9594741461600943,0.9925845104463805,5.945779391809193,4.052585383990571,0,0.0,0.0,0.0,0.0,3e-05,0.8995700945257704,116.44044100493124,1042.9795589950688,0.0,0.059904051634323885,-69.45395554586776,69.45395554586776,0.0
Scenario Alpha,Case C - CMM + CUM + DBM + IGM,Triangular,Subsystem-block Gaussian copula,0.75,CW,100000,3814.61147772621,4068.06,3814.760530375365,101.55237592931528,3982.4495579568215,4040.4075014788923,4155.235443863598,85.61044204317841,27.652498521107646,0.9789554622982015,0.9932025342494684,1.0214292424063556,2.10445377017985,0.6797465750531616,376,0.00376,0.376,0.0033806570813124355,0.004139342918687564,,0.9493639788340292,205.9903722644389,3862.069627735561,0.0,0.04383855541543913,-178.33787374333124,178.33787374333133,0.376
Scenario Alpha,Case C - CMM + CUM + DBM + IGM,Triangular,Subsystem-block Gaussian copula,0.75,FW,100000,11172.36557800847,11734.66,11173.02442165888,231.13170628110637,11553.96062679355,11683.93335336316,11951.842186248938,180.6993732064493,50.72664663684009,0.9846012263494256,0.995677195024241,1.0185077527809872,1.5398773650574393,0.4322804975758998,446,0.00446,0.44600000000000006,0.004046997331371334,0.004873002668628667,,0.9755441991721296,286.9805077427809,11447.67949225722,0.0,0.02013299585211137,-236.2538611059408,236.253861105939,0.44600000000000006
Scenario Alpha,Case C - CMM + CUM + DBM + IGM,Triangular,Subsystem-block Gaussian copula,0.75,HVAC,100000,1026.73344657341,1159.42,1026.5607205633537,46.91601424140723,1104.733800532677,1128.8100245523829,1156.0430115694421,54.68619946732315,30.609975447617217,0.9528331411677191,0.9735988895761526,0.9970873467504805,4.7166858832280925,2.640111042384745,0,0.0,0.0,0.0,0.0,3e-05,0.8995700945257704,116.44044100493124,1042.9795589950688,0.0,0.07402879505038218,-85.83046555731403,85.83046555731403,0.0
Scenario Alpha,Case C - CMM + CUM + DBM + IGM,Truncated normal,Global Gaussian copula,0.25,CW,100000,3814.61147772621,4068.06,3814.4880495736475,87.57313123518806,3958.1750050682735,4013.1032014199336,4114.65554258514,109.8849949317264,54.956798580066334,0.9729883544166688,0.9864906617453857,1.0114539959059454,2.701164558333122,1.350933825461432,90,0.0009,0.09,0.0007141417662840841,0.0010858582337159159,,0.950433344974472,201.64012664314944,3866.4198733568505,0.0,0.03605731677091373,-146.6833280630831,146.68332806308308,0.09
Scenario Alpha,Case C - CMM + CUM + DBM + IGM,Truncated normal,Global Gaussian copula,0.25,FW,100000,11172.36557800847,11734.66,11172.147981574579,239.41002586737181,11567.627858838445,11708.421157614694,11988.829981524595,167.03214116155505,26.23884238530627,0.9857659155730498,0.9977639878458083,1.021659765304201,1.4234084426950167,0.22360121541916228,685,0.00685,0.685,0.006338778888112003,0.007361221111887997,,0.9775723177068668,263.1812262979365,11471.478773702063,0.0,0.02019167013894152,-236.94238391263025,236.94238391263025,0.685
Scenario Alpha,Case C - CMM + CUM + DBM + IGM,Truncated normal,Global Gaussian copula,0.25,HVAC,100000,1026.73344657341,1159.42,1026.6776634577625,30.130349604822477,1076.166365909576,1094.638407326404,1135.7106852114327,83.25363409042416,64.78159267359615,0.9281937226454399,0.9441258623504889,0.9795507108825384,7.180627735456017,5.587413764951108,0,0.0,0.0,0.0,0.0,3e-05,0.9008438456358456,114.96362849288788,1044.4563715071122,0.0,0.04328201671464327,-50.18203581929173,50.18203581929174,0.0
Scenario Alpha,Case C - CMM + CUM + DBM + IGM,Truncated normal,Global Gaussian copula,0.5,CW,100000,3814.61147772621,4068.06,3814.8271021295036,122.03490290841098,4016.7595359388047,4085.5261585949775,4193.557033242557,51.30046406119527,-17.466158594977514,0.9873894524512433,1.0042934859847144,1.030849356509628,1.2610547548756723,-0.42934859847144624,1620,0.0162,1.6199999999999999,0.015417531275410958,0.01698246872458904,,0.950433344974472,201.64012664314944,3866.4198733568505,0.0,0.05386014101024239,-219.10628523812696,219.10628523812693,1.6199999999999999
Scenario Alpha,Case C - CMM + CUM + DBM + IGM,Truncated normal,Global Gaussian copula,0.5,FW,100000,11172.36557800847,11734.66,11172.742662957275,311.3243616367599,11687.227947059653,11859.825388893574,12089.338858203895,47.43205294034669,-125.16538889357435,0.9959579525149986,1.0106662987162451,1.0302248943048964,0.40420474850014143,-1.0666298716245237,3457,0.03457,3.457,0.03343768787938943,0.03570231212061056,,0.9775723177068668,263.1812262979365,11471.478773702063,0.0,0.033093981009378326,-388.34661519151086,388.34661519151086,3.457
Scenario Alpha,Case C - CMM + CUM + DBM + IGM,Truncated normal,Global Gaussian copula,0.5,HVAC,100000,1026.73344657341,1159.42,1026.7975396757768,41.92996309887657,1096.1191361871558,1119.6675971059285,1156.736583814898,63.30086381284423,39.752402894071565,0.9454029913121696,0.9657135439322493,0.9976855529617378,5.459700868783032,3.428645606775074,0,0.0,0.0,0.0,0.0,3e-05,0.9008438456358456,114.96362849288788,1044.4563715071122,0.0,0.06486969829640366,-75.21122559881631,75.21122559881633,0.0
Scenario Alpha,Case C - CMM + CUM + DBM + IGM,Truncated normal,Global Gaussian copula,0.75,CW,100000,3814.61147772621,4068.06,3814.5807577783735,148.9778856427051,4061.982410144298,4135.878854975619,4200.414508052633,6.077589855702172,-67.81885497561916,0.998506022562179,1.0166710557306478,1.0325350432522218,0.14939774378210186,-1.6671055730647817,4488,0.04488,4.488,0.043596749432258226,0.04616325056774178,,0.950433344974472,201.64012664314944,3866.4198733568505,0.0,0.0662377107561758,-269.4589816187686,269.4589816187686,4.488
Scenario Alpha,Case C - CMM + CUM + DBM + IGM,Truncated normal,Global Gaussian copula,0.75,FW,100000,11172.36557800847,11734.66,11172.424726150797,370.80048987520206,11787.742944130752,11971.81981083934,12120.260880144451,-53.08294413075237,-237.15981083934093,1.0045236030810225,1.0202101987479264,1.0328599959559503,-0.4523603081022575,-2.021019874792631,6942,0.06942,6.941999999999999,0.06784465661646179,0.0709953433835382,,0.9775723177068668,263.1812262979365,11471.478773702063,0.0,0.04263788104105959,-500.34103713727745,500.34103713727745,6.941999999999999
Scenario Alpha,Case C - CMM + CUM + DBM + IGM,Truncated normal,Global Gaussian copula,0.75,HVAC,100000,1026.73344657341,1159.42,1026.7355664312095,51.19897830968463,1111.6734861153748,1136.9346470507703,1159.330869830673,47.7465138846253,22.485352949229764,0.9588186214791661,0.9806063782328839,0.9999231252097367,4.118137852083395,1.9393621767116114,0,0.0,0.0,0.0,0.0,3e-05,0.9008438456358456,114.96362849288788,1044.4563715071122,0.0,0.07976253259703825,-92.47827554365811,92.47827554365813,0.0
Scenario Alpha,Case C - CMM + CUM + DBM + IGM,Truncated normal,Subsystem-block Gaussian copula,0.25,CW,100000,3814.61147772621,4068.06,3814.248387380009,66.11472353750315,3923.0939427803787,3964.9543997696433,4082.709968334424,144.96605721962123,103.10560023035669,0.9643648183115241,0.9746548477086482,1.0036012173700546,3.563518168847589,2.5345152291351822,2,2e-05,0.002,0.0,4.77183086352685e-05,,0.950433344974472,201.64012664314944,3866.4198733568505,0.0,0.024221502734176226,-98.53452641279276,98.53452641279273,0.002
Scenario Alpha,Case C - CMM + CUM + DBM + IGM,Truncated normal,Subsystem-block Gaussian copula,0.25,FW,100000,11172.36557800847,11734.66,11172.308195184769,180.41487881946603,11468.734747194532,11579.624849426365,11858.524779656675,265.9252528054676,155.03515057363438,0.9773384782511408,0.9867882707659502,1.010555463869995,2.266152174885916,1.3211729234049763,25,0.00025,0.025,0.00015201225076572072,0.0003479877492342793,,0.9775723177068668,263.1812262979365,11471.478773702063,0.0,0.009215953059083404,-108.14607572430214,108.14607572430214,0.025
Scenario Alpha,Case C - CMM + CUM + DBM + IGM,Truncated normal,Subsystem-block Gaussian copula,0.25,HVAC,100000,1026.73344657341,1159.42,1026.6496336329878,30.08113291707382,1076.4395085543729,1095.344098153193,1142.2551679888522,82.9804914456272,64.07590184680703,0.9284293082354736,0.9447345208407592,0.9851953286892171,7.157069176452639,5.526547915924085,0,0.0,0.0,0.0,0.0,3e-05,0.9008438456358456,114.96362849288788,1044.4563715071122,0.0,0.04389067520491352,-50.88772664608085,50.887726646080864,0.0
Scenario Alpha,Case C - CMM + CUM + DBM + IGM,Truncated normal,Subsystem-block Gaussian copula,0.5,CW,100000,3814.61147772621,4068.06,3814.25801853834,91.04386715159443,3963.417387402015,4019.990469708844,4156.875245167221,104.64261259798513,48.06953029115584,0.9742770232990701,0.9881836722439797,1.0218323341266404,2.572297670092996,1.1816327756020275,136,0.00136,0.136,0.0011315821684578895,0.0015884178315421107,,0.950433344974472,201.64012664314944,3866.4198733568505,0.0,0.03775032726950778,-153.5705963519936,153.57059635199357,0.136
Scenario Alpha,Case C - CMM + CUM + DBM + IGM,Truncated normal,Subsystem-block Gaussian copula,0.5,FW,100000,11172.36557800847,11734.66,11171.395595535741,218.9208617583846,11531.341934089396,11658.079223942452,11885.00141087366,203.31806591060376,76.58077605754806,0.9826737147978208,0.9934739671999403,1.0128117398266043,1.7326285202179166,0.6526032800059658,260,0.0026,0.26,0.0022843706163235113,0.0029156293836764885,,0.9775723177068668,263.1812262979365,11471.478773702063,0.0,0.01590164949307349,-186.60045024038845,186.60045024038845,0.26
Scenario Alpha,Case C - CMM + CUM + DBM + IGM,Truncated normal,Subsystem-block Gaussian copula,0.5,HVAC,100000,1026.73344657341,1159.42,1026.5432305745871,41.87047641335929,1095.9454040165213,1119.242779927004,1154.4343618418272,63.47459598347882,40.17722007299608,0.9452531472775363,0.9653471390238256,0.9956998860135474,5.474685272246366,3.465286097617436,0,0.0,0.0,0.0,0.0,3e-05,0.9008438456358456,114.96362849288788,1044.4563715071122,0.0,0.06450329338798,-74.7864084198918,74.78640841989181,0.0
Scenario Alpha,Case C - CMM + CUM + DBM + IGM,Truncated normal,Subsystem-block Gaussian copula,0.75,CW,100000,3814.61147772621,4068.06,3814.7085725927955,110.3975615681107,3996.4876910425073,4059.6393337757327,4175.497685171441,71.57230895749262,8.42066622426728,0.9824062799079923,0.9979300535822315,1.0264100542203018,1.7593720092007645,0.2069946417768489,758,0.00758,0.758,0.007042425786576774,0.008117574213423226,,0.950433344974472,201.64012664314944,3866.4198733568505,0.0,0.047496708607759563,-193.21946041888216,193.21946041888214,0.758
Scenario Alpha,Case C - CMM + CUM + DBM + IGM,Truncated normal,Subsystem-block Gaussian copula,0.75,FW,100000,11172.36557800847,11734.66,11173.248597898486,251.84516004777848,11589.538635823621,11726.986044520421,11997.620298805028,145.12136417637885,7.673955479578581,0.9876331002196588,0.999346043645101,1.0224088553741675,1.2366899780341216,0.06539563548989559,902,0.00902,0.902,0.00843400786790811,0.00960599213209189,,0.9775723177068668,263.1812262979365,11471.478773702063,0.0,0.021773725938234234,-255.50727081835794,255.50727081835794,0.902
Scenario Alpha,Case C - CMM + CUM + DBM + IGM,Truncated normal,Subsystem-block Gaussian copula,0.75,HVAC,100000,1026.73344657341,1159.42,1026.880618084562,51.02859074072716,1111.6788926311106,1136.4377545204225,1159.1254327604195,47.741107368889516,22.982245479577614,0.958823284600154,0.9801778083183164,0.9997459356923456,4.117671539984605,1.9822191681683612,0,0.0,0.0,0.0,0.0,3e-05,0.9008438456358456,114.96362849288788,1044.4563715071122,0.0,0.07933396268247073,-91.98138301331026,91.98138301331028,0.0
Scenario Bravo,Case A - CUM,Triangular,Global Gaussian copula,0.25,CW,100000,1256.6386696681602,1392.08,1256.5642437477875,10.416769824440571,1273.7658124329234,1280.1956356662984,1296.5967749176862,118.31418756707649,111.88436433370157,0.9150090601351384,0.9196279205694345,0.9314096710804596,8.499093986486157,8.037207943056547,0,0.0,0.0,0.0,0.0,3e-05,0.9082237558725664,127.75987392491788,1264.320126075082,0.0,0.011404164696868113,-15.875509591216314,15.875509591216314,0.0
Scenario Bravo,Case A - CUM,Triangular,Global Gaussian copula,0.25,FW,100000,4636.317392640301,4871.78,4636.242966719928,10.416769824440571,4653.444535405063,4659.874358638437,4676.275497889826,218.33546459493664,211.90564136156263,0.9551836362489815,0.956503446099462,0.9598700060121405,4.481636375101845,4.349655390053792,0,0.0,0.0,0.0,0.0,3e-05,0.9532447789200706,227.78115095277823,4643.9988490472215,0.0,0.0032586671793913835,-15.875509591215604,15.875509591215632,0.0
Scenario Bravo,Case A - CUM,Triangular,Global Gaussian copula,0.25,HVAC,100000,307.292471684,372.93,307.2656921666874,3.7683702924772517,313.47285088759577,315.82074423964747,321.63363266434214,59.45714911240424,57.10925576035254,0.8405675351610108,0.8468633369255556,0.8624504133868075,15.943246483898918,15.313666307444437,0,0.0,0.0,0.0,0.0,3e-05,0.8315700174872455,62.81259337848155,310.11740662151846,0.0,0.015293319438310138,-5.703337618129012,5.703337618129012,0.0
Scenario Bravo,Case A - CUM,Triangular,Global Gaussian copula,0.5,CW,100000,1256.6386696681602,1392.08,1256.599840449725,14.365414184407987,1280.326174782687,1288.4272687547232,1301.5808447163092,111.75382521731285,103.65273124527675,0.9197216932810522,0.9255411102484938,0.9349899752286573,8.02783067189478,7.445888975150621,0,0.0,0.0,0.0,0.0,3e-05,0.9082237558725664,127.75987392491788,1264.320126075082,0.0,0.017317354375927407,-24.10714267964113,24.10714267964113,0.0
Scenario Bravo,Case A - CUM,Triangular,Global Gaussian copula,0.5,FW,100000,4636.317392640301,4871.78,4636.2785634218635,14.365414184407987,4660.004897754827,4668.105991726863,4681.259567688448,211.775102245173,203.67400827313668,0.9565302410525162,0.958193102259721,0.9608930550411654,4.346975894748388,4.180689774027906,0,0.0,0.0,0.0,0.0,3e-05,0.9532447789200706,227.78115095277823,4643.9988490472215,0.0,0.00494832333965034,-24.107142679641555,24.107142679641584,0.0
Scenario Bravo,Case A - CUM,Triangular,Global Gaussian copula,0.5,HVAC,100000,307.292471684,372.93,307.2785767133142,5.174308334520807,315.8384174221896,318.755370927443,323.7874926787864,57.091582577810414,54.174629072557025,0.8469107270055763,0.8547324455727429,0.8682259208934288,15.308927299442365,14.526755442725719,0,0.0,0.0,0.0,0.0,3e-05,0.8315700174872455,62.81259337848155,310.11740662151846,0.0,0.0231624280854974,-8.637964305924527,8.637964305924527,0.0
Scenario Bravo,Case A - CUM,Triangular,Global Gaussian copula,0.75,CW,100000,1256.6386696681602,1392.08,1256.566808892668,17.47070220066571,1285.5894056928055,1294.4532962867343,1304.355011102021,106.49059430719444,97.62670371326567,0.923502532679735,0.9298699042344796,0.936982796320629,7.649746732026497,7.013009576552043,0,0.0,0.0,0.0,0.0,3e-05,0.9082237558725664,127.75987392491788,1264.320126075082,0.0,0.021646148361913142,-30.133170211652214,30.133170211652214,0.0
Scenario Bravo,Case A - CUM,Triangular,Global Gaussian copula,0.75,FW,100000,4636.317392640301,4871.78,4636.245531864807,17.47070220066571,4665.268128664945,4674.132019258874,4684.033734074161,206.51187133505482,197.64798074112605,0.9576105917477689,0.9594300274763791,0.9614624909323001,4.238940825223119,4.056997252362095,0,0.0,0.0,0.0,0.0,3e-05,0.9532447789200706,227.78115095277823,4643.9988490472215,0.0,0.00618524855630842,-30.133170211652185,30.133170211652214,0.0
Scenario Bravo,Case A - CUM,Triangular,Global Gaussian copula,0.75,HVAC,100000,307.292471684,372.93,307.2693138005379,6.2895613948117886,317.71042015301066,320.95176850267444,324.43671671568535,55.21957984698935,51.97823149732557,0.8519304431207214,0.8606220162032404,0.8699667946147678,14.806955687927854,13.93779837967596,0,0.0,0.0,0.0,0.0,3e-05,0.8315700174872455,62.81259337848155,310.11740662151846,0.0,0.029051998715994953,-10.834361881155985,10.834361881155985,0.0
Scenario Bravo,Case A - CUM,Triangular,Subsystem-block Gaussian copula,0.25,CW,100000,1256.6386696681602,1392.08,1256.602501739227,7.925392178626237,1269.7334252303879,1274.8285981343267,1290.7689456988326,122.34657476961206,117.25140186567319,0.9121123967231681,0.9157725117337558,0.9272232527576236,8.788760327683184,8.422748826624419,0,0.0,0.0,0.0,0.0,3e-05,0.9082237558725664,127.75987392491788,1264.320126075082,0.0,0.007548755861189416,-10.508472059244696,10.508472059244696,0.0
Scenario Bravo,Case A - CUM,Triangular,Subsystem-block Gaussian copula,0.25,FW,100000,4636.317392640301,4871.78,4636.281224711366,7.925392178626237,4649.4121482025275,4654.507321106466,4670.447668670972,222.3678517974722,217.27267889353334,0.9543559331912623,0.9554017876641528,0.9586737637313205,4.5644066808737715,4.459821233584713,0,0.0,0.0,0.0,0.0,3e-05,0.9532447789200706,227.78115095277823,4643.9988490472215,0.0,0.0021570087440822006,-10.508472059244895,10.508472059244923,0.0
Scenario Bravo,Case A - CUM,Triangular,Subsystem-block Gaussian copula,0.25,HVAC,100000,307.292471684,372.93,307.28610059918554,3.757133901442198,313.49391780518425,315.81444367615353,321.1500268349869,59.436082194815754,57.11555632384648,0.8406240254342215,0.8468464421638203,0.8611536396508376,15.937597456577842,15.315355783617965,0,0.0,0.0,0.0,0.0,3e-05,0.8315700174872455,62.81259337848155,310.11740662151846,0.0,0.015276424676574862,-5.697037054635075,5.697037054635075,0.0
Scenario Bravo,Case A - CUM,Triangular,Subsystem-block Gaussian copula,0.5,CW,100000,1256.6386696681602,1392.08,1256.6509401863523,10.686214390614369,1274.2691062985302,1280.6631622175612,1295.9340736173822,117.8108937014697,111.41683778243873,0.9153706010419878,0.919963768043188,0.9309336199193884,8.462939895801226,8.003623195681191,0,0.0,0.0,0.0,0.0,3e-05,0.9082237558725664,127.75987392491788,1264.320126075082,0.0,0.011740012170621594,-16.34303614247915,16.34303614247915,0.0
Scenario Bravo,Case A - CUM,Triangular,Subsystem-block Gaussian copula,0.5,FW,100000,4636.317392640301,4871.78,4636.329663158492,10.686214390614367,4653.947829270669,4660.3418851897,4675.612796589521,217.83217072933076,211.43811481029934,0.9552869442525461,0.9565994123687237,0.9597339774352539,4.471305574745386,4.340058763127632,0,0.0,0.0,0.0,0.0,3e-05,0.9532447789200706,227.78115095277823,4643.9988490472215,0.0,0.003354633448653055,-16.343036142478894,16.343036142478923,0.0
Scenario Bravo,Case A - CUM,Triangular,Subsystem-block Gaussian copula,0.5,HVAC,100000,307.292471684,372.93,307.31282181842835,5.190172777893091,315.8791918768558,318.8192030124846,323.78766147892037,57.05080812314418,54.110796987515414,0.8470200624161527,0.8549036092899058,0.8682263735256492,15.297993758384731,14.509639071009413,0,0.0,0.0,0.0,0.0,3e-05,0.8315700174872455,62.81259337848155,310.11740662151846,0.0,0.02333359180266037,-8.701796390966138,8.701796390966138,0.0
Scenario Bravo,Case A - CUM,Triangular,Subsystem-block Gaussian copula,0.75,CW,100000,1256.6386696681602,1392.08,1256.6599744736832,12.845873966461788,1277.8836617862144,1285.397986346278,1298.9271430509498,114.19633821378557,106.68201365372192,0.9179671152420942,0.923365026684011,0.933083689910745,8.203288475790584,7.663497331598896,0,0.0,0.0,0.0,0.0,3e-05,0.9082237558725664,127.75987392491788,1264.320126075082,0.0,0.015141270811444563,-21.07786027119596,21.07786027119596,0.0
Scenario Bravo,Case A - CUM,Triangular,Subsystem-block Gaussian copula,0.75,FW,100000,4636.317392640301,4871.78,4636.338697445823,12.84587396646179,4657.562384758354,4665.076709318418,4678.605866023089,214.21761524164594,206.70329068158208,0.9560288815911955,0.9575713002882761,0.9603483461944278,4.3971118408804575,4.242869971172386,0,0.0,0.0,0.0,0.0,3e-05,0.9532447789200706,227.78115095277823,4643.9988490472215,0.0,0.004326521368205438,-21.07786027119616,21.077860271196187,0.0
Scenario Bravo,Case A - CUM,Triangular,Subsystem-block Gaussian copula,0.75,HVAC,100000,307.292471684,372.93,307.2647911133208,6.2792304478891365,317.71371390763613,320.94570144182927,324.623664829277,55.21628609236387,51.984298558170735,0.851939275219575,0.8606057475714726,0.8704680900685839,14.806072478042495,13.939425242852742,0,0.0,0.0,0.0,0.0,3e-05,0.8315700174872455,62.81259337848155,310.11740662151846,0.0,0.029035730084227107,-10.828294820310816,10.828294820310816,0.0
Scenario Bravo,Case A - CUM,Truncated normal,Global Gaussian copula,0.25,CW,100000,1256.6386696681602,1392.08,1256.6521042545676,11.328820389841756,1275.3353653781937,1282.2620076294122,1297.5946797297038,116.7446346218062,109.81799237058772,0.9161365477402116,0.9211122978775733,0.9321265155233204,8.386345225978838,7.888770212242667,0,0.0,0.0,0.0,0.0,3e-05,0.908700337072266,127.09643476844008,1264.98356523156,0.0,0.012411960805307265,-17.27844239785236,17.27844239785213,0.0
Scenario Bravo,Case A - CUM,Truncated normal,Global Gaussian copula,0.25,FW,100000,4636.317392640301,4871.78,4636.330827226708,11.328820389841756,4655.014088350333,4661.940730601552,4677.273402701843,216.76591164966703,209.83926939844787,0.9555058086264842,0.9569275974287739,0.9600748397304155,4.449419137351585,4.30724025712261,0,0.0,0.0,0.0,0.0,3e-05,0.9533809589521076,227.11771179630068,4644.662288203699,0.0,0.003546638476666253,-17.278442397852814,17.278442397852814,0.0
Scenario Bravo,Case A - CUM,Truncated normal,Global Gaussian copula,0.25,HVAC,100000,307.292471684,372.93,307.2948796965701,4.097430337199546,314.05829349748507,316.55636219886054,322.01002036414974,58.87170650251494,56.373637801139466,0.8421373810030972,0.84883587321712,0.8634596850994818,15.786261899690274,15.116412678288007,0,0.0,0.0,0.0,0.0,3e-05,0.832190146863097,62.58132853034522,310.3486714696548,0.0,0.01664572635402295,-6.207690729205751,6.207690729205751,0.0
Scenario Bravo,Case A - CUM,Truncated normal,Global Gaussian copula,0.5,CW,100000,1256.6386696681602,1392.08,1256.6808083686724,15.683500874677513,1282.7841447850512,1291.3560305717324,1304.3414122625018,109.29585521494869,100.72396942826754,0.9214873748527752,0.9276449848943541,0.9369730276007857,7.851262514722479,7.235501510564591,0,0.0,0.0,0.0,0.0,3e-05,0.908700337072266,127.09643476844008,1264.98356523156,0.0,0.018944647822088045,-26.37246534017254,26.37246534017231,0.0
Scenario Bravo,Case A - CUM,Truncated normal,Global Gaussian copula,0.5,FW,100000,4636.317392640301,4871.78,4636.359531340812,15.683500874677511,4662.462867757191,4671.034753543872,4684.020135234641,209.31713224280884,200.74524645612746,0.957034773277363,0.9587942709941485,0.9614596995830357,4.296522672263707,4.120572900585155,0,0.0,0.0,0.0,0.0,3e-05,0.9533809589521076,227.11771179630068,4644.662288203699,0.0,0.005413312042040874,-26.37246534017322,26.37246534017322,0.0
Scenario Bravo,Case A - CUM,Truncated normal,Global Gaussian copula,0.5,HVAC,100000,307.292471684,372.93,307.3129627971951,5.659228834237661,316.70406087381673,319.8379418435712,324.39459484025866,56.22593912618328,53.092058156428834,0.8492319225426131,0.8576353252448748,0.8698538461380384,15.076807745738686,14.236467475512518,0,0.0,0.0,0.0,0.0,3e-05,0.832190146863097,62.58132853034522,310.3486714696548,0.0,0.025445178381777844,-9.489270373916384,9.489270373916384,0.0
Scenario Bravo,Case A - CUM,Truncated normal,Global Gaussian copula,0.75,CW,100000,1256.6386696681602,1392.08,1256.6197469473097,19.044358069586085,1288.1760077608853,1297.5621259266538,1305.8106914186544,103.90399223911459,94.51787407334609,0.9253606170341399,0.9321031305145207,0.9380284835775634,7.463938296586015,6.789686948547935,0,0.0,0.0,0.0,0.0,3e-05,0.908700337072266,127.09643476844008,1264.98356523156,0.0,0.0234027934422546,-32.578560695093984,32.578560695093756,0.0
Scenario Bravo,Case A - CUM,Truncated normal,Global Gaussian copula,0.75,FW,100000,4636.317392640301,4871.78,4636.298469919449,19.044358069586085,4667.854730733025,4677.240848898793,4685.489414390794,203.9252692669752,194.5391511012067,0.958141527477231,0.9600681576136019,0.961761289383099,4.185847252276893,3.993184238639814,0,0.0,0.0,0.0,0.0,3e-05,0.9533809589521076,227.11771179630068,4644.662288203699,0.0,0.006687198661494254,-32.578560695093984,32.578560695093984,0.0
Scenario Bravo,Case A - CUM,Truncated normal,Global Gaussian copula,0.75,HVAC,100000,307.292471684,372.93,307.28369084510075,6.858534211867587,318.65794330637897,322.0282774085799,324.993674131936,54.27205669362104,50.90172259142008,0.8544711964882926,0.863508640786689,0.8714602583110397,14.552880351170739,13.649135921331101,0,0.0,0.0,0.0,0.0,3e-05,0.832190146863097,62.58132853034522,310.3486714696548,0.0,0.031318493923591983,-11.679605938925135,11.679605938925135,0.0
Scenario Bravo,Case A - CUM,Truncated normal,Subsystem-block Gaussian copula,0.25,CW,100000,1256.6386696681602,1392.08,1256.6359225138558,8.573146902469848,1270.7818018177754,1276.2591498329077,1288.0445590494496,121.2981981822245,115.8208501670922,0.9128654975416467,0.9168001478599705,0.9252661909153567,8.713450245835332,8.319985214002946,0,0.0,0.0,0.0,0.0,3e-05,0.908700337072266,127.09643476844008,1264.98356523156,0.0,0.008099810787704498,-11.275584601347873,11.275584601347646,0.0
Scenario Bravo,Case A - CUM,Truncated normal,Subsystem-block Gaussian copula,0.25,FW,100000,4636.317392640301,4871.78,4636.314645485995,8.573146902469844,4650.460524789914,4655.937872805048,4667.723282021589,221.31947521008533,215.8421271949519,0.9545711269371594,0.9556954281197115,0.9581145458172554,4.542887306284055,4.43045718802885,0,0.0,0.0,0.0,0.0,3e-05,0.9533809589521076,227.11771179630068,4644.662288203699,0.0,0.0023144691676039164,-11.275584601348783,11.275584601348783,0.0
Scenario Bravo,Case A - CUM,Truncated normal,Subsystem-block Gaussian copula,0.25,HVAC,100000,307.292471684,372.93,307.2980681490552,4.1074245599751835,314.0878995029256,316.517396509502,323.29206945667045,58.8421004970744,56.412603490497986,0.8422167685703097,0.8487313879535088,0.8668974591925306,15.778323142969027,15.126861204649126,0,0.0,0.0,0.0,0.0,3e-05,0.832190146863097,62.58132853034522,310.3486714696548,0.0,0.016541241090411773,-6.1687250398472315,6.1687250398472315,0.0
Scenario Bravo,Case A - CUM,Truncated normal,Subsystem-block Gaussian copula,0.5,CW,100000,1256.6386696681602,1392.08,1256.627091899543,11.611598110778543,1275.7602559783065,1282.9303422578473,1297.7820946242462,116.3197440216934,109.14965774215261,0.9164417676989157,0.9215923957372043,0.9322611449228825,8.355823230108427,7.840760426279568,0,0.0,0.0,0.0,0.0,3e-05,0.908700337072266,127.09643476844008,1264.98356523156,0.0,0.012892058664938255,-17.946777026287464,17.946777026287236,0.0
Scenario Bravo,Case A - CUM,Truncated normal,Subsystem-block Gaussian copula,0.5,FW,100000,4636.317392640301,4871.78,4636.305814871683,11.611598110778543,4655.438978950446,4662.609065229987,4677.460817596386,216.341021049554,209.17093477001254,0.9555930232790574,0.9570647823239119,0.960113309220939,4.440697672094266,4.293521767608811,0,0.0,0.0,0.0,0.0,3e-05,0.9533809589521076,227.11771179630068,4644.662288203699,0.0,0.0036838233718042845,-17.946777026288146,17.946777026288146,0.0
Scenario Bravo,Case A - CUM,Truncated normal,Subsystem-block Gaussian copula,0.5,HVAC,100000,307.292471684,372.93,307.27314661100513,5.624633554286447,316.60282678248973,319.6563476150121,324.28304487276415,56.32717321751028,53.273652384987884,0.8489604665285435,0.8571483860644413,0.8695547284282953,15.103953347145652,14.285161393555864,0,0.0,0.0,0.0,0.0,3e-05,0.832190146863097,62.58132853034522,310.3486714696548,0.0,0.024958239201344323,-9.307676145357334,9.307676145357334,0.0
Scenario Bravo,Case A - CUM,Truncated normal,Subsystem-block Gaussian copula,0.75,CW,100000,1256.6386696681602,1392.08,1256.634816596218,14.00891656203617,1279.7966518418089,1287.9687845613491,1301.958397251321,112.28334815819107,104.11121543865079,0.9193413107305679,0.9252117583481906,0.9352611899110116,8.065868926943214,7.478824165180938,0,0.0,0.0,0.0,0.0,3e-05,0.908700337072266,127.09643476844008,1264.98356523156,0.0,0.01651142127592453,-22.985219329789288,22.98521932978906,0.0
Scenario Bravo,Case A - CUM,Truncated normal,Subsystem-block Gaussian copula,0.75,FW,100000,4636.317392640301,4871.78,4636.3135395683585,14.00891656203617,4659.475374813948,4667.647507533489,4681.63712022346,212.30462518605145,204.13249246651048,0.9564215491696975,0.9580989920590605,0.9609705529033455,4.3578450830302575,4.190100794093955,0,0.0,0.0,0.0,0.0,3e-05,0.9533809589521076,227.11771179630068,4644.662288203699,0.0,0.004718033106952846,-22.985219329790198,22.985219329790198,0.0
Scenario Bravo,Case A - CUM,Truncated normal,Subsystem-block Gaussian copula,0.75,HVAC,100000,307.292471684,372.93,307.27804839271727,6.843020045967403,318.60221783912937,321.9684658891307,324.94885777277074,54.32778216087064,50.96153411086931,0.8543217704103434,0.8633482580889998,0.8713400846613861,14.567822958965662,13.665174191100022,0,0.0,0.0,0.0,0.0,3e-05,0.832190146863097,62.58132853034522,310.3486714696548,0.0,0.03115811122590284,-11.619794419475909,11.619794419475909,0.0
Scenario Bravo,Case B - CMM + CUM,Triangular,Global Gaussian copula,0.25,CW,100000,1256.6386696681602,1392.08,1256.6904617526175,29.453236694363984,1305.13523154468,1323.5062936272159,1369.2196156382938,86.94476845531995,68.57370637278405,0.9375432673012184,0.9507401109327165,0.9835782538634948,6.245673269878164,4.925988906728353,0,0.0,0.0,0.0,0.0,3e-05,0.9169946383069776,115.55010390562256,1276.5298960943774,0.0,0.033745472625738904,-46.97639753283852,46.97639753283852,0.0
Scenario Bravo,Case B - CMM + CUM,Triangular,Global Gaussian copula,0.25,FW,100000,4636.317392640301,4871.78,4636.369184724757,29.45323669436398,4684.81395451682,4703.185016599355,4748.898338610434,186.9660454831801,168.5949834006451,0.9616226419330963,0.9653935556612481,0.9747768451388269,3.83773580669037,3.460644433875198,0,0.0,0.0,0.0,0.0,3e-05,0.955751002521977,215.5713809334829,4656.208619066517,0.0,0.009642553139271093,-46.97639753283781,46.97639753283784,0.0
Scenario Bravo,Case B - CMM + CUM,Triangular,Global Gaussian copula,0.25,HVAC,100000,307.292471684,372.93,307.30289637104335,9.74732947675958,323.3845358562025,329.4752052482101,344.49841480639304,49.54546414379752,43.454794751789905,0.8671454049183559,0.8834773422578235,0.9237616035352292,13.285459508164404,11.652265774217655,0,0.0,0.0,0.0,0.0,3e-05,0.8429608420498431,58.56461317435202,314.365386825648,0.0,0.040516500207980366,-15.109818422562114,15.109818422562114,0.0
Scenario Bravo,Case B - CMM + CUM,Triangular,Global Gaussian copula,0.5,CW,100000,1256.6386696681602,1392.08,1256.4155195876745,40.796281569458486,1324.1325958741409,1347.954657760098,1389.3792209558992,67.94740412585907,44.12534223990201,0.9511900148512592,0.9683025815758419,0.9980598966696592,4.880998514874078,3.16974184241581,0,0.0,0.0,0.0,0.0,3e-05,0.9169946383069776,115.55010390562256,1276.5298960943774,0.0,0.05130794326886434,-71.42476166572055,71.42476166572055,0.0
Scenario Bravo,Case B - CMM + CUM,Triangular,Global Gaussian copula,0.5,FW,100000,4636.317392640301,4871.78,4636.094242559813,40.79628156945849,4703.81131884628,4727.633380732238,4769.057943928039,167.96868115371944,144.1466192677617,0.9655221128306862,0.9704119194077397,0.9789148820201321,3.447788716931377,2.9588080592260266,0,0.0,0.0,0.0,0.0,3e-05,0.955751002521977,215.5713809334829,4656.208619066517,0.0,0.014660916885762765,-71.4247616657212,71.42476166572123,0.0
Scenario Bravo,Case B - CMM + CUM,Triangular,Global Gaussian copula,0.5,HVAC,100000,307.292471684,372.93,307.22993702000537,13.453847896870798,329.52042188761396,337.3139943948444,350.6134023399236,43.40957811238604,35.61600560515558,0.8835985892462767,0.9044968074299317,0.9401587492020582,11.640141075372332,9.550319257006832,0,0.0,0.0,0.0,0.0,3e-05,0.8429608420498431,58.56461317435202,314.365386825648,0.0,0.06153596538008854,-22.94860756919644,22.94860756919644,0.0
Scenario Bravo,Case B - CMM + CUM,Triangular,Global Gaussian copula,0.75,CW,100000,1256.6386696681602,1392.08,1256.6585668875164,49.784931559430596,1339.2216933239956,1364.2656334275102,1395.2403386171422,52.858306676004304,27.81436657248969,0.9620292607637461,0.9800195631195838,1.002270227729112,3.797073923625388,1.9980436880416133,2,2e-05,0.002,0.0,4.77183086352685e-05,,0.9169946383069776,115.55010390562256,1276.5298960943774,0.0,0.06302492481260624,-87.73573733313287,87.73573733313287,0.002
Scenario Bravo,Case B - CMM + CUM,Triangular,Global Gaussian copula,0.75,FW,100000,4636.317392640301,4871.78,4636.337289859656,49.784931559430596,4718.9004162961355,4743.944356399649,4774.919061589282,152.87958370386423,127.83564360035052,0.9686193580777736,0.9737599720019479,0.9801179572126169,3.138064192222642,2.6240027998052153,0,0.0,0.0,0.0,0.0,3e-05,0.955751002521977,215.5713809334829,4656.208619066517,0.0,0.018008969479970882,-87.73573733313239,87.73573733313242,0.0
Scenario Bravo,Case B - CMM + CUM,Triangular,Global Gaussian copula,0.75,HVAC,100000,307.292471684,372.93,307.3012200753284,16.385951252872236,334.51709012813603,342.6745860256004,352.7621964263836,38.412909871863974,30.25541397439963,0.8969969970990159,0.9188710643434435,0.9459206725830145,10.300300290098404,8.112893565655654,0,0.0,0.0,0.0,0.0,3e-05,0.8429608420498431,58.56461317435202,314.365386825648,0.0,0.07591022229360034,-28.30919919995239,28.30919919995239,0.0
Scenario Bravo,Case B - CMM + CUM,Triangular,Subsystem-block Gaussian copula,0.25,CW,100000,1256.6386696681602,1392.08,1256.4798938090048,22.415818903232854,1293.3700843613544,1307.569250944605,1341.8727154260735,98.7099156386455,84.51074905539485,0.9290917794676703,0.9392917439691721,0.963933621218661,7.090822053232968,6.070825603082787,0,0.0,0.0,0.0,0.0,3e-05,0.9169946383069776,115.55010390562256,1276.5298960943774,0.0,0.02229710566219456,-31.03935485022771,31.03935485022771,0.0
Scenario Bravo,Case B - CMM + CUM,Triangular,Subsystem-block Gaussian copula,0.25,FW,100000,4636.317392640301,4871.78,4636.158616781145,22.415818903232854,4673.048807333494,4687.247973916745,4721.551438398213,198.7311926665061,184.532026083255,0.9592076832971714,0.9621222579666456,0.9691635169072111,4.079231670282856,3.787774203335434,0,0.0,0.0,0.0,0.0,3e-05,0.955751002521977,215.5713809334829,4656.208619066517,0.0,0.006371255444668655,-31.03935485022791,31.039354850227937,0.0
Scenario Bravo,Case B - CMM + CUM,Triangular,Subsystem-block Gaussian copula,0.25,HVAC,100000,307.292471684,372.93,307.2329869322004,9.7506849994055,323.3317525739957,329.3787987536809,342.3966271135532,49.59824742600432,43.551201246319124,0.8670038682165438,0.8832188312918802,0.9181257263120511,13.29961317834562,11.678116870811982,0,0.0,0.0,0.0,0.0,3e-05,0.8429608420498431,58.56461317435202,314.365386825648,0.0,0.04025798924203705,-15.013411928032895,15.013411928032895,0.0
Scenario Bravo,Case B - CMM + CUM,Triangular,Subsystem-block Gaussian copula,0.5,CW,100000,1256.6386696681602,1392.08,1256.5833822000532,30.79062823669345,1307.2961288307147,1326.291132215472,1365.9669257743446,84.78387116928525,65.78886778452784,0.9390955468297186,0.9527405983962647,0.9812416856605545,6.090445317028134,4.72594016037353,0,0.0,0.0,0.0,0.0,3e-05,0.9169946383069776,115.55010390562256,1276.5298960943774,0.0,0.0357459600892871,-49.761236121094726,49.761236121094726,0.0
Scenario Bravo,Case B - CMM + CUM,Triangular,Subsystem-block Gaussian copula,0.5,FW,100000,4636.317392640301,4871.78,4636.262105172192,30.790628236693454,4686.974851802855,4705.969855187612,4745.645648746484,184.80514819714517,165.810144812388,0.9620661958879207,0.9659651821690659,0.9741091857075821,3.7933804112079192,3.403481783093407,0,0.0,0.0,0.0,0.0,3e-05,0.955751002521977,215.5713809334829,4656.208619066517,0.0,0.010214179647088928,-49.761236121094925,49.76123612109495,0.0
Scenario Bravo,Case B - CMM + CUM,Triangular,Subsystem-block Gaussian copula,0.5,HVAC,100000,307.292471684,372.93,307.2949881779514,13.478664308054734,329.59132705433115,337.2224425755954,351.654754096347,43.33867294566886,35.70755742440463,0.8837887192082459,0.9042513141222089,0.9429511010011181,11.62112807917541,9.574868587779108,0,0.0,0.0,0.0,0.0,3e-05,0.8429608420498431,58.56461317435202,314.365386825648,0.0,0.06129047207236582,-22.857055749947392,22.857055749947392,0.0
Scenario Bravo,Case B - CMM + CUM,Triangular,Subsystem-block Gaussian copula,0.75,CW,100000,1256.6386696681602,1392.08,1256.8204912927645,37.177548584500826,1318.3912402017588,1340.1983492506715,1383.625873287486,73.68875979824111,51.8816507493284,0.947065714759036,0.962730841080018,0.9939269821328416,5.293428524096396,3.72691589199819,0,0.0,0.0,0.0,0.0,3e-05,0.9169946383069776,115.55010390562256,1276.5298960943774,0.0,0.04573620277304047,-63.66845315629416,63.66845315629416,0.0
Scenario Bravo,Case B - CMM + CUM,Triangular,Subsystem-block Gaussian copula,0.75,FW,100000,4636.317392640301,4871.78,4636.499214264905,37.177548584500826,4698.069963173898,4719.877072222811,4763.304596259625,173.7100368261017,151.90292777718878,0.9643436204372731,0.9688198301694271,0.97773392810423,3.5656379562726914,3.1180169830572972,0,0.0,0.0,0.0,0.0,3e-05,0.955751002521977,215.5713809334829,4656.208619066517,0.0,0.013068827647450099,-63.668453156294134,63.66845315629416,0.0
Scenario Bravo,Case B - CMM + CUM,Triangular,Subsystem-block Gaussian copula,0.75,HVAC,100000,307.292471684,372.93,307.3021769383515,16.34942748518708,334.47790894603384,342.7314652923517,352.3677520058945,38.45209105396617,30.19853470764832,0.8968919339984281,0.9190235842982643,0.9448629823449293,10.31080660015718,8.097641570173577,0,0.0,0.0,0.0,0.0,3e-05,0.8429608420498431,58.56461317435202,314.365386825648,0.0,0.07606274224842113,-28.366078466703698,28.366078466703698,0.0
Scenario Bravo,Case B - CMM + CUM,Truncated normal,Global Gaussian copula,0.25,CW,100000,1256.6386696681602,1392.08,1256.652609293136,31.891226365379097,1309.217014781012,1328.9853744210725,1380.0590769031833,82.86298521898789,63.094625578927435,0.9404754143303633,0.9546760059918055,0.9913647756617316,5.9524585669636725,4.532399400819453,0,0.0,0.0,0.0,0.0,3e-05,0.918060085143588,114.06691667331415,1278.0130833266858,0.0,0.03661592084821752,-50.97229109438672,50.97229109438672,0.0
Scenario Bravo,Case B - CMM + CUM,Truncated normal,Global Gaussian copula,0.25,FW,100000,4636.317392640301,4871.78,4636.331332265276,31.891226365379097,4688.8957377531515,4708.664097393212,4759.737799875323,182.88426224684827,163.11590260678804,0.9624604842076514,0.9665182125205186,0.9770017939798847,3.753951579234864,3.3481787479481433,0,0.0,0.0,0.0,0.0,3e-05,0.9560554471463872,214.0881937011736,4657.691806298826,0.0,0.010462765374131378,-50.972291094385554,50.97229109438558,0.0
Scenario Bravo,Case B - CMM + CUM,Truncated normal,Global Gaussian copula,0.25,HVAC,100000,307.292471684,372.93,307.2981513487579,10.587455518169984,324.7317048946757,331.4046022394451,347.5407122883246,48.19829510532429,41.52539776055488,0.8707577960868681,0.8886509592670075,0.931919428011489,12.924220391313193,11.134904073299246,0,0.0,0.0,0.0,0.0,3e-05,0.8444444050886417,58.01134801029286,314.91865198970714,0.0,0.04420655417836583,-16.485950249737982,16.485950249737982,0.0
Scenario Bravo,Case B - CMM + CUM,Truncated normal,Global Gaussian copula,0.5,CW,100000,1256.6386696681602,1392.08,1256.4465501379482,44.37204528364848,1329.8639525562699,1354.8784266881787,1391.881758390263,62.216047443730076,37.20157331182122,0.9553071321736322,0.9732762676629064,0.9998575932347732,4.46928678263678,2.6723732337093575,0,0.0,0.0,0.0,0.0,3e-05,0.918060085143588,114.06691667331415,1278.0130833266858,0.0,0.05521618251931848,-76.86534336149293,76.86534336149293,0.0
Scenario Bravo,Case B - CMM + CUM,Truncated normal,Global Gaussian copula,0.5,FW,100000,4636.317392640301,4871.78,4636.125273110087,44.372045283648475,4709.542675528409,4734.557149660318,4771.560481362402,162.2373244715909,137.22285033968183,0.9666985527935188,0.9718331184208479,0.9794285623247361,3.3301447206481183,2.8166881579152143,0,0.0,0.0,0.0,0.0,3e-05,0.9560554471463872,214.0881937011736,4657.691806298826,0.0,0.015777671274460614,-76.86534336149177,76.8653433614918,0.0
Scenario Bravo,Case B - CMM + CUM,Truncated normal,Global Gaussian copula,0.5,HVAC,100000,307.292471684,372.93,307.2221953020132,14.62895319380569,331.47803848364134,339.75733235459404,352.24645492557437,41.451961516358665,33.172667645405966,0.8888478762331841,0.911048540891304,0.9445377280604251,11.115212376681592,8.89514591086959,0,0.0,0.0,0.0,0.0,3e-05,0.8444444050886417,58.01134801029286,314.91865198970714,0.0,0.06660413580266233,-24.838680364886898,24.838680364886898,0.0
Scenario Bravo,Case B - CMM + CUM,Truncated normal,Global Gaussian copula,0.75,CW,100000,1256.6386696681602,1392.08,1256.6683711327084,53.981766203939294,1346.5514903554963,1372.9409571672986,1396.457469817753,45.52850964450363,19.139042832701307,0.9672946169440667,0.9862514777651419,1.0031445533430212,3.2705383055933304,1.3748522234858132,36,0.00036,0.036000000000000004,0.000242421169905463,0.00047757883009453704,,0.918060085143588,114.06691667331415,1278.0130833266858,0.0,0.06819139262155394,-94.92787384061285,94.92787384061285,0.036000000000000004
Scenario Bravo,Case B - CMM + CUM,Truncated normal,Global Gaussian copula,0.75,FW,100000,4636.317392640301,4871.78,4636.347094104846,53.98176620393929,4726.230213327635,4752.619680139438,4776.136192789892,145.54978667236446,119.16031986056169,0.9701238999559988,0.9755407017844481,0.9803677901690743,2.9876100044001266,2.445929821555195,0,0.0,0.0,0.0,0.0,3e-05,0.9560554471463872,214.0881937011736,4657.691806298826,0.0,0.019485254638060834,-94.92787384061191,94.92787384061194,0.0
Scenario Bravo,Case B - CMM + CUM,Truncated normal,Global Gaussian copula,0.75,HVAC,100000,307.292471684,372.93,307.30989925402037,17.774504971051183,336.8570043494019,345.65123506751735,353.28086666309684,36.0729956505981,27.27876493248266,0.9032714030767219,0.9268528546041277,0.9473114704183005,9.67285969232781,7.31471453958723,0,0.0,0.0,0.0,0.0,3e-05,0.8444444050886417,58.01134801029286,314.91865198970714,0.0,0.08240844951548598,-30.732583077810204,30.732583077810204,0.0
Scenario Bravo,Case B - CMM + CUM,Truncated normal,Subsystem-block Gaussian copula,0.25,CW,100000,1256.6386696681602,1392.08,1256.6127020385682,24.51165269537222,1296.9687287101049,1313.0410549450075,1353.7887605207045,95.11127128989506,79.03894505499238,0.9316768639087588,0.9432224117471751,0.9724935064943858,6.832313609124122,5.677758825282483,0,0.0,0.0,0.0,0.0,3e-05,0.918060085143588,114.06691667331415,1278.0130833266858,0.0,0.025162326603587193,-35.02797161832177,35.02797161832177,0.0
Scenario Bravo,Case B - CMM + CUM,Truncated normal,Subsystem-block Gaussian copula,0.25,FW,100000,4636.317392640301,4871.78,4636.291425010708,24.51165269537222,4676.6474516822445,4692.719777917147,4733.467483492844,195.1325483177552,179.0602220828523,0.9599463546552276,0.9632454211637528,0.971609449419482,4.005364534477239,3.6754578836247185,0,0.0,0.0,0.0,0.0,3e-05,0.9560554471463872,214.0881937011736,4657.691806298826,0.0,0.007189974017365541,-35.02797161832129,35.02797161832132,0.0
Scenario Bravo,Case B - CMM + CUM,Truncated normal,Subsystem-block Gaussian copula,0.25,HVAC,100000,307.292471684,372.93,307.27138972171457,10.560464855298676,324.84115325270704,331.16412809328705,344.46347977159957,48.08884674729296,41.76587190671296,0.8710512783973052,0.8880061354497816,0.923667926344353,12.894872160269477,11.199386455021843,0,0.0,0.0,0.0,0.0,3e-05,0.8444444050886417,58.01134801029286,314.91865198970714,0.0,0.04356173036113986,-16.245476103579904,16.245476103579904,0.0
Scenario Bravo,Case B - CMM + CUM,Truncated normal,Subsystem-block Gaussian copula,0.5,CW,100000,1256.6386696681602,1392.08,1256.7716488055087,33.41971252053967,1312.0510416276277,1331.5890608618397,1375.0138024473347,80.02895837237224,60.49093913816023,0.9425112361557006,0.9565463628971321,0.9877405051773854,5.748876384429936,4.345363710286781,0,0.0,0.0,0.0,0.0,3e-05,0.918060085143588,114.06691667331415,1278.0130833266858,0.0,0.038486277753544185,-53.575977535153925,53.575977535153925,0.0
Scenario Bravo,Case B - CMM + CUM,Truncated normal,Subsystem-block Gaussian copula,0.5,FW,100000,4636.317392640301,4871.78,4636.450371777648,33.41971252053967,4691.729764599767,4711.267783833979,4754.692525419474,180.05023540023285,160.51221616602106,0.9630422072835323,0.9670526550529742,0.9759661818512892,3.695779271646767,3.294734494702574,0,0.0,0.0,0.0,0.0,3e-05,0.9560554471463872,214.0881937011736,4657.691806298826,0.0,0.010997207906586981,-53.57597753515253,53.57597753515256,0.0
Scenario Bravo,Case B - CMM + CUM,Truncated normal,Subsystem-block Gaussian copula,0.5,HVAC,100000,307.292471684,372.93,307.30546275977605,14.620529891310547,331.2849085679428,339.55919849038764,350.98589707901675,41.6450914320572,33.37080150961236,0.8883300044725359,0.9105172512009966,0.9411575820637029,11.166999552746413,8.948274879900346,0,0.0,0.0,0.0,0.0,3e-05,0.8444444050886417,58.01134801029286,314.91865198970714,0.0,0.06607284611235487,-24.6405465006805,24.6405465006805,0.0
Scenario Bravo,Case B - CMM + CUM,Truncated normal,Subsystem-block Gaussian copula,0.75,CW,100000,1256.6386696681602,1392.08,1256.4597155933811,40.265776159416774,1322.9063587461756,1345.7356981071118,1385.264673316522,69.17364125382437,46.3443018928881,0.9503091479988044,0.9667085929739038,0.9951042133473091,4.96908520011956,3.329140702609627,0,0.0,0.0,0.0,0.0,3e-05,0.918060085143588,114.06691667331415,1278.0130833266858,0.0,0.048648507830315824,-67.72261478042606,67.72261478042606,0.0
Scenario Bravo,Case B - CMM + CUM,Truncated normal,Subsystem-block Gaussian copula,0.75,FW,100000,4636.317392640301,4871.78,4636.138438565521,40.26577615941678,4702.5850817183145,4725.414421079251,4764.9433962886615,169.1949182816852,146.3655789207487,0.9652704107571185,0.9699564473517382,0.9780703144002114,3.47295892428815,3.004355264826177,0,0.0,0.0,0.0,0.0,3e-05,0.9560554471463872,214.0881937011736,4657.691806298826,0.0,0.01390100020535101,-67.72261478042489,67.72261478042492,0.0
Scenario Bravo,Case B - CMM + CUM,Truncated normal,Subsystem-block Gaussian copula,0.75,HVAC,100000,307.292471684,372.93,307.29892372495874,17.813134564728923,336.79569058207903,345.63137569120016,353.23418316882737,36.134309417920974,27.298624308799845,0.9031069921488725,0.9267996023146439,0.9471862901049188,9.68930078511275,7.320039768535608,0,0.0,0.0,0.0,0.0,3e-05,0.8444444050886417,58.01134801029286,314.91865198970714,0.0,0.08235519722600215,-30.71272370149302,30.71272370149302,0.0
Scenario Bravo,Case C - CMM + CUM + DBM + IGM,Triangular,Global Gaussian copula,0.25,CW,100000,1256.6386696681602,1392.08,1256.7647749039434,42.39571238754024,1326.6752281346392,1352.6288144582822,1411.2905929942594,65.40477186536077,39.45118554171768,0.9530165135154871,0.9716602597970536,1.0137999202590795,4.698348648451294,2.8339740202946437,29,0.00029,0.029,0.0001844660755282928,0.0003955339244717072,,0.9233486512447155,106.70480957525616,1285.3751904247438,0.0,0.04831160855233807,-67.25362403353849,67.25362403353847,0.029
Scenario Bravo,Case C - CMM + CUM + DBM + IGM,Triangular,Global Gaussian copula,0.25,FW,100000,4636.317392640301,4871.78,4636.479973154732,100.7376743581036,4803.243801091855,4863.883750730598,4992.366230239062,68.5361989081448,7.896249269401778,0.9859320004375927,0.9983791859916905,1.0247519859761858,1.4067999562407334,0.1620814008309443,766,0.00766,0.766,0.007119618210752435,0.008200381789247565,,0.9764575451337308,114.69366076839287,4757.086339231607,0.0,0.021921640857959668,-106.7974114989911,106.7974114989911,0.766
Scenario Bravo,Case C - CMM + CUM + DBM + IGM,Triangular,Global Gaussian copula,0.25,HVAC,100000,307.292471684,372.93,307.327600065792,13.894978663430262,330.28979004073483,338.7539102434787,358.5272933298484,42.64020995926518,34.17608975652132,0.8856616256153563,0.908357896236502,0.9613795975916349,11.433837438464371,9.164210376349804,0,0.0,0.0,0.0,0.0,3e-05,0.8506738763747734,55.68819128355574,317.24180871644427,0.0,0.05768401986172855,-21.512101527034417,21.512101527034417,0.0
Scenario Bravo,Case C - CMM + CUM + DBM + IGM,Triangular,Global Gaussian copula,0.5,CW,100000,1256.6386696681602,1392.08,1256.5296694252768,58.50254724945732,1353.4088388116315,1386.9780871654264,1438.9133180217455,38.67116118836839,5.101912834573568,0.9722205899169815,0.9963350433634751,1.033642691527603,2.7779410083018496,0.366495663652489,734,0.00734,0.734,0.006810940688627069,0.007869059311372932,,0.9233486512447155,106.70480957525616,1285.3751904247438,0.0,0.07298639211875957,-101.6028967406826,101.60289674068258,0.734
Scenario Bravo,Case C - CMM + CUM + DBM + IGM,Triangular,Global Gaussian copula,0.5,FW,100000,4636.317392640301,4871.78,4636.252732629594,131.29420826556893,4853.318273066345,4928.096754366914,5040.65611281326,18.461726933654973,-56.31675436691421,0.9962104760613872,1.0115597901315154,1.0346641500259166,0.3789523938612781,-1.1559790131515424,3592,0.03592,3.592,0.03476659780895925,0.03707340219104075,,0.9764575451337308,114.69366076839287,4757.086339231607,0.0,0.03510224499778458,-171.01041513530708,171.01041513530708,3.592
Scenario Bravo,Case C - CMM + CUM + DBM + IGM,Triangular,Global Gaussian copula,0.5,HVAC,100000,307.292471684,372.93,307.2674343157161,19.13056133890594,338.93044866735886,349.87624690823617,367.4810446943515,33.99955133264115,23.053753091763838,0.9088312784365936,0.9381820902266811,0.985388798687023,9.11687215634064,6.181790977331896,0,0.0,0.0,0.0,0.0,3e-05,0.8506738763747734,55.68819128355574,317.24180871644427,0.0,0.08750821385190766,-32.6344381917919,32.6344381917919,0.0
Scenario Bravo,Case C - CMM + CUM + DBM + IGM,Triangular,Global Gaussian copula,0.75,CW,100000,1256.6386696681602,1392.08,1256.3996406864126,70.95597319739443,1374.466923621867,1410.5664714028983,1454.3570607499491,17.613076378132973,-18.48647140289836,0.9873476550355346,1.0132797478614004,1.0447366967056126,1.2652344964465385,-1.3279747861400466,2558,0.02558,2.558,0.02460145807812971,0.026558541921870286,,0.9233486512447155,106.70480957525616,1285.3751904247438,0.0,0.08993109661668486,-125.19128097815452,125.19128097815451,2.558
Scenario Bravo,Case C - CMM + CUM + DBM + IGM,Triangular,Global Gaussian copula,0.75,FW,100000,4636.317392640301,4871.78,4635.82523357097,155.87594022657035,4896.098927172439,4974.560623439531,5067.37796364223,-24.318927172439544,-102.78062343953115,1.0049917950261382,1.0210971397393829,1.0401491782556334,-0.4991795026138197,-2.109713973938297,7035,0.07035,7.034999999999999,0.06876493214339574,0.07193506785660425,,0.9764575451337308,114.69366076839287,4757.086339231607,0.0,0.04463959460565203,-217.47428420792403,217.47428420792403,7.034999999999999
Scenario Bravo,Case C - CMM + CUM + DBM + IGM,Triangular,Global Gaussian copula,0.75,HVAC,100000,307.292471684,372.93,307.22202198886345,23.176176952836688,345.78524115313365,357.5068606072442,371.7149553116764,27.144758846866353,15.423139392755786,0.9272121876843742,0.9586433395201357,0.9967418960975958,7.278781231562586,4.135666047986428,0,0.0,0.0,0.0,0.0,3e-05,0.8506738763747734,55.68819128355574,317.24180871644427,0.0,0.10796946314536227,-40.26505189079995,40.26505189079995,0.0
Scenario Bravo,Case C - CMM + CUM + DBM + IGM,Triangular,Subsystem-block Gaussian copula,0.25,CW,100000,1256.6386696681602,1392.08,1256.6821982646077,32.48275870558858,1310.1946744603329,1330.9912428725509,1383.0709815916794,81.88532553966706,61.08875712744907,0.941177715691866,0.956116920631394,0.9935283759494278,5.8822284308133925,4.388307936860603,0,0.0,0.0,0.0,0.0,3e-05,0.9233486512447155,106.70480957525616,1285.3751904247438,0.0,0.03276826938667843,-45.61605244780709,45.61605244780708,0.0
Scenario Bravo,Case C - CMM + CUM + DBM + IGM,Triangular,Subsystem-block Gaussian copula,0.25,FW,100000,4636.317392640301,4871.78,4636.15605983338,73.90059503319581,4757.971054855647,4802.631852861332,4905.055835156398,113.80894514435295,69.14814713866781,0.9766391452109182,0.9858063896278839,1.0068303238562493,2.3360854789081804,1.4193610372116108,18,0.00018,0.018000000000000002,9.685172688744523e-05,0.0002631482731125548,,0.9764575451337308,114.69366076839287,4757.086339231607,0.0,0.009348844494153075,-45.545513629725065,45.545513629725065,0.018000000000000002
Scenario Bravo,Case C - CMM + CUM + DBM + IGM,Triangular,Subsystem-block Gaussian copula,0.25,HVAC,100000,307.292471684,372.93,307.35344270782133,13.894333996211028,330.2269477608033,338.8871776678029,357.30105745979995,42.70305223919672,34.04282233219709,0.8854931160292904,0.9087152486198561,0.9580914848893892,11.450688397070957,9.128475138014396,0,0.0,0.0,0.0,0.0,3e-05,0.8506738763747734,55.68819128355574,317.24180871644427,0.0,0.058041372245082656,-21.64536895135865,21.64536895135865,0.0
Scenario Bravo,Case C - CMM + CUM + DBM + IGM,Triangular,Subsystem-block Gaussian copula,0.5,CW,100000,1256.6386696681602,1392.08,1256.8143676504571,43.97179336475066,1329.5112442028803,1356.397155552457,1408.701678539731,62.56875579711959,35.68284444754295,0.9550537642972246,0.9743672458137873,1.011940174802979,4.4946235702775414,2.5632754186212683,30,0.0003,0.03,0.0001926624829800875,0.00040733751701991247,,0.9233486512447155,106.70480957525616,1285.3751904247438,0.0,0.05101859456907176,-71.02196512771322,71.0219651277132,0.03
Scenario Bravo,Case C - CMM + CUM + DBM + IGM,Triangular,Subsystem-block Gaussian copula,0.5,FW,100000,4636.317392640301,4871.78,4636.835170305385,89.26911602954236,4784.094959991129,4837.852544045868,4966.6876395910795,87.6850400088706,33.9274559541318,0.9820014368446706,0.9930359219927559,1.0194811012794256,1.7998563155329388,0.6964078007244129,234,0.00234,0.234,0.0020405286502010586,0.0026394713497989416,,0.9764575451337308,114.69366076839287,4757.086339231607,0.0,0.01657837685902508,-80.76620481426107,80.76620481426107,0.234
Scenario Bravo,Case C - CMM + CUM + DBM + IGM,Triangular,Subsystem-block Gaussian copula,0.5,HVAC,100000,307.292471684,372.93,307.32850324717936,19.112841666429627,338.9202391333149,349.87630501628115,369.82783174075433,34.0097608666851,23.053694983718856,0.9088039018939611,0.9381822460415659,0.9916816339279605,9.119609810603894,6.181775395843417,0,0.0,0.0,0.0,0.0,3e-05,0.8506738763747734,55.68819128355574,317.24180871644427,0.0,0.08750836966679243,-32.63449629983688,32.63449629983688,0.0
Scenario Bravo,Case C - CMM + CUM + DBM + IGM,Triangular,Subsystem-block Gaussian copula,0.75,CW,100000,1256.6386696681602,1392.08,1256.6393696321804,53.27960497825373,1344.5747121469583,1375.5318640063447,1431.7811514805308,47.50528785304164,16.54813599365525,0.9658745992665352,0.9881126544497045,1.028519303115145,3.412540073346477,1.1887345550295423,287,0.00287,0.28700000000000003,0.002538431769842767,0.0032015682301572332,,0.9233486512447155,106.70480957525616,1285.3751904247438,0.0,0.06476400320498898,-90.15667358160091,90.1566735816009,0.28700000000000003
Scenario Bravo,Case C - CMM + CUM + DBM + IGM,Triangular,Subsystem-block Gaussian copula,0.75,FW,100000,4636.317392640301,4871.78,4636.084509054687,102.37996010807626,4805.697650900717,4864.758695197388,4996.840328217358,66.08234909928251,7.021304802611667,0.9864356869359284,0.998558780404162,1.0256703562593874,1.3564313064071554,0.1441219595838003,793,0.00793,0.7929999999999999,0.007380251790651757,0.008479748209348242,,0.9764575451337308,114.69366076839287,4757.086339231607,0.0,0.022101235270431174,-107.67235596578121,107.67235596578121,0.7929999999999999
Scenario Bravo,Case C - CMM + CUM + DBM + IGM,Triangular,Subsystem-block Gaussian copula,0.75,HVAC,100000,307.292471684,372.93,307.19913274447856,23.23681385881232,345.6705693578241,357.64781829891484,371.2235765759638,27.259430642175914,15.282181701085165,0.9269046988920818,0.959021313112152,0.9954242795590695,7.3095301107918145,4.097868688784803,0,0.0,0.0,0.0,0.0,3e-05,0.8506738763747734,55.68819128355574,317.24180871644427,0.0,0.10834743673737857,-40.406009582470574,40.406009582470574,0.0
Scenario Bravo,Case C - CMM + CUM + DBM + IGM,Truncated normal,Global Gaussian copula,0.25,CW,100000,1256.6386696681602,1392.08,1256.5731159150089,46.0263796899454,1332.4559357047992,1360.4088981716102,1435.7899947447468,59.6240642952007,31.671101828389737,0.9571690820245958,0.9772490791991914,1.031399053750321,4.283091797540421,2.275092080080867,75,0.00075,0.075,0.0005803226856648185,0.0009196773143351815,,0.9253277757200656,103.94970997561086,1288.130290024389,0.0,0.05192130347912571,-72.27860814722112,72.27860814722112,0.075
Scenario Bravo,Case C - CMM + CUM + DBM + IGM,Truncated normal,Global Gaussian copula,0.25,FW,100000,4636.317392640301,4871.78,4636.191671755299,109.38135295265684,4816.386035497822,4881.078739568036,5040.823499950196,55.39396450217737,-9.29873956803658,0.9886296252084089,1.0019086944747169,1.0346985085431188,1.1370374791591036,-0.1908694474716958,1288,0.01288,1.288,0.012181125847716773,0.013578874152283229,,0.97861568788496,104.17966407581024,4767.6003359241895,0.0,0.02329300658975686,-113.47840364384682,113.47840364384683,1.288
Scenario Bravo,Case C - CMM + CUM + DBM + IGM,Truncated normal,Global Gaussian copula,0.25,HVAC,100000,307.292471684,372.93,307.26753911693027,15.09025535934313,332.1612691403272,341.3802687325497,366.2024702109126,40.768730859672814,31.549731267450284,0.890679937629923,0.9154003934586912,0.9819603416483325,10.9320062370077,8.459960654130878,0,0.0,0.0,0.0,0.0,3e-05,0.852850350421709,54.87651881723207,318.05348118276794,0.0,0.0625500430369822,-23.326787549781784,23.326787549781784,0.0
Scenario Bravo,Case C - CMM + CUM + DBM + IGM,Truncated normal,Global Gaussian copula,0.5,CW,100000,1256.6386696681602,1392.08,1256.6152628190052,63.54142450972929,1362.1728913572078,1397.5544652280803,1452.1188753607353,29.907108642792082,-5.474465228080362,0.9785162428576001,1.0039325794696285,1.0431288973052808,2.148375714239992,-0.3932579469628442,1342,0.01342,1.3419999999999999,0.012706821104702613,0.014133178895297386,,0.9253277757200656,103.94970997561086,1288.130290024389,0.0,0.07860480374956291,-109.42417520369122,109.42417520369122,1.3419999999999999
Scenario Bravo,Case C - CMM + CUM + DBM + IGM,Truncated normal,Global Gaussian copula,0.5,FW,100000,4636.317392640301,4871.78,4636.1536455061205,142.6724584742349,4873.171948784224,4950.565241973453,5059.18509590949,-1.3919487842240414,-78.7852419734536,1.0002857166752652,1.016171756929388,1.0384674792189899,-0.028571667526531196,-1.6171756929387944,5116,0.05116,5.116,0.04979441784888993,0.05252558215111006,,0.97861568788496,104.17966407581024,4767.6003359241895,0.0,0.03755606904442799,-182.96490604926385,182.96490604926385,5.116
Scenario Bravo,Case C - CMM + CUM + DBM + IGM,Truncated normal,Global Gaussian copula,0.5,HVAC,100000,307.292471684,372.93,307.28400667334614,20.774012769046347,341.72104181371367,353.3922735572339,371.28187328115985,31.20895818628634,19.537726442766086,0.9163141656978888,0.9476102044813609,0.9955806003302492,8.368583430211123,5.2389795518639115,0,0.0,0.0,0.0,0.0,3e-05,0.852850350421709,54.87651881723207,318.05348118276794,0.0,0.09475985405965193,-35.33879237446598,35.33879237446598,0.0
Scenario Bravo,Case C - CMM + CUM + DBM + IGM,Truncated normal,Global Gaussian copula,0.75,CW,100000,1256.6386696681602,1392.08,1256.6764076791508,77.76807551155576,1385.6391768633373,1423.9755991055729,1456.3208905368365,6.44082313666263,-31.895599105572956,0.9953732377904555,1.0229121883121466,1.0461474128906647,0.4626762209544444,-2.291218831214654,4077,0.04077,4.077,0.03954428979054852,0.04199571020945148,,0.9253277757200656,103.94970997561086,1288.130290024389,0.0,0.09758441259208095,-135.8453090811838,135.8453090811838,4.077
Scenario Bravo,Case C - CMM + CUM + DBM + IGM,Truncated normal,Global Gaussian copula,0.75,FW,100000,4636.317392640301,4871.78,4636.610610100525,170.79761877709802,4920.831489189463,5003.217758889282,5070.6401291448055,-49.05148918946361,-131.43775888928212,1.0100684943058724,1.0269794118144255,1.0408187826923232,-1.0068494305872517,-2.6979411814425553,9225,0.09225,9.225,0.0904564132474285,0.0940435867525715,,0.97861568788496,104.17966407581024,4767.6003359241895,0.0,0.04836372392946553,-235.61742296509237,235.61742296509237,9.225
Scenario Bravo,Case C - CMM + CUM + DBM + IGM,Truncated normal,Global Gaussian copula,0.75,HVAC,100000,307.292471684,372.93,307.3051403923331,25.3918948675713,349.4389272279223,361.92849187466226,372.5151810296936,23.4910727720777,11.00150812533775,0.937009431335431,0.9704998039167196,0.9988876760509844,6.299056866456895,2.9500196083280374,0,0.0,0.0,0.0,0.0,3e-05,0.852850350421709,54.87651881723207,318.05348118276794,0.0,0.11764945349501066,-43.87501069189432,43.87501069189432,0.0
Scenario Bravo,Case C - CMM + CUM + DBM + IGM,Truncated normal,Subsystem-block Gaussian copula,0.25,CW,100000,1256.6386696681602,1392.08,1256.6263718232938,35.3593592577086,1314.9962794883102,1336.768182648776,1392.9082025909038,77.08372051168976,55.31181735122391,0.9446269463596275,0.9602667825475376,1.0005949389337565,5.537305364037251,3.9733217452462437,1,1e-05,0.001,0.0,2.9599901999754997e-05,,0.9253277757200656,103.94970997561086,1288.130290024389,0.0,0.034939006827471975,-48.63789262438695,48.63789262438695,0.001
Scenario Bravo,Case C - CMM + CUM + DBM + IGM,Truncated normal,Subsystem-block Gaussian copula,0.25,FW,100000,4636.317392640301,4871.78,4636.618217772304,80.35424728804398,4769.374035605393,4816.372919684414,4923.348884607155,102.4059643946066,55.40708031558552,0.9789797641940714,0.9886269330069122,1.0105852244163642,2.102023580592855,1.1373066993087848,59,0.00059,0.059000000000000004,0.00043949396227924945,0.0007405060377207506,,0.97861568788496,104.17966407581024,4767.6003359241895,0.0,0.010011245121952173,-48.77258376022472,48.772583760224734,0.059000000000000004
Scenario Bravo,Case C - CMM + CUM + DBM + IGM,Truncated normal,Subsystem-block Gaussian copula,0.25,HVAC,100000,307.292471684,372.93,307.27774158059947,15.158100163687697,332.26552596307,341.4887129418372,363.8023846199231,40.66447403693002,31.4412870581628,0.8909594990026815,0.9156911831760309,0.9755245880458078,10.904050099731858,8.430881682396912,0,0.0,0.0,0.0,0.0,3e-05,0.852850350421709,54.87651881723207,318.05348118276794,0.0,0.06284083275432195,-23.435231759069268,23.435231759069268,0.0
Scenario Bravo,Case C - CMM + CUM + DBM + IGM,Truncated normal,Subsystem-block Gaussian copula,0.5,CW,100000,1256.6386696681602,1392.08,1256.5256284902218,48.065040799483086,1335.5594226413816,1363.5163022513184,1427.6983918127967,56.52057735861831,28.563697748681534,0.9593984703762584,0.9794812814287386,1.0255864546669708,4.060152962374168,2.051871857126138,88,0.00088,0.08800000000000001,0.0006962166203118465,0.0010637833796881535,,0.9253277757200656,103.94970997561086,1288.130290024389,0.0,0.054153505708672944,-75.38601222692932,75.38601222692932,0.08800000000000001
Scenario Bravo,Case C - CMM + CUM + DBM + IGM,Truncated normal,Subsystem-block Gaussian copula,0.5,FW,100000,4636.317392640301,4871.78,4636.593328922167,96.822765990291,4795.898278191279,4853.827838681389,5001.730812572339,75.88172180872061,17.952161318610706,0.9844242306079666,0.9963150714279769,1.0266741955860772,1.5575769392033427,0.3684928572023102,545,0.00545,0.545,0.004993681965335579,0.005906318034664421,,0.97861568788496,104.17966407581024,4767.6003359241895,0.0,0.017699383543016922,-86.22750275719953,86.22750275719955,0.545
Scenario Bravo,Case C - CMM + CUM + DBM + IGM,Truncated normal,Subsystem-block Gaussian copula,0.5,HVAC,100000,307.292471684,372.93,307.39067886539095,20.849078891648183,341.89514982420064,353.6481692204246,370.7632488155524,31.034850175799363,19.281830779575387,0.9167810308213354,0.9482963806087593,0.9941899252287357,8.321896917866454,5.170361939124068,0,0.0,0.0,0.0,0.0,3e-05,0.852850350421709,54.87651881723207,318.05348118276794,0.0,0.09544603018705033,-35.59468803765668,35.59468803765668,0.0
Scenario Bravo,Case C - CMM + CUM + DBM + IGM,Truncated normal,Subsystem-block Gaussian copula,0.75,CW,100000,1256.6386696681602,1392.08,1256.8649048063476,58.11670199980895,1352.7342781739635,1385.9562965870173,1444.814815734975,39.345721826036424,6.12370341298265,0.9717360196066056,0.9956010405917888,1.0378820295780236,2.8263980393394363,0.43989594082112016,671,0.00671,0.6709999999999999,0.006203994353614112,0.007216005646385888,,0.9253277757200656,103.94970997561086,1288.130290024389,0.0,0.07027326487172314,-97.82600656262821,97.82600656262821,0.6709999999999999
Scenario Bravo,Case C - CMM + CUM + DBM + IGM,Truncated normal,Subsystem-block Gaussian copula,0.75,FW,100000,4636.317392640301,4871.78,4636.308536810485,111.71954687968382,4821.2816715407425,4886.199046584667,5022.390918474386,50.49832845925721,-14.41904658466683,0.9896345219900617,1.0029597080706985,1.0309149671114841,1.03654780099383,-0.2959708070698355,1534,0.01534,1.534,0.014578250988900936,0.01610174901109906,,0.97861568788496,104.17966407581024,4767.6003359241895,0.0,0.024344020185738446,-118.59871066047707,118.59871066047708,1.534
Scenario Bravo,Case C - CMM + CUM + DBM + IGM,Truncated normal,Subsystem-block Gaussian copula,0.75,HVAC,100000,307.292471684,372.93,307.3834519748389,25.39307764642262,349.603609380341,362.27470120616795,372.6853528992224,23.32639061965898,10.65529879383206,0.937451021318588,0.9714281532892712,0.9993439865369436,6.2548978681412,2.857184671072871,0,0.0,0.0,0.0,0.0,3e-05,0.852850350421709,54.87651881723207,318.05348118276794,0.0,0.11857780286756225,-44.22122002340001,44.22122002340001,0.0
