source_row,record_id,pbs_code,teamcenter_id,bom_id,item_description,system,base_load_kw,alpha_lf,alpha_uf,alpha_load_kw,bravo_lf,bravo_uf,bravo_load_kw,cmm,cum,dbm,igm,alpha_load_was_blank,alpha_load_model_kw,bravo_load_was_blank,bravo_load_model_kw,cmm_was_blank,cmm_model,cum_was_blank,cum_model,dbm_was_blank,dbm_model,igm_was_blank,igm_model,margin_case_a,margin_case_b,margin_case_c,is_propagation_candidate,propagation_type
0,1,PBS_GROUP_0001,,BOM_000001,ITEM_000001,CW,14.872,1.0,1.0,14.872,0.0,1.0,0.0,0.1,0.15,0.1,0.0,False,14.872,False,0.0,False,0.1,False,0.15,False,0.1,False,0.0,0.15,0.25,0.35,False,local
1,2,PBS_GROUP_0001,,BOM_000002,ITEM_000002,CW,9.668,1.0,1.0,9.668,1.0,1.0,9.668,0.1,0.15,0.1,0.0,False,9.668,False,9.668,False,0.1,False,0.15,False,0.1,False,0.0,0.15,0.25,0.35,False,local
2,3,PBS_GROUP_0001,,BOM_000003,ITEM_000003,CW,9.368,1.0,1.0,9.368,1.0,1.0,9.368,0.1,0.15,0.1,0.0,False,9.368,False,9.368,False,0.1,False,0.15,False,0.1,False,0.0,0.15,0.25,0.35,False,local
3,4,PBS_GROUP_0001,,BOM_000004,ITEM_000004,CW,4.01,0.778,1.0,3.11978,0.3741,1.0,1.500141,0.1,0.15,0.1,0.0,False,3.11978,False,1.500141,False,0.1,False,0.15,False,0.1,False,0.0,0.15,0.25,0.35,False,local
4,5,PBS_GROUP_0001,,BOM_000005,ITEM_000005,CW,3.638,1.0,0.958,3.485204,1.0,1.0,3.638,0.1,0.15,0.1,0.0,False,3.485204,False,3.638,False,0.1,False,0.15,False,0.1,False,0.0,0.15,0.25,0.35,False,local
5,6,PBS_GROUP_0001,,BOM_000006,ITEM_000006,CW,3.692,1.0,1.0,3.692,1.0,1.0,3.692,0.1,0.15,0.1,0.0,False,3.692,False,3.692,False,0.1,False,0.15,False,0.1,False,0.0,0.15,0.25,0.35,False,local
6,7,PBS_GROUP_0001,,BOM_000007,ITEM_000007,CW,3.626,1.0,1.0,3.626,0.4969,1.0,1.8017594,0.1,0.15,0.1,0.0,False,3.626,False,1.8017594,False,0.1,False,0.15,False,0.1,False,0.0,0.15,0.25,0.35,False,local
7,8,PBS_GROUP_0001,,BOM_000008,ITEM_000008,CW,3.438,1.0,1.0,3.438,1.0,0.0254,0.0873252,0.1,0.15,0.1,0.0,False,3.438,False,0.0873252,False,0.1,False,0.15,False,0.1,False,0.0,0.15,0.25,0.35,False,local
8,9,PBS_GROUP_0001,,BOM_000009,ITEM_000009,CW,3.882,0.9322,1.0,3.6188004,1.0,0.9396,3.6475272,0.1,0.15,0.1,0.0,False,3.6188004,False,3.6475272,False,0.1,False,0.15,False,0.1,False,0.0,0.15,0.25,0.35,False,local
9,10,PBS_GROUP_0001,,BOM_000010,ITEM_000010,CW,3.718,1.0,1.0,3.718,0.0,1.0,0.0,0.1,0.15,0.1,0.0,False,3.718,False,0.0,False,0.1,False,0.15,False,0.1,False,0.0,0.15,0.25,0.35,False,local
10,11,PBS_GROUP_0001,,BOM_000011,ITEM_000011,CW,1.764,1.0,1.0,1.764,0.0153,1.0,0.026989199999999998,0.1,0.15,0.1,0.0,False,1.764,False,0.026989199999999998,False,0.1,False,0.15,False,0.1,False,0.0,0.15,0.25,0.35,False,local
11,12,PBS_GROUP_0001,,BOM_000012,ITEM_000012,CW,1.882,1.0,1.0,1.882,0.7772,1.0,1.4626903999999998,0.1,0.15,0.1,0.0,False,1.882,False,1.4626903999999998,False,0.1,False,0.15,False,0.1,False,0.0,0.15,0.25,0.35,False,local
12,13,PBS_GROUP_0001,,BOM_000013,ITEM_000013,CW,3.541,1.0,1.0,3.541,1.0,0.0,0.0,0.1,0.15,0.1,0.0,False,3.541,False,0.0,False,0.1,False,0.15,False,0.1,False,0.0,0.15,0.25,0.35,False,local
13,14,PBS_GROUP_0001,,BOM_000014,ITEM_000014,CW,3.341,1.0,1.0,3.341,1.0,1.0,3.341,0.1,0.15,0.1,0.0,False,3.341,False,3.341,False,0.1,False,0.15,False,0.1,False,0.0,0.15,0.25,0.35,False,local
14,15,PBS_GROUP_0001,,BOM_000015,ITEM_000015,CW,4.059,1.0,1.0,4.059,0.0,0.9402,0.0,0.1,0.15,0.1,0.0,False,4.059,False,0.0,False,0.1,False,0.15,False,0.1,False,0.0,0.15,0.25,0.35,False,local
15,16,PBS_GROUP_0001,,BOM_000016,ITEM_000016,CW,3.916,1.0,1.0,3.916,0.0,1.0,0.0,0.1,0.15,0.1,0.0,False,3.916,False,0.0,False,0.1,False,0.15,False,0.1,False,0.0,0.15,0.25,0.35,False,local
16,17,PBS_GROUP_0001,,BOM_000017,ITEM_000017,CW,3.361,1.0,1.0,3.361,1.0,0.9885,3.3223485000000004,0.1,0.15,0.1,0.0,False,3.361,False,3.3223485000000004,False,0.1,False,0.15,False,0.1,False,0.0,0.15,0.25,0.35,False,local
17,18,PBS_GROUP_0001,,BOM_000018,ITEM_000018,CW,3.49,1.0,1.0,3.49,0.0,1.0,0.0,0.1,0.15,0.1,0.0,False,3.49,False,0.0,False,0.1,False,0.15,False,0.1,False,0.0,0.15,0.25,0.35,False,local
18,19,PBS_GROUP_0001,,BOM_000019,ITEM_000019,CW,4.011,1.0,1.0,4.011,1.0,0.9504,3.8120544,0.1,0.15,0.1,0.0,False,4.011,False,3.8120544,False,0.1,False,0.15,False,0.1,False,0.0,0.15,0.25,0.35,False,local
19,20,PBS_GROUP_0001,,BOM_000020,ITEM_000020,CW,3.531,1.0,1.0,3.531,0.5037,1.0,1.7785647000000002,0.1,0.15,0.1,0.0,False,3.531,False,1.7785647000000002,False,0.1,False,0.15,False,0.1,False,0.0,0.15,0.25,0.35,False,local
20,21,PBS_GROUP_0001,,BOM_000021,ITEM_000021,CW,3.754,1.0,1.0,3.754,0.5382,1.0,2.0204028,0.1,0.15,0.1,0.0,False,3.754,False,2.0204028,False,0.1,False,0.15,False,0.1,False,0.0,0.15,0.25,0.35,False,local
21,22,PBS_GROUP_0001,,BOM_000022,ITEM_000022,CW,4.001,1.0,1.0,4.001,1.0,0.9566,3.8273566000000003,0.1,0.15,0.1,0.0,False,4.001,False,3.8273566000000003,False,0.1,False,0.15,False,0.1,False,0.0,0.15,0.25,0.35,False,local
22,23,PBS_GROUP_0001,,BOM_000023,ITEM_000023,CW,3.813,1.0,1.0,3.813,1.0,0.0,0.0,0.1,0.15,0.1,0.0,False,3.813,False,0.0,False,0.1,False,0.15,False,0.1,False,0.0,0.15,0.25,0.35,False,local
23,24,PBS_GROUP_0001,,BOM_000024,ITEM_000024,CW,3.875,0.9572,1.0,3.70915,1.0,1.0,3.875,0.1,0.15,0.1,0.0,False,3.70915,False,3.875,False,0.1,False,0.15,False,0.1,False,0.0,0.15,0.25,0.35,False,local
24,25,PBS_GROUP_0001,,BOM_000025,ITEM_000025,CW,20.204,1.0,1.0,20.204,1.0,1.0,20.204,0.1,0.15,0.1,0.0,False,20.204,False,20.204,False,0.1,False,0.15,False,0.1,False,0.0,0.15,0.25,0.35,False,local
25,26,PBS_GROUP_0001,,BOM_000026,ITEM_000026,CW,21.826,1.0,1.0,21.826,1.0,0.0,0.0,0.1,0.15,0.1,0.0,False,21.826,False,0.0,False,0.1,False,0.15,False,0.1,False,0.0,0.15,0.25,0.35,False,local
26,27,,,BOM_000027,ITEM_000027,CW,2.103,1.0,1.0,2.103,0.0,1.0,0.0,0.1,0.15,0.1,0.0,False,2.103,False,0.0,False,0.1,False,0.15,False,0.1,False,0.0,0.15,0.25,0.35,False,local
27,28,,,BOM_000027,ITEM_000028,CW,2.438,0.8742,0.966,2.0588354135999998,1.0,0.0563,0.1372594,0.1,0.15,0.1,0.0,False,2.0588354135999998,False,0.1372594,False,0.1,False,0.15,False,0.1,False,0.0,0.15,0.25,0.35,False,local
28,29,,,BOM_000027,ITEM_000029,CW,1.981,1.0,1.0,1.981,0.0,0.9899,0.0,0.1,0.15,0.1,0.0,False,1.981,False,0.0,False,0.1,False,0.15,False,0.1,False,0.0,0.15,0.25,0.35,False,local
29,30,,,BOM_000027,ITEM_000030,CW,2.003,1.0,1.0,2.003,1.0,0.0207,0.0414621,0.1,0.15,0.1,0.0,False,2.003,False,0.0414621,False,0.1,False,0.15,False,0.1,False,0.0,0.15,0.25,0.35,False,local
30,31,,,BOM_000027,ITEM_000031,CW,1.959,1.0,1.0,1.959,0.0,1.0,0.0,0.1,0.15,0.1,0.0,False,1.959,False,0.0,False,0.1,False,0.15,False,0.1,False,0.0,0.15,0.25,0.35,False,local
31,32,,,BOM_000027,ITEM_000032,CW,2.369,1.0,1.0,2.369,0.0272,1.0,0.0644368,0.1,0.15,0.1,0.0,False,2.369,False,0.0644368,False,0.1,False,0.15,False,0.1,False,0.0,0.15,0.25,0.35,False,local
32,33,,,BOM_000027,ITEM_000033,CW,1.975,0.05,1.0,0.09875,1.0,1.0,1.975,0.1,0.15,0.1,0.0,False,0.09875,False,1.975,False,0.1,False,0.15,False,0.1,False,0.0,0.15,0.25,0.35,False,local
33,34,,,BOM_000027,ITEM_000034,CW,2.47,1.0,1.0,2.47,0.7994,1.0,1.9745180000000002,0.1,0.15,0.1,0.0,False,2.47,False,1.9745180000000002,False,0.1,False,0.15,False,0.1,False,0.0,0.15,0.25,0.35,False,local
34,35,,,BOM_000027,ITEM_000035,CW,2.312,1.0,1.0,2.312,1.0,1.0,2.312,0.1,0.15,0.1,0.0,False,2.312,False,2.312,False,0.1,False,0.15,False,0.1,False,0.0,0.15,0.25,0.35,False,local
35,36,,,BOM_000027,ITEM_000036,CW,1.902,0.0,1.0,0.0,1.0,1.0,1.902,0.1,0.15,0.1,0.0,False,0.0,False,1.902,False,0.1,False,0.15,False,0.1,False,0.0,0.15,0.25,0.35,False,local
36,37,PBS_GROUP_0002,,,ITEM_000037,CW,3.478,1.0,1.0,3.478,1.0,1.0,3.478,0.1,0.0,0.08,0.0,False,3.478,False,3.478,False,0.1,False,0.0,False,0.08,False,0.0,0.0,0.1,0.18,False,local
37,38,PBS_GROUP_0003,,BOM_000028,ITEM_000038,CW,0.039,,,,,,,0.0,0.0,0.0,0.0,True,0.0,True,0.0,False,0.0,False,0.0,False,0.0,False,0.0,0.0,0.0,0.0,False,local
38,39,PBS_GROUP_0003,,BOM_000029,ITEM_000039,CW,70.636,1.0,1.0,70.636,0.0,1.0,0.0,0.0,0.0,0.0,0.0,False,70.636,False,0.0,False,0.0,False,0.0,False,0.0,False,0.0,0.0,0.0,0.0,False,local
39,40,PBS_GROUP_0003,,BOM_000030,ITEM_000040,CW,0.0,,,,,,,0.0,0.0,0.0,0.0,True,0.0,True,0.0,False,0.0,False,0.0,False,0.0,False,0.0,0.0,0.0,0.0,False,local
40,41,PBS_GROUP_SMALL,,BOM_000027,ITEM_000041,CW,0.096,1.0,1.0,0.096,0.4787,0.0,0.0,0.1,0.0,0.04,0.0,False,0.096,False,0.0,False,0.1,False,0.0,False,0.04,False,0.0,0.0,0.1,0.14,False,local
41,42,PBS_GROUP_SMALL,,BOM_000027,ITEM_000042,CW,0.039,1.0,1.0,0.039,0.0163,0.0073,4.640609999999999e-06,0.1,0.0,0.04,0.0,False,0.039,False,4.640609999999999e-06,False,0.1,False,0.0,False,0.04,False,0.0,0.0,0.1,0.14,False,local
42,43,PBS_GROUP_SMALL,,BOM_000027,ITEM_000043,CW,0.0,1.0,1.0,0.0,1.0,0.9852,0.0,0.1,0.0,0.04,0.0,False,0.0,False,0.0,False,0.1,False,0.0,False,0.04,False,0.0,0.0,0.1,0.14,False,local
43,44,PBS_GROUP_SMALL,,BOM_000027,ITEM_000044,CW,0.0,0.9622,1.0,0.0,1.0,1.0,0.0,0.1,0.0,0.04,0.0,False,0.0,False,0.0,False,0.1,False,0.0,False,0.04,False,0.0,0.0,0.1,0.14,False,local
44,45,PBS_GROUP_SMALL,,BOM_000027,ITEM_000045,CW,0.0,1.0,1.0,0.0,,,,0.1,0.0,0.04,0.0,False,0.0,True,0.0,False,0.1,False,0.0,False,0.04,False,0.0,0.0,0.1,0.14,False,local
45,46,PBS_GROUP_SMALL,,BOM_000027,ITEM_000046,CW,1.719,1.0,1.0,1.719,,,,0.1,0.0,0.04,0.0,False,1.719,True,0.0,False,0.1,False,0.0,False,0.04,False,0.0,0.0,0.1,0.14,False,local
46,47,PBS_GROUP_SMALL,,BOM_000027,ITEM_000047,CW,1.034,1.0,1.0,1.034,1.0,0.0,0.0,0.1,0.0,0.04,0.0,False,1.034,False,0.0,False,0.1,False,0.0,False,0.04,False,0.0,0.0,0.1,0.14,False,local
47,48,PBS_GROUP_SMALL,,BOM_000027,ITEM_000048,CW,20.263,0.9724,1.0,19.703741200000003,1.0,1.0,20.263,0.1,0.0,0.04,0.0,False,19.703741200000003,False,20.263,False,0.1,False,0.0,False,0.04,False,0.0,0.0,0.1,0.14,False,local
48,49,PBS_GROUP_SMALL,,BOM_000031,ITEM_000049,CW,5.055,0.9819,1.0,4.9635045,1.0,0.0,0.0,0.1,0.15,0.1,0.0,False,4.9635045,False,0.0,False,0.1,False,0.15,False,0.1,False,0.0,0.15,0.25,0.35,False,local
49,50,PBS_GROUP_SMALL,,BOM_000032,ITEM_000050,CW,6.663,1.0,1.0,6.663,0.0,1.0,0.0,0.1,0.15,0.1,0.0,False,6.663,False,0.0,False,0.1,False,0.15,False,0.1,False,0.0,0.15,0.25,0.35,False,local
50,51,PBS_GROUP_0004,,BOM_000033,ITEM_000051,CW,5.293,0.0,1.0,0.0,0.0,1.0,0.0,0.1,0.15,0.1,0.0,False,0.0,False,0.0,False,0.1,False,0.15,False,0.1,False,0.0,0.15,0.25,0.35,False,local
51,52,PBS_GROUP_0004,,BOM_000034,ITEM_000052,CW,4.629,0.7596,1.0,3.5161884,1.0,1.0,4.629,0.1,0.15,0.1,0.0,False,3.5161884,False,4.629,False,0.1,False,0.15,False,0.1,False,0.0,0.15,0.25,0.35,False,local
52,53,PBS_GROUP_0004,,BOM_000035,ITEM_000053,CW,3.289,1.0,1.0,3.289,0.5169,1.0,1.7000841000000002,0.1,0.15,0.1,0.0,False,3.289,False,1.7000841000000002,False,0.1,False,0.15,False,0.1,False,0.0,0.15,0.25,0.35,False,local
53,54,PBS_GROUP_0004,,BOM_000036,ITEM_000054,CW,3.284,0.7499,1.0,2.4626715999999997,0.0,1.0,0.0,0.1,0.15,0.1,0.0,False,2.4626715999999997,False,0.0,False,0.1,False,0.15,False,0.1,False,0.0,0.15,0.25,0.35,False,local
54,55,PBS_GROUP_SMALL,,BOM_000037,ITEM_000055,CW,6.126,1.0,1.0,6.126,1.0,1.0,6.126,0.1,0.15,0.1,0.0,False,6.126,False,6.126,False,0.1,False,0.15,False,0.1,False,0.0,0.15,0.25,0.35,False,local
55,56,PBS_GROUP_SMALL,,BOM_000038,ITEM_000056,CW,14.858,1.0,1.0,14.858,0.0145,1.0,0.21544100000000002,0.1,0.15,0.1,0.0,False,14.858,False,0.21544100000000002,False,0.1,False,0.15,False,0.1,False,0.0,0.15,0.25,0.35,False,local
56,57,PBS_GROUP_SMALL,,BOM_000039,ITEM_000057,CW,4.402,1.0,1.0,4.402,0.3529,0.0673,0.10454824834,0.1,0.15,0.1,0.0,False,4.402,False,0.10454824834,False,0.1,False,0.15,False,0.1,False,0.0,0.15,0.25,0.35,False,local
57,58,PBS_GROUP_SMALL,,BOM_000040,ITEM_000058,CW,3.92,1.0,1.0,3.92,0.7666,1.0,3.0050719999999997,0.1,0.15,0.1,0.0,False,3.92,False,3.0050719999999997,False,0.1,False,0.15,False,0.1,False,0.0,0.15,0.25,0.35,False,local
58,59,PBS_GROUP_SMALL,,BOM_000041,ITEM_000059,CW,2.069,1.0,1.0,2.069,1.0,1.0,2.069,0.1,0.15,0.1,0.0,False,2.069,False,2.069,False,0.1,False,0.15,False,0.1,False,0.0,0.15,0.25,0.35,False,local
59,60,PBS_GROUP_SMALL,,BOM_000042,ITEM_000060,CW,2.199,1.0,1.0,2.199,0.0,1.0,0.0,0.1,0.15,0.1,0.0,False,2.199,False,0.0,False,0.1,False,0.15,False,0.1,False,0.0,0.15,0.25,0.35,False,local
60,61,PBS_GROUP_0001,,BOM_000043,ITEM_000061,CW,20.131,1.0,1.0,20.131,0.0,0.0,0.0,0.1,0.15,0.1,0.0,False,20.131,False,0.0,False,0.1,False,0.15,False,0.1,False,0.0,0.15,0.25,0.35,False,local
61,62,PBS_GROUP_0001,,BOM_000044,ITEM_000062,CW,22.286,1.0,1.0,22.286,1.0,1.0,22.286,0.1,0.15,0.1,0.0,False,22.286,False,22.286,False,0.1,False,0.15,False,0.1,False,0.0,0.15,0.25,0.35,False,local
62,63,PBS_GROUP_0001,,BOM_000045,ITEM_000063,CW,19.039,1.0,1.0,19.039,1.0,0.9864,18.7800696,0.1,0.15,0.1,0.0,False,19.039,False,18.7800696,False,0.1,False,0.15,False,0.1,False,0.0,0.15,0.25,0.35,False,local
63,64,PBS_GROUP_0001,,BOM_000046,ITEM_000064,CW,20.404,0.0437,1.0,0.8916548000000001,1.0,1.0,20.404,0.1,0.15,0.1,0.0,False,0.8916548000000001,False,20.404,False,0.1,False,0.15,False,0.1,False,0.0,0.15,0.25,0.35,False,local
64,65,PBS_GROUP_0001,,BOM_000047,ITEM_000065,CW,21.22,0.6629,1.0,14.066738,0.393,1.0,8.33946,0.1,0.15,0.1,0.0,False,14.066738,False,8.33946,False,0.1,False,0.15,False,0.1,False,0.0,0.15,0.25,0.35,False,local
65,66,PBS_GROUP_0001,,BOM_000048,ITEM_000066,CW,17.67,1.0,1.0,17.67,1.0,1.0,17.67,0.1,0.15,0.1,0.0,False,17.67,False,17.67,False,0.1,False,0.15,False,0.1,False,0.0,0.15,0.25,0.35,False,local
66,67,PBS_GROUP_0001,,BOM_000049,ITEM_000067,CW,22.574,1.0,1.0,22.574,1.0,0.0,0.0,0.1,0.15,0.1,0.0,False,22.574,False,0.0,False,0.1,False,0.15,False,0.1,False,0.0,0.15,0.25,0.35,False,local
67,68,PBS_GROUP_SMALL,TC_000001,BOM_000050,ITEM_000068,HVAC,0.0,1.0,1.0,0.0,1.0,1.0,0.0,0.1,0.0,0.04,0.0,False,0.0,False,0.0,False,0.1,False,0.0,False,0.04,False,0.0,0.0,0.1,0.14,False,local
68,69,PBS_GROUP_SMALL,TC_000002,BOM_000051,ITEM_000069,HVAC,0.552,1.0,0.9903,0.5466456000000001,1.0,1.0,0.552,0.1,0.0,0.04,0.0,False,0.5466456000000001,False,0.552,False,0.1,False,0.0,False,0.04,False,0.0,0.0,0.1,0.14,False,local
69,70,PBS_GROUP_SMALL,TC_000003,BOM_000052,ITEM_000070,HVAC,0.368,1.0,1.0,0.368,1.0,1.0,0.368,0.1,0.0,0.04,0.0,False,0.368,False,0.368,False,0.1,False,0.0,False,0.04,False,0.0,0.0,0.1,0.14,False,local
70,71,PBS_GROUP_0005,TC_000004,BOM_000053,ITEM_000071,HVAC,0.026,1.0,1.0,0.026,,,,0.1,0.0,0.04,0.0,False,0.026,True,0.0,False,0.1,False,0.0,False,0.04,False,0.0,0.0,0.1,0.14,False,local
71,72,PBS_GROUP_0005,TC_000005,BOM_000054,ITEM_000072,HVAC,0.0,1.0,1.0,0.0,,,,0.1,0.0,0.04,0.0,False,0.0,True,0.0,False,0.1,False,0.0,False,0.04,False,0.0,0.0,0.1,0.14,False,local
72,73,PBS_GROUP_0005,TC_000006,BOM_000055,ITEM_000073,HVAC,0.0,1.0,1.0,0.0,,,,0.1,0.0,0.04,0.0,False,0.0,True,0.0,False,0.1,False,0.0,False,0.04,False,0.0,0.0,0.1,0.14,False,local
73,74,PBS_GROUP_0005,TC_000007,BOM_000056,ITEM_000074,HVAC,0.0,1.0,1.0,0.0,,,,0.1,0.0,0.04,0.0,False,0.0,True,0.0,False,0.1,False,0.0,False,0.04,False,0.0,0.0,0.1,0.14,False,local
74,75,PBS_GROUP_0006,TC_000008,BOM_000057,ITEM_000075,HVAC,3.745,1.0,1.0,3.745,,,,0.1,0.0,0.04,0.0,False,3.745,True,0.0,False,0.1,False,0.0,False,0.04,False,0.0,0.0,0.1,0.14,False,local
75,76,PBS_GROUP_0006,TC_000009,BOM_000058,ITEM_000076,HVAC,0.232,1.0,1.0,0.232,,,,0.1,0.0,0.04,0.0,False,0.232,True,0.0,False,0.1,False,0.0,False,0.04,False,0.0,0.0,0.1,0.14,False,local
75,76,PBS_GROUP_0006,TC_000009,BOM_000058,ITEM_000076,FW,886.459,0.1954,1.0,173.21408859999997,1.0,1.0,886.459,0.0,0.0,0.08,0.05,False,173.21408859999997,False,886.459,False,0.0,False,0.0,False,0.08,False,0.05,0.0,0.0,0.13,False,local
76,77,PBS_GROUP_0006,TC_000010,BOM_000059,ITEM_000077,HVAC,0.277,0.7145,1.0,0.19791650000000002,,,,0.1,0.0,0.04,0.0,False,0.19791650000000002,True,0.0,False,0.1,False,0.0,False,0.04,False,0.0,0.0,0.1,0.14,False,local
76,77,PBS_GROUP_0006,TC_000010,BOM_000059,ITEM_000077,FW,915.943,0.0251,1.0,22.9901693,0.0,1.0,0.0,0.0,0.0,0.08,0.05,False,22.9901693,False,0.0,False,0.0,False,0.0,False,0.08,False,0.05,0.0,0.0,0.13,False,local
77,78,PBS_GROUP_0006,TC_000011,BOM_000060,ITEM_000078,HVAC,3.324,1.0,1.0,3.324,,,,0.1,0.0,0.04,0.0,False,3.324,True,0.0,False,0.1,False,0.0,False,0.04,False,0.0,0.0,0.1,0.14,False,local
78,79,PBS_GROUP_0007,TC_000012,BOM_000061,ITEM_000079,HVAC,0.145,1.0,1.0,0.145,,,,0.1,0.0,0.04,0.0,False,0.145,True,0.0,False,0.1,False,0.0,False,0.04,False,0.0,0.0,0.1,0.14,False,local
79,80,PBS_GROUP_0006,TC_000013,BOM_000062,ITEM_000080,HVAC,4.551,1.0,1.0,4.551,,,,0.1,0.0,0.04,0.0,False,4.551,True,0.0,False,0.1,False,0.0,False,0.04,False,0.0,0.0,0.1,0.14,False,local
80,81,PBS_GROUP_0008,TC_000014,BOM_000063,ITEM_000081,CW,29.306,0.7396,1.0,21.6747176,1.0,1.0,29.306,0.1,0.0,0.04,0.0,False,21.6747176,False,29.306,False,0.1,False,0.0,False,0.04,False,0.0,0.0,0.1,0.14,False,local
81,82,PBS_GROUP_0008,TC_000015,BOM_000064,ITEM_000082,CW,32.483,1.0,1.0,32.483,1.0,0.0,0.0,0.1,0.0,0.04,0.0,False,32.483,False,0.0,False,0.1,False,0.0,False,0.04,False,0.0,0.0,0.1,0.14,False,local
82,83,PBS_GROUP_0009,TC_000016,BOM_000065,ITEM_000083,FW,438.519,0.006,1.0,2.631114,0.0,1.0,0.0,0.0,0.0,0.08,0.05,False,2.631114,False,0.0,False,0.0,False,0.0,False,0.08,False,0.05,0.0,0.0,0.13,False,local
83,84,PBS_GROUP_0009,TC_000017,BOM_000066,ITEM_000083,HVAC,3.061,1.0,1.0,3.061,,,,0.1,0.0,0.04,0.0,False,3.061,True,0.0,False,0.1,False,0.0,False,0.04,False,0.0,0.0,0.1,0.14,False,local
83,84,PBS_GROUP_0009,TC_000017,BOM_000066,ITEM_000083,FW,484.765,1.0,0.6234,302.202501,0.2298,1.0,111.398997,0.0,0.0,0.08,0.05,False,302.202501,False,111.398997,False,0.0,False,0.0,False,0.08,False,0.05,0.0,0.0,0.13,False,local
84,85,PBS_GROUP_0010,TC_000018,BOM_000067,ITEM_000084,HVAC,0.0,1.0,1.0,0.0,,,,0.1,0.0,0.04,0.0,False,0.0,True,0.0,False,0.1,False,0.0,False,0.04,False,0.0,0.0,0.1,0.14,False,local
85,86,PBS_GROUP_SMALL,TC_000019,BOM_000068,ITEM_000085,HVAC,9.163,1.0,1.0,9.163,,,,0.1,0.0,0.04,0.0,False,9.163,True,0.0,False,0.1,False,0.0,False,0.04,False,0.0,0.0,0.1,0.14,False,local
86,87,PBS_GROUP_SMALL,TC_000020,BOM_000069,ITEM_000086,HVAC,9.702,0.6666,1.0,6.4673532,,,,0.1,0.0,0.04,0.0,False,6.4673532,True,0.0,False,0.1,False,0.0,False,0.04,False,0.0,0.0,0.1,0.14,False,local
87,88,PBS_GROUP_SMALL,TC_000021,BOM_000070,ITEM_000087,FW,45.295,0.1105,1.0,5.005097500000001,0.0,1.0,0.0,0.0,0.0,0.03,0.03,False,5.005097500000001,False,0.0,False,0.0,False,0.0,False,0.03,False,0.03,0.0,0.0,0.06,False,local
88,89,PBS_GROUP_SMALL,TC_000022,BOM_000071,ITEM_000088,FW,52.037,1.0,1.0,52.037,0.2799,1.0,14.565156299999998,0.0,0.0,0.03,0.03,False,52.037,False,14.565156299999998,False,0.0,False,0.0,False,0.03,False,0.03,0.0,0.0,0.06,False,local
89,90,PBS_GROUP_SMALL,TC_000023,BOM_000072,ITEM_000089,HVAC,0.964,1.0,1.0,0.964,,,,0.1,0.0,0.04,0.0,False,0.964,True,0.0,False,0.1,False,0.0,False,0.04,False,0.0,0.0,0.1,0.14,False,local
89,90,PBS_GROUP_SMALL,TC_000023,BOM_000072,ITEM_000089,FW,10.035,0.0,1.0,0.0,0.068,1.0,0.6823800000000001,0.0,0.0,0.05,0.0,False,0.0,False,0.6823800000000001,False,0.0,False,0.0,False,0.05,False,0.0,0.0,0.0,0.05,False,local
90,91,PBS_GROUP_SMALL,TC_000024,BOM_000073,ITEM_000090,HVAC,1.836,1.0,1.0,1.836,,,,0.1,0.0,0.04,0.0,False,1.836,True,0.0,False,0.1,False,0.0,False,0.04,False,0.0,0.0,0.1,0.14,False,local
91,92,PBS_GROUP_SMALL,TC_000025,BOM_000074,ITEM_000091,HVAC,1.986,1.0,1.0,1.986,,,,0.1,0.0,0.04,0.0,False,1.986,True,0.0,False,0.1,False,0.0,False,0.04,False,0.0,0.0,0.1,0.14,False,local
91,92,PBS_GROUP_SMALL,TC_000025,BOM_000074,ITEM_000091,FW,2349.966,1.0,1.0,2349.966,0.0,1.0,0.0,0.0,0.0,0.1,0.0,False,2349.966,False,0.0,False,0.0,False,0.0,False,0.1,False,0.0,0.0,0.0,0.1,False,local
92,93,PBS_GROUP_SMALL,TC_000026,BOM_000075,ITEM_000092,FW,92.444,1.0,1.0,92.444,0.0,1.0,0.0,0.0,0.0,0.1,0.0,False,92.444,False,0.0,False,0.0,False,0.0,False,0.1,False,0.0,0.0,0.0,0.1,False,local
93,94,PBS_GROUP_SMALL,TC_000027,BOM_000038,ITEM_000093,HVAC,18.278,1.0,1.0,18.278,1.0,1.0,18.278,0.1,0.15,0.1,0.0,False,18.278,False,18.278,False,0.1,False,0.15,False,0.1,False,0.0,0.15,0.25,0.35,False,local
94,95,PBS_GROUP_SMALL,TC_000028,BOM_000076,ITEM_000094,HVAC,0.0,1.0,1.0,0.0,1.0,1.0,0.0,0.1,0.0,0.04,0.0,False,0.0,False,0.0,False,0.1,False,0.0,False,0.04,False,0.0,0.0,0.1,0.14,False,local
95,96,PBS_GROUP_SMALL,TC_000029,BOM_000077,ITEM_000095,HVAC,12.689,1.0,1.0,12.689,0.9874,1.0,12.5291186,0.1,0.0,0.04,0.0,False,12.689,False,12.5291186,False,0.1,False,0.0,False,0.04,False,0.0,0.0,0.1,0.14,False,local
96,97,PBS_GROUP_SMALL,TC_000030,BOM_000078,ITEM_000096,HVAC,0.026,1.0,1.0,0.026,1.0,1.0,0.026,0.1,0.0,0.04,0.0,False,0.026,False,0.026,False,0.1,False,0.0,False,0.04,False,0.0,0.0,0.1,0.14,False,local
97,98,PBS_GROUP_0011,TC_000031,BOM_000079,ITEM_000097,HVAC,0.078,,,,,,,0.1,0.0,0.04,0.0,True,0.0,True,0.0,False,0.1,False,0.0,False,0.04,False,0.0,0.0,0.1,0.14,False,local
97,98,PBS_GROUP_0011,TC_000031,BOM_000079,ITEM_000097,CW,0.0,1.0,0.9241,0.0,0.0,1.0,0.0,0.1,0.0,0.04,0.0,False,0.0,False,0.0,False,0.1,False,0.0,False,0.04,False,0.0,0.0,0.1,0.14,False,local
98,99,PBS_GROUP_0011,TC_000032,BOM_000080,ITEM_000098,HVAC,0.0,,,,,,,0.1,0.0,0.04,0.0,True,0.0,True,0.0,False,0.1,False,0.0,False,0.04,False,0.0,0.0,0.1,0.14,False,local
98,99,PBS_GROUP_0011,TC_000032,BOM_000080,ITEM_000098,CW,0.0,1.0,1.0,0.0,1.0,1.0,0.0,0.1,0.0,0.04,0.0,False,0.0,False,0.0,False,0.1,False,0.0,False,0.04,False,0.0,0.0,0.1,0.14,False,local
99,100,PBS_GROUP_0011,TC_000033,BOM_000081,ITEM_000099,HVAC,0.007,,,,,,,0.1,0.0,0.04,0.0,True,0.0,True,0.0,False,0.1,False,0.0,False,0.04,False,0.0,0.0,0.1,0.14,False,local
99,100,PBS_GROUP_0011,TC_000033,BOM_000081,ITEM_000099,CW,0.0,1.0,1.0,0.0,0.0,0.9886,0.0,0.1,0.0,0.04,0.0,False,0.0,False,0.0,False,0.1,False,0.0,False,0.04,False,0.0,0.0,0.1,0.14,False,local
100,101,PBS_GROUP_0011,TC_000034,BOM_000082,ITEM_000100,HVAC,0.021,,,,,,,0.1,0.0,0.04,0.0,True,0.0,True,0.0,False,0.1,False,0.0,False,0.04,False,0.0,0.0,0.1,0.14,False,local
100,101,PBS_GROUP_0011,TC_000034,BOM_000082,ITEM_000100,CW,0.102,0.5527,1.0,0.05637539999999999,0.5369,0.0,0.0,0.1,0.0,0.04,0.0,False,0.05637539999999999,False,0.0,False,0.1,False,0.0,False,0.04,False,0.0,0.0,0.1,0.14,False,local
101,102,PBS_GROUP_0011,TC_000035,BOM_000083,ITEM_000101,HVAC,0.0,,,,,,,0.1,0.0,0.04,0.0,True,0.0,True,0.0,False,0.1,False,0.0,False,0.04,False,0.0,0.0,0.1,0.14,False,local
101,102,PBS_GROUP_0011,TC_000035,BOM_000083,ITEM_000101,CW,0.074,1.0,1.0,0.074,1.0,1.0,0.074,0.1,0.0,0.04,0.0,False,0.074,False,0.074,False,0.1,False,0.0,False,0.04,False,0.0,0.0,0.1,0.14,False,local
102,103,PBS_GROUP_0011,TC_000036,BOM_000084,ITEM_000102,HVAC,0.031,,,,,,,0.1,0.0,0.04,0.0,True,0.0,True,0.0,False,0.1,False,0.0,False,0.04,False,0.0,0.0,0.1,0.14,False,local
102,103,PBS_GROUP_0011,TC_000036,BOM_000084,ITEM_000102,CW,0.0,1.0,1.0,0.0,1.0,0.9984,0.0,0.1,0.0,0.04,0.0,False,0.0,False,0.0,False,0.1,False,0.0,False,0.04,False,0.0,0.0,0.1,0.14,False,local
103,104,PBS_GROUP_0011,TC_000037,BOM_000085,ITEM_000103,HVAC,0.0,,,,,,,0.1,0.0,0.04,0.0,True,0.0,True,0.0,False,0.1,False,0.0,False,0.04,False,0.0,0.0,0.1,0.14,False,local
104,105,PBS_GROUP_SMALL,TC_000038,BOM_000086,ITEM_000104,HVAC,0.159,1.0,1.0,0.159,1.0,1.0,0.159,0.1,0.0,0.04,0.0,False,0.159,False,0.159,False,0.1,False,0.0,False,0.04,False,0.0,0.0,0.1,0.14,False,local
104,105,PBS_GROUP_SMALL,TC_000038,BOM_000086,ITEM_000104,CW,0.231,1.0,1.0,0.231,0.9406,1.0,0.21727860000000002,0.1,0.0,0.04,0.0,False,0.231,False,0.21727860000000002,False,0.1,False,0.0,False,0.04,False,0.0,0.0,0.1,0.14,False,local
105,106,PBS_GROUP_SMALL,TC_000039,BOM_000087,ITEM_000105,HVAC,0.386,1.0,1.0,0.386,1.0,1.0,0.386,0.1,0.0,0.04,0.0,False,0.386,False,0.386,False,0.1,False,0.0,False,0.04,False,0.0,0.0,0.1,0.14,False,local
106,107,PBS_GROUP_SMALL,TC_000040,BOM_000088,ITEM_000106,HVAC,0.313,1.0,1.0,0.313,1.0,0.0,0.0,0.1,0.0,0.04,0.0,False,0.313,False,0.0,False,0.1,False,0.0,False,0.04,False,0.0,0.0,0.1,0.14,False,local
107,108,PBS_GROUP_SMALL,TC_000041,BOM_000089,ITEM_000107,HVAC,0.258,1.0,1.0,0.258,1.0,1.0,0.258,0.1,0.0,0.04,0.0,False,0.258,False,0.258,False,0.1,False,0.0,False,0.04,False,0.0,0.0,0.1,0.14,False,local
108,109,PBS_GROUP_SMALL,TC_000042,BOM_000090,ITEM_000108,HVAC,0.181,1.0,1.0,0.181,,,,0.1,0.0,0.04,0.0,False,0.181,True,0.0,False,0.1,False,0.0,False,0.04,False,0.0,0.0,0.1,0.14,False,local
109,110,PBS_GROUP_SMALL,TC_000043,BOM_000091,ITEM_000109,HVAC,0.127,1.0,1.0,0.127,,,,,,,,False,0.127,True,0.0,True,0.0,True,0.0,True,0.0,True,0.0,0.0,0.0,0.0,False,local
110,111,PBS_GROUP_SMALL,TC_000044,BOM_000092,ITEM_000110,HVAC,0.128,1.0,1.0,0.128,0.9379,1.0,0.1200512,0.1,0.0,0.04,0.0,False,0.128,False,0.1200512,False,0.1,False,0.0,False,0.04,False,0.0,0.0,0.1,0.14,False,local
111,112,PBS_GROUP_SMALL,TC_000045,BOM_000093,ITEM_000111,HVAC,0.322,1.0,1.0,0.322,1.0,1.0,0.322,0.1,0.0,0.04,0.0,False,0.322,False,0.322,False,0.1,False,0.0,False,0.04,False,0.0,0.0,0.1,0.14,False,local
112,113,PBS_GROUP_SMALL,TC_000046,BOM_000094,ITEM_000110,HVAC,0.0,1.0,1.0,0.0,1.0,1.0,0.0,0.1,0.0,0.04,0.0,False,0.0,False,0.0,False,0.1,False,0.0,False,0.04,False,0.0,0.0,0.1,0.14,False,local
113,114,PBS_GROUP_0002,TC_000047,BOM_000095,ITEM_000112,CW,11.791,1.0,1.0,11.791,0.0,1.0,0.0,0.1,0.0,0.08,0.0,False,11.791,False,0.0,False,0.1,False,0.0,False,0.08,False,0.0,0.0,0.1,0.18,False,local
114,115,PBS_GROUP_0002,TC_000048,BOM_000096,ITEM_000113,HVAC,7.932,1.0,1.0,7.932,1.0,1.0,7.932,0.1,0.0,0.08,0.0,False,7.932,False,7.932,False,0.1,False,0.0,False,0.08,False,0.0,0.0,0.1,0.18,False,local
114,115,PBS_GROUP_0002,TC_000048,BOM_000096,ITEM_000113,CW,9.687,0.0,1.0,0.0,0.9666,1.0,9.3634542,0.1,0.0,0.08,0.0,False,0.0,False,9.3634542,False,0.1,False,0.0,False,0.08,False,0.0,0.0,0.1,0.18,False,local
115,116,PBS_GROUP_0002,TC_000049,BOM_000097,ITEM_000114,HVAC,4.234,1.0,1.0,4.234,1.0,1.0,4.234,0.1,0.0,0.08,0.0,False,4.234,False,4.234,False,0.1,False,0.0,False,0.08,False,0.0,0.0,0.1,0.18,False,local
115,116,PBS_GROUP_0002,TC_000049,BOM_000097,ITEM_000114,CW,12.994,0.982,1.0,12.760107999999999,0.0,1.0,0.0,0.1,0.0,0.08,0.0,False,12.760107999999999,False,0.0,False,0.1,False,0.0,False,0.08,False,0.0,0.0,0.1,0.18,False,local
116,117,PBS_GROUP_0002,TC_000050,BOM_000098,ITEM_000115,HVAC,4.959,0.9916,1.0,4.9173444,1.0,1.0,4.959,0.1,0.0,0.08,0.0,False,4.9173444,False,4.959,False,0.1,False,0.0,False,0.08,False,0.0,0.0,0.1,0.18,False,local
116,117,PBS_GROUP_0002,TC_000050,BOM_000098,ITEM_000115,CW,10.626,1.0,1.0,10.626,1.0,1.0,10.626,0.1,0.0,0.08,0.0,False,10.626,False,10.626,False,0.1,False,0.0,False,0.08,False,0.0,0.0,0.1,0.18,False,local
117,118,PBS_GROUP_0002,TC_000051,BOM_000099,ITEM_000116,HVAC,4.385,1.0,1.0,4.385,1.0,0.9655,4.2337175,0.1,0.0,0.08,0.0,False,4.385,False,4.2337175,False,0.1,False,0.0,False,0.08,False,0.0,0.0,0.1,0.18,False,local
117,118,PBS_GROUP_0002,TC_000051,BOM_000099,ITEM_000116,CW,12.634,1.0,1.0,12.634,1.0,0.0,0.0,0.1,0.0,0.08,0.0,False,12.634,False,0.0,False,0.1,False,0.0,False,0.08,False,0.0,0.0,0.1,0.18,False,local
118,119,PBS_GROUP_0012,TC_000052,BOM_000100,ITEM_000117,HVAC,0.439,1.0,1.0,0.439,,,,0.1,0.0,0.04,0.0,False,0.439,True,0.0,False,0.1,False,0.0,False,0.04,False,0.0,0.0,0.1,0.14,False,local
118,119,PBS_GROUP_0012,TC_000052,BOM_000100,ITEM_000117,CW,0.365,1.0,1.0,0.365,,,,0.1,0.0,0.04,0.0,False,0.365,True,0.0,False,0.1,False,0.0,False,0.04,False,0.0,0.0,0.1,0.14,False,local
119,120,PBS_GROUP_0012,TC_000053,BOM_000101,ITEM_000117,HVAC,0.347,1.0,1.0,0.347,,,,0.1,0.0,0.04,0.0,False,0.347,True,0.0,False,0.1,False,0.0,False,0.04,False,0.0,0.0,0.1,0.14,False,local
119,120,PBS_GROUP_0012,TC_000053,BOM_000101,ITEM_000117,CW,0.348,1.0,1.0,0.348,,,,0.1,0.0,0.04,0.0,False,0.348,True,0.0,False,0.1,False,0.0,False,0.04,False,0.0,0.0,0.1,0.14,False,local
120,121,PBS_GROUP_0012,TC_000054,BOM_000102,ITEM_000117,HVAC,0.391,1.0,1.0,0.391,,,,0.1,0.0,0.04,0.0,False,0.391,True,0.0,False,0.1,False,0.0,False,0.04,False,0.0,0.0,0.1,0.14,False,local
120,121,PBS_GROUP_0012,TC_000054,BOM_000102,ITEM_000117,CW,0.351,1.0,1.0,0.351,,,,0.1,0.0,0.04,0.0,False,0.351,True,0.0,False,0.1,False,0.0,False,0.04,False,0.0,0.0,0.1,0.14,False,local
121,122,PBS_GROUP_0012,TC_000055,BOM_000103,ITEM_000117,HVAC,0.4,1.0,1.0,0.4,,,,0.1,0.0,0.04,0.0,False,0.4,True,0.0,False,0.1,False,0.0,False,0.04,False,0.0,0.0,0.1,0.14,False,local
121,122,PBS_GROUP_0012,TC_000055,BOM_000103,ITEM_000117,CW,0.46,1.0,1.0,0.46,,,,0.1,0.0,0.04,0.0,False,0.46,True,0.0,False,0.1,False,0.0,False,0.04,False,0.0,0.0,0.1,0.14,False,local
122,123,PBS_GROUP_0012,TC_000056,BOM_000104,ITEM_000118,HVAC,0.169,1.0,1.0,0.169,,,,0.1,0.0,0.04,0.0,False,0.169,True,0.0,False,0.1,False,0.0,False,0.04,False,0.0,0.0,0.1,0.14,False,local
122,123,PBS_GROUP_0012,TC_000056,BOM_000104,ITEM_000118,CW,0.058,0.772,1.0,0.044776,,,,0.1,0.0,0.04,0.0,False,0.044776,True,0.0,False,0.1,False,0.0,False,0.04,False,0.0,0.0,0.1,0.14,False,local
123,124,PBS_GROUP_0012,TC_000057,BOM_000105,ITEM_000118,HVAC,0.36,1.0,1.0,0.36,,,,0.1,0.0,0.04,0.0,False,0.36,True,0.0,False,0.1,False,0.0,False,0.04,False,0.0,0.0,0.1,0.14,False,local
123,124,PBS_GROUP_0012,TC_000057,BOM_000105,ITEM_000118,CW,0.068,1.0,1.0,0.068,,,,0.1,0.0,0.04,0.0,False,0.068,True,0.0,False,0.1,False,0.0,False,0.04,False,0.0,0.0,0.1,0.14,False,local
124,125,PBS_GROUP_0012,TC_000058,BOM_000106,ITEM_000118,HVAC,0.256,1.0,1.0,0.256,,,,0.1,0.0,0.04,0.0,False,0.256,True,0.0,False,0.1,False,0.0,False,0.04,False,0.0,0.0,0.1,0.14,False,local
124,125,PBS_GROUP_0012,TC_000058,BOM_000106,ITEM_000118,CW,0.175,1.0,1.0,0.175,,,,0.1,0.0,0.04,0.0,False,0.175,True,0.0,False,0.1,False,0.0,False,0.04,False,0.0,0.0,0.1,0.14,False,local
125,126,PBS_GROUP_0012,TC_000059,BOM_000107,ITEM_000118,HVAC,0.287,1.0,1.0,0.287,,,,0.1,0.0,0.04,0.0,False,0.287,True,0.0,False,0.1,False,0.0,False,0.04,False,0.0,0.0,0.1,0.14,False,local
125,126,PBS_GROUP_0012,TC_000059,BOM_000107,ITEM_000118,CW,0.234,1.0,1.0,0.234,,,,0.1,0.0,0.04,0.0,False,0.234,True,0.0,False,0.1,False,0.0,False,0.04,False,0.0,0.0,0.1,0.14,False,local
126,127,PBS_GROUP_0012,TC_000060,BOM_000108,ITEM_000119,HVAC,0.356,1.0,1.0,0.356,,,,0.1,0.0,0.04,0.0,False,0.356,True,0.0,False,0.1,False,0.0,False,0.04,False,0.0,0.0,0.1,0.14,False,local
126,127,PBS_GROUP_0012,TC_000060,BOM_000108,ITEM_000119,CW,0.254,1.0,1.0,0.254,,,,0.1,0.0,0.04,0.0,False,0.254,True,0.0,False,0.1,False,0.0,False,0.04,False,0.0,0.0,0.1,0.14,False,local
127,128,PBS_GROUP_0012,TC_000061,BOM_000109,ITEM_000118,CW,0.223,1.0,1.0,0.223,,,,0.1,0.0,0.04,0.0,False,0.223,True,0.0,False,0.1,False,0.0,False,0.04,False,0.0,0.0,0.1,0.14,False,local
128,129,PBS_GROUP_0012,TC_000062,BOM_000110,ITEM_000119,HVAC,0.224,1.0,1.0,0.224,,,,0.1,0.0,0.04,0.0,False,0.224,True,0.0,False,0.1,False,0.0,False,0.04,False,0.0,0.0,0.1,0.14,False,local
128,129,PBS_GROUP_0012,TC_000062,BOM_000110,ITEM_000119,CW,0.063,1.0,1.0,0.063,,,,0.1,0.0,0.04,0.0,False,0.063,True,0.0,False,0.1,False,0.0,False,0.04,False,0.0,0.0,0.1,0.14,False,local
129,130,PBS_GROUP_0012,TC_000063,BOM_000111,ITEM_000119,HVAC,0.275,1.0,1.0,0.275,,,,0.1,0.0,0.04,0.0,False,0.275,True,0.0,False,0.1,False,0.0,False,0.04,False,0.0,0.0,0.1,0.14,False,local
129,130,PBS_GROUP_0012,TC_000063,BOM_000111,ITEM_000119,CW,0.133,1.0,1.0,0.133,,,,0.1,0.0,0.04,0.0,False,0.133,True,0.0,False,0.1,False,0.0,False,0.04,False,0.0,0.0,0.1,0.14,False,local
130,131,PBS_GROUP_0012,TC_000064,BOM_000112,ITEM_000119,HVAC,0.087,1.0,1.0,0.087,,,,0.1,0.0,0.04,0.0,False,0.087,True,0.0,False,0.1,False,0.0,False,0.04,False,0.0,0.0,0.1,0.14,False,local
130,131,PBS_GROUP_0012,TC_000064,BOM_000112,ITEM_000119,CW,0.176,0.7575,1.0,0.13332,,,,0.1,0.0,0.04,0.0,False,0.13332,True,0.0,False,0.1,False,0.0,False,0.04,False,0.0,0.0,0.1,0.14,False,local
131,132,PBS_GROUP_0012,TC_000065,BOM_000113,ITEM_000119,HVAC,0.12,1.0,1.0,0.12,,,,0.1,0.0,0.04,0.0,False,0.12,True,0.0,False,0.1,False,0.0,False,0.04,False,0.0,0.0,0.1,0.14,False,local
131,132,PBS_GROUP_0012,TC_000065,BOM_000113,ITEM_000119,CW,0.226,1.0,1.0,0.226,,,,0.1,0.0,0.04,0.0,False,0.226,True,0.0,False,0.1,False,0.0,False,0.04,False,0.0,0.0,0.1,0.14,False,local
132,133,PBS_GROUP_0012,TC_000066,BOM_000114,ITEM_000119,HVAC,0.0,1.0,1.0,0.0,,,,0.1,0.0,0.04,0.0,False,0.0,True,0.0,False,0.1,False,0.0,False,0.04,False,0.0,0.0,0.1,0.14,False,local
132,133,PBS_GROUP_0012,TC_000066,BOM_000114,ITEM_000119,CW,0.174,0.7725,1.0,0.13441499999999998,,,,0.1,0.0,0.04,0.0,False,0.13441499999999998,True,0.0,False,0.1,False,0.0,False,0.04,False,0.0,0.0,0.1,0.14,False,local
133,134,PBS_GROUP_0012,TC_000067,BOM_000115,ITEM_000118,HVAC,0.132,1.0,0.9934,0.1311288,,,,0.1,0.0,0.04,0.0,False,0.1311288,True,0.0,False,0.1,False,0.0,False,0.04,False,0.0,0.0,0.1,0.14,False,local
133,134,PBS_GROUP_0012,TC_000067,BOM_000115,ITEM_000118,CW,0.128,1.0,1.0,0.128,,,,0.1,0.0,0.04,0.0,False,0.128,True,0.0,False,0.1,False,0.0,False,0.04,False,0.0,0.0,0.1,0.14,False,local
134,135,PBS_GROUP_0012,TC_000068,BOM_000116,ITEM_000118,HVAC,0.159,1.0,1.0,0.159,,,,0.1,0.0,0.04,0.0,False,0.159,True,0.0,False,0.1,False,0.0,False,0.04,False,0.0,0.0,0.1,0.14,False,local
134,135,PBS_GROUP_0012,TC_000068,BOM_000116,ITEM_000118,CW,0.125,0.8696,1.0,0.1087,,,,0.1,0.0,0.04,0.0,False,0.1087,True,0.0,False,0.1,False,0.0,False,0.04,False,0.0,0.0,0.1,0.14,False,local
135,136,PBS_GROUP_0012,TC_000069,BOM_000117,ITEM_000119,HVAC,0.137,1.0,1.0,0.137,,,,0.1,0.0,0.04,0.0,False,0.137,True,0.0,False,0.1,False,0.0,False,0.04,False,0.0,0.0,0.1,0.14,False,local
135,136,PBS_GROUP_0012,TC_000069,BOM_000117,ITEM_000119,CW,0.0,1.0,1.0,0.0,,,,0.1,0.0,0.04,0.0,False,0.0,True,0.0,False,0.1,False,0.0,False,0.04,False,0.0,0.0,0.1,0.14,False,local
136,137,PBS_GROUP_0012,TC_000070,BOM_000118,ITEM_000120,HVAC,0.28,0.9825,1.0,0.2751,,,,0.1,0.0,0.04,0.0,False,0.2751,True,0.0,False,0.1,False,0.0,False,0.04,False,0.0,0.0,0.1,0.14,False,local
137,138,PBS_GROUP_0012,TC_000071,BOM_000119,ITEM_000121,HVAC,0.128,1.0,1.0,0.128,,,,0.1,0.0,0.04,0.0,False,0.128,True,0.0,False,0.1,False,0.0,False,0.04,False,0.0,0.0,0.1,0.14,False,local
137,138,PBS_GROUP_0012,TC_000071,BOM_000119,ITEM_000121,CW,0.229,1.0,1.0,0.229,,,,0.1,0.0,0.04,0.0,False,0.229,True,0.0,False,0.1,False,0.0,False,0.04,False,0.0,0.0,0.1,0.14,False,local
138,139,PBS_GROUP_0012,TC_000072,BOM_000120,ITEM_000121,HVAC,0.135,0.9671,1.0,0.1305585,,,,0.1,0.0,0.04,0.0,False,0.1305585,True,0.0,False,0.1,False,0.0,False,0.04,False,0.0,0.0,0.1,0.14,False,local
138,139,PBS_GROUP_0012,TC_000072,BOM_000120,ITEM_000121,CW,0.037,0.1796,1.0,0.0066452,,,,0.1,0.0,0.04,0.0,False,0.0066452,True,0.0,False,0.1,False,0.0,False,0.04,False,0.0,0.0,0.1,0.14,False,local
139,140,PBS_GROUP_0012,TC_000073,BOM_000121,ITEM_000122,HVAC,0.075,1.0,1.0,0.075,,,,0.1,0.0,0.04,0.0,False,0.075,True,0.0,False,0.1,False,0.0,False,0.04,False,0.0,0.0,0.1,0.14,False,local
139,140,PBS_GROUP_0012,TC_000073,BOM_000121,ITEM_000122,CW,0.0,1.0,1.0,0.0,,,,0.1,0.0,0.04,0.0,False,0.0,True,0.0,False,0.1,False,0.0,False,0.04,False,0.0,0.0,0.1,0.14,False,local
140,141,PBS_GROUP_0012,TC_000074,BOM_000122,ITEM_000122,HVAC,0.002,1.0,1.0,0.002,,,,0.1,0.0,0.04,0.0,False,0.002,True,0.0,False,0.1,False,0.0,False,0.04,False,0.0,0.0,0.1,0.14,False,local
140,141,PBS_GROUP_0012,TC_000074,BOM_000122,ITEM_000122,CW,0.02,1.0,1.0,0.02,,,,0.1,0.0,0.04,0.0,False,0.02,True,0.0,False,0.1,False,0.0,False,0.04,False,0.0,0.0,0.1,0.14,False,local
141,142,PBS_GROUP_0012,TC_000075,BOM_000123,ITEM_000122,HVAC,0.111,1.0,1.0,0.111,,,,0.1,0.0,0.04,0.0,False,0.111,True,0.0,False,0.1,False,0.0,False,0.04,False,0.0,0.0,0.1,0.14,False,local
141,142,PBS_GROUP_0012,TC_000075,BOM_000123,ITEM_000122,CW,0.025,1.0,1.0,0.025,,,,0.1,0.0,0.04,0.0,False,0.025,True,0.0,False,0.1,False,0.0,False,0.04,False,0.0,0.0,0.1,0.14,False,local
142,143,PBS_GROUP_0012,TC_000076,BOM_000124,ITEM_000122,HVAC,0.041,1.0,1.0,0.041,,,,0.1,0.0,0.04,0.0,False,0.041,True,0.0,False,0.1,False,0.0,False,0.04,False,0.0,0.0,0.1,0.14,False,local
142,143,PBS_GROUP_0012,TC_000076,BOM_000124,ITEM_000122,CW,0.019,0.8537,1.0,0.0162203,,,,0.1,0.0,0.04,0.0,False,0.0162203,True,0.0,False,0.1,False,0.0,False,0.04,False,0.0,0.0,0.1,0.14,False,local
143,144,PBS_GROUP_0013,TC_000077,BOM_000125,ITEM_000123,HVAC,0.211,0.9646,1.0,0.2035306,,,,0.1,0.0,0.04,0.0,False,0.2035306,True,0.0,False,0.1,False,0.0,False,0.04,False,0.0,0.0,0.1,0.14,False,local
144,145,PBS_GROUP_0013,TC_000078,BOM_000126,ITEM_000124,HVAC,0.159,1.0,1.0,0.159,,,,0.1,0.0,0.04,0.0,False,0.159,True,0.0,False,0.1,False,0.0,False,0.04,False,0.0,0.0,0.1,0.14,False,local
145,146,PBS_GROUP_0013,TC_000079,BOM_000127,ITEM_000125,HVAC,0.046,0.9825,1.0,0.045195,,,,0.1,0.0,0.04,0.0,False,0.045195,True,0.0,False,0.1,False,0.0,False,0.04,False,0.0,0.0,0.1,0.14,False,local
146,147,PBS_GROUP_0013,TC_000080,BOM_000128,ITEM_000126,HVAC,0.164,1.0,1.0,0.164,,,,0.1,0.0,0.04,0.0,False,0.164,True,0.0,False,0.1,False,0.0,False,0.04,False,0.0,0.0,0.1,0.14,False,local
147,148,PBS_GROUP_0013,TC_000081,BOM_000129,ITEM_000127,HVAC,0.178,0.9859,1.0,0.17549019999999999,,,,0.1,0.0,0.04,0.0,False,0.17549019999999999,True,0.0,False,0.1,False,0.0,False,0.04,False,0.0,0.0,0.1,0.14,False,local
148,149,PBS_GROUP_0013,TC_000082,BOM_000130,ITEM_000128,HVAC,0.177,1.0,1.0,0.177,,,,0.1,0.0,0.04,0.0,False,0.177,True,0.0,False,0.1,False,0.0,False,0.04,False,0.0,0.0,0.1,0.14,False,local
149,150,PBS_GROUP_0013,TC_000083,BOM_000131,ITEM_000129,HVAC,0.0,1.0,1.0,0.0,,,,0.1,0.0,0.04,0.0,False,0.0,True,0.0,False,0.1,False,0.0,False,0.04,False,0.0,0.0,0.1,0.14,False,local
150,151,PBS_GROUP_0013,TC_000084,BOM_000132,ITEM_000130,HVAC,0.062,1.0,1.0,0.062,,,,0.1,0.0,0.04,0.0,False,0.062,True,0.0,False,0.1,False,0.0,False,0.04,False,0.0,0.0,0.1,0.14,False,local
151,152,PBS_GROUP_0014,TC_000085,BOM_000133,ITEM_000131,HVAC,0.063,1.0,0.9902,0.062382599999999996,,,,0.1,0.0,0.04,0.0,False,0.062382599999999996,True,0.0,False,0.1,False,0.0,False,0.04,False,0.0,0.0,0.1,0.14,False,local
152,153,PBS_GROUP_SMALL,TC_000086,BOM_000134,ITEM_000132,HVAC,48.583,1.0,1.0,48.583,1.0,1.0,48.583,0.1,0.0,0.04,0.0,False,48.583,False,48.583,False,0.1,False,0.0,False,0.04,False,0.0,0.0,0.1,0.14,False,local
153,154,PBS_GROUP_0014,TC_000087,BOM_000135,ITEM_000133,HVAC,0.245,1.0,1.0,0.245,,,,0.1,0.0,0.04,0.0,False,0.245,True,0.0,False,0.1,False,0.0,False,0.04,False,0.0,0.0,0.1,0.14,False,local
154,155,PBS_GROUP_0014,TC_000088,BOM_000136,ITEM_000134,HVAC,0.197,1.0,1.0,0.197,,,,0.1,0.0,0.04,0.0,False,0.197,True,0.0,False,0.1,False,0.0,False,0.04,False,0.0,0.0,0.1,0.14,False,local
155,156,PBS_GROUP_0014,TC_000089,BOM_000137,ITEM_000135,HVAC,0.128,0.9408,1.0,0.1204224,,,,0.1,0.0,0.04,0.0,False,0.1204224,True,0.0,False,0.1,False,0.0,False,0.04,False,0.0,0.0,0.1,0.14,False,local
156,157,PBS_GROUP_0014,TC_000090,BOM_000138,ITEM_000136,HVAC,0.163,1.0,1.0,0.163,,,,0.1,0.0,0.04,0.0,False,0.163,True,0.0,False,0.1,False,0.0,False,0.04,False,0.0,0.0,0.1,0.14,False,local
157,158,PBS_GROUP_0014,TC_000091,BOM_000139,ITEM_000137,HVAC,0.167,1.0,1.0,0.167,,,,0.1,0.0,0.04,0.0,False,0.167,True,0.0,False,0.1,False,0.0,False,0.04,False,0.0,0.0,0.1,0.14,False,local
158,159,PBS_GROUP_0014,TC_000092,BOM_000140,ITEM_000138,HVAC,0.278,1.0,1.0,0.278,,,,0.1,0.0,0.04,0.0,False,0.278,True,0.0,False,0.1,False,0.0,False,0.04,False,0.0,0.0,0.1,0.14,False,local
159,160,PBS_GROUP_0014,TC_000093,BOM_000141,ITEM_000139,HVAC,0.242,1.0,1.0,0.242,,,,0.1,0.0,0.04,0.0,False,0.242,True,0.0,False,0.1,False,0.0,False,0.04,False,0.0,0.0,0.1,0.14,False,local
160,161,PBS_GROUP_0014,TC_000094,BOM_000142,ITEM_000140,HVAC,0.316,1.0,0.0,0.0,,,,0.1,0.0,0.04,0.0,False,0.0,True,0.0,False,0.1,False,0.0,False,0.04,False,0.0,0.0,0.1,0.14,False,local
161,162,PBS_GROUP_0014,TC_000095,BOM_000143,ITEM_000141,HVAC,0.211,1.0,1.0,0.211,,,,0.1,0.0,0.04,0.0,False,0.211,True,0.0,False,0.1,False,0.0,False,0.04,False,0.0,0.0,0.1,0.14,False,local
162,163,PBS_GROUP_0014,TC_000096,BOM_000144,ITEM_000142,HVAC,0.038,1.0,1.0,0.038,,,,0.1,0.0,0.04,0.0,False,0.038,True,0.0,False,0.1,False,0.0,False,0.04,False,0.0,0.0,0.1,0.14,False,local
163,164,PBS_GROUP_0014,TC_000097,BOM_000145,ITEM_000143,HVAC,0.293,1.0,1.0,0.293,,,,0.1,0.0,0.04,0.0,False,0.293,True,0.0,False,0.1,False,0.0,False,0.04,False,0.0,0.0,0.1,0.14,False,local
164,165,PBS_GROUP_0014,TC_000098,BOM_000146,ITEM_000144,HVAC,0.157,1.0,1.0,0.157,,,,0.1,0.0,0.04,0.0,False,0.157,True,0.0,False,0.1,False,0.0,False,0.04,False,0.0,0.0,0.1,0.14,False,local
165,166,PBS_GROUP_0014,TC_000099,BOM_000147,ITEM_000145,HVAC,0.088,1.0,1.0,0.088,,,,0.1,0.0,0.04,0.0,False,0.088,True,0.0,False,0.1,False,0.0,False,0.04,False,0.0,0.0,0.1,0.14,False,local
166,167,PBS_GROUP_0014,TC_000100,BOM_000148,ITEM_000146,HVAC,0.124,1.0,1.0,0.124,,,,0.1,0.0,0.04,0.0,False,0.124,True,0.0,False,0.1,False,0.0,False,0.04,False,0.0,0.0,0.1,0.14,False,local
167,168,PBS_GROUP_0014,TC_000101,BOM_000149,ITEM_000147,HVAC,0.077,1.0,1.0,0.077,,,,0.1,0.0,0.04,0.0,False,0.077,True,0.0,False,0.1,False,0.0,False,0.04,False,0.0,0.0,0.1,0.14,False,local
168,169,PBS_GROUP_0014,TC_000102,BOM_000150,ITEM_000148,HVAC,0.084,1.0,1.0,0.084,,,,0.1,0.0,0.04,0.0,False,0.084,True,0.0,False,0.1,False,0.0,False,0.04,False,0.0,0.0,0.1,0.14,False,local
169,170,PBS_GROUP_0014,TC_000103,BOM_000151,ITEM_000149,HVAC,0.069,1.0,1.0,0.069,,,,0.1,0.0,0.04,0.0,False,0.069,True,0.0,False,0.1,False,0.0,False,0.04,False,0.0,0.0,0.1,0.14,False,local
170,171,PBS_GROUP_0014,TC_000104,BOM_000152,ITEM_000150,HVAC,0.0,1.0,1.0,0.0,,,,0.1,0.0,0.04,0.0,False,0.0,True,0.0,False,0.1,False,0.0,False,0.04,False,0.0,0.0,0.1,0.14,False,local
171,172,PBS_GROUP_0014,TC_000105,BOM_000153,ITEM_000151,HVAC,0.017,1.0,1.0,0.017,,,,0.1,0.0,0.04,0.0,False,0.017,True,0.0,False,0.1,False,0.0,False,0.04,False,0.0,0.0,0.1,0.14,False,local
172,173,PBS_GROUP_0014,TC_000106,BOM_000154,ITEM_000152,HVAC,0.0,1.0,1.0,0.0,,,,0.1,0.0,0.04,0.0,False,0.0,True,0.0,False,0.1,False,0.0,False,0.04,False,0.0,0.0,0.1,0.14,False,local
173,174,PBS_GROUP_0014,TC_000107,BOM_000155,ITEM_000153,HVAC,0.109,1.0,1.0,0.109,,,,0.1,0.0,0.04,0.0,False,0.109,True,0.0,False,0.1,False,0.0,False,0.04,False,0.0,0.0,0.1,0.14,False,local
174,175,PBS_GROUP_0014,TC_000108,BOM_000156,ITEM_000154,HVAC,0.03,0.96,1.0,0.0288,,,,0.1,0.0,0.04,0.0,False,0.0288,True,0.0,False,0.1,False,0.0,False,0.04,False,0.0,0.0,0.1,0.14,False,local
175,176,PBS_GROUP_0014,TC_000109,BOM_000157,ITEM_000155,HVAC,0.08,1.0,1.0,0.08,,,,0.1,0.0,0.04,0.0,False,0.08,True,0.0,False,0.1,False,0.0,False,0.04,False,0.0,0.0,0.1,0.14,False,local
176,177,PBS_GROUP_0014,TC_000110,BOM_000158,ITEM_000156,HVAC,0.132,1.0,1.0,0.132,,,,0.1,0.0,0.04,0.0,False,0.132,True,0.0,False,0.1,False,0.0,False,0.04,False,0.0,0.0,0.1,0.14,False,local
177,178,PBS_GROUP_0014,TC_000111,BOM_000159,ITEM_000157,HVAC,0.01,1.0,1.0,0.01,,,,0.1,0.0,0.04,0.0,False,0.01,True,0.0,False,0.1,False,0.0,False,0.04,False,0.0,0.0,0.1,0.14,False,local
178,179,PBS_GROUP_0014,TC_000112,BOM_000160,ITEM_000158,HVAC,0.055,1.0,1.0,0.055,,,,0.1,0.0,0.04,0.0,False,0.055,True,0.0,False,0.1,False,0.0,False,0.04,False,0.0,0.0,0.1,0.14,False,local
179,180,PBS_GROUP_0014,TC_000113,BOM_000161,ITEM_000159,HVAC,0.117,1.0,1.0,0.117,,,,0.1,0.0,0.04,0.0,False,0.117,True,0.0,False,0.1,False,0.0,False,0.04,False,0.0,0.0,0.1,0.14,False,local
180,181,PBS_GROUP_0014,TC_000114,BOM_000162,ITEM_000160,HVAC,0.0,1.0,1.0,0.0,,,,0.1,0.0,0.04,0.0,False,0.0,True,0.0,False,0.1,False,0.0,False,0.04,False,0.0,0.0,0.1,0.14,False,local
181,182,PBS_GROUP_0014,TC_000115,BOM_000163,ITEM_000161,HVAC,0.0,1.0,0.9449,0.0,,,,0.1,0.0,0.04,0.0,False,0.0,True,0.0,False,0.1,False,0.0,False,0.04,False,0.0,0.0,0.1,0.14,False,local
182,183,PBS_GROUP_0014,TC_000116,BOM_000164,ITEM_000162,HVAC,0.015,1.0,1.0,0.015,,,,0.1,0.0,0.04,0.0,False,0.015,True,0.0,False,0.1,False,0.0,False,0.04,False,0.0,0.0,0.1,0.14,False,local
183,184,PBS_GROUP_0014,TC_000117,BOM_000165,ITEM_000163,HVAC,0.0,1.0,1.0,0.0,,,,0.1,0.0,0.04,0.0,False,0.0,True,0.0,False,0.1,False,0.0,False,0.04,False,0.0,0.0,0.1,0.14,False,local
184,185,PBS_GROUP_0014,TC_000118,BOM_000166,ITEM_000164,HVAC,0.195,1.0,1.0,0.195,,,,0.1,0.0,0.04,0.0,False,0.195,True,0.0,False,0.1,False,0.0,False,0.04,False,0.0,0.0,0.1,0.14,False,local
185,186,PBS_GROUP_0014,TC_000119,BOM_000167,ITEM_000165,HVAC,0.134,1.0,1.0,0.134,,,,0.1,0.0,0.04,0.0,False,0.134,True,0.0,False,0.1,False,0.0,False,0.04,False,0.0,0.0,0.1,0.14,False,local
186,187,PBS_GROUP_0014,TC_000120,BOM_000168,ITEM_000166,HVAC,0.094,1.0,1.0,0.094,,,,0.1,0.0,0.04,0.0,False,0.094,True,0.0,False,0.1,False,0.0,False,0.04,False,0.0,0.0,0.1,0.14,False,local
187,188,PBS_GROUP_0014,TC_000121,BOM_000169,ITEM_000167,HVAC,0.162,1.0,1.0,0.162,,,,0.1,0.0,0.04,0.0,False,0.162,True,0.0,False,0.1,False,0.0,False,0.04,False,0.0,0.0,0.1,0.14,False,local
188,189,PBS_GROUP_0014,TC_000122,BOM_000170,ITEM_000168,HVAC,0.126,1.0,0.9415,0.118629,,,,0.1,0.0,0.04,0.0,False,0.118629,True,0.0,False,0.1,False,0.0,False,0.04,False,0.0,0.0,0.1,0.14,False,local
189,190,PBS_GROUP_0014,TC_000123,BOM_000171,ITEM_000169,HVAC,0.01,1.0,1.0,0.01,,,,0.1,0.0,0.04,0.0,False,0.01,True,0.0,False,0.1,False,0.0,False,0.04,False,0.0,0.0,0.1,0.14,False,local
190,191,PBS_GROUP_0014,TC_000124,BOM_000172,ITEM_000170,HVAC,0.226,1.0,1.0,0.226,,,,0.1,0.0,0.04,0.0,False,0.226,True,0.0,False,0.1,False,0.0,False,0.04,False,0.0,0.0,0.1,0.14,False,local
191,192,PBS_GROUP_0014,TC_000125,BOM_000173,ITEM_000171,HVAC,0.085,1.0,1.0,0.085,,,,0.1,0.0,0.04,0.0,False,0.085,True,0.0,False,0.1,False,0.0,False,0.04,False,0.0,0.0,0.1,0.14,False,local
192,193,PBS_GROUP_0014,TC_000126,BOM_000174,ITEM_000172,HVAC,0.117,1.0,1.0,0.117,,,,0.1,0.0,0.04,0.0,False,0.117,True,0.0,False,0.1,False,0.0,False,0.04,False,0.0,0.0,0.1,0.14,False,local
193,194,PBS_GROUP_0014,TC_000127,BOM_000175,ITEM_000173,HVAC,0.157,1.0,1.0,0.157,,,,0.1,0.0,0.04,0.0,False,0.157,True,0.0,False,0.1,False,0.0,False,0.04,False,0.0,0.0,0.1,0.14,False,local
194,195,PBS_GROUP_0014,TC_000128,BOM_000176,ITEM_000174,HVAC,0.006,1.0,1.0,0.006,,,,0.1,0.0,0.04,0.0,False,0.006,True,0.0,False,0.1,False,0.0,False,0.04,False,0.0,0.0,0.1,0.14,False,local
195,196,PBS_GROUP_0014,TC_000129,BOM_000177,ITEM_000175,HVAC,0.009,1.0,1.0,0.009,,,,0.1,0.0,0.04,0.0,False,0.009,True,0.0,False,0.1,False,0.0,False,0.04,False,0.0,0.0,0.1,0.14,False,local
196,197,PBS_GROUP_0014,TC_000130,BOM_000178,ITEM_000176,HVAC,0.001,1.0,1.0,0.001,,,,0.1,0.0,0.04,0.0,False,0.001,True,0.0,False,0.1,False,0.0,False,0.04,False,0.0,0.0,0.1,0.14,False,local
197,198,PBS_GROUP_0014,TC_000131,BOM_000179,ITEM_000177,HVAC,0.075,0.9292,0.9901,0.069000069,,,,0.1,0.0,0.04,0.0,False,0.069000069,True,0.0,False,0.1,False,0.0,False,0.04,False,0.0,0.0,0.1,0.14,False,local
198,199,PBS_GROUP_0014,TC_000132,BOM_000180,ITEM_000178,HVAC,0.145,1.0,1.0,0.145,,,,0.1,0.0,0.04,0.0,False,0.145,True,0.0,False,0.1,False,0.0,False,0.04,False,0.0,0.0,0.1,0.14,False,local
199,200,PBS_GROUP_0014,TC_000133,BOM_000181,ITEM_000179,HVAC,0.007,0.0,1.0,0.0,,,,0.1,0.0,0.04,0.0,False,0.0,True,0.0,False,0.1,False,0.0,False,0.04,False,0.0,0.0,0.1,0.14,False,local
200,201,PBS_GROUP_0014,TC_000134,BOM_000182,ITEM_000180,HVAC,0.08,0.8961,1.0,0.071688,,,,0.1,0.0,0.04,0.0,False,0.071688,True,0.0,False,0.1,False,0.0,False,0.04,False,0.0,0.0,0.1,0.14,False,local
201,202,PBS_GROUP_0014,TC_000135,BOM_000183,ITEM_000181,HVAC,0.058,1.0,1.0,0.058,,,,0.1,0.0,0.04,0.0,False,0.058,True,0.0,False,0.1,False,0.0,False,0.04,False,0.0,0.0,0.1,0.14,False,local
202,203,PBS_GROUP_0014,TC_000136,BOM_000184,ITEM_000182,HVAC,0.0,0.7908,1.0,0.0,,,,0.1,0.0,0.04,0.0,False,0.0,True,0.0,False,0.1,False,0.0,False,0.04,False,0.0,0.0,0.1,0.14,False,local
203,204,PBS_GROUP_0014,TC_000137,BOM_000185,ITEM_000183,HVAC,0.011,1.0,1.0,0.011,,,,0.1,0.0,0.04,0.0,False,0.011,True,0.0,False,0.1,False,0.0,False,0.04,False,0.0,0.0,0.1,0.14,False,local
204,205,PBS_GROUP_0014,TC_000138,BOM_000186,ITEM_000184,HVAC,0.05,0.9764,1.0,0.04882,,,,0.1,0.0,0.04,0.0,False,0.04882,True,0.0,False,0.1,False,0.0,False,0.04,False,0.0,0.0,0.1,0.14,False,local
205,206,PBS_GROUP_0014,TC_000139,BOM_000187,ITEM_000185,HVAC,0.142,1.0,1.0,0.142,,,,0.1,0.0,0.04,0.0,False,0.142,True,0.0,False,0.1,False,0.0,False,0.04,False,0.0,0.0,0.1,0.14,False,local
206,207,PBS_GROUP_0014,TC_000140,BOM_000188,ITEM_000186,HVAC,0.188,1.0,1.0,0.188,,,,0.1,0.0,0.04,0.0,False,0.188,True,0.0,False,0.1,False,0.0,False,0.04,False,0.0,0.0,0.1,0.14,False,local
207,208,PBS_GROUP_0014,TC_000141,BOM_000189,ITEM_000187,HVAC,0.222,1.0,1.0,0.222,,,,0.1,0.0,0.04,0.0,False,0.222,True,0.0,False,0.1,False,0.0,False,0.04,False,0.0,0.0,0.1,0.14,False,local
208,209,PBS_GROUP_0014,TC_000142,BOM_000190,ITEM_000188,HVAC,0.26,1.0,1.0,0.26,,,,0.1,0.0,0.04,0.0,False,0.26,True,0.0,False,0.1,False,0.0,False,0.04,False,0.0,0.0,0.1,0.14,False,local
209,210,PBS_GROUP_SMALL,TC_000143,BOM_000191,ITEM_000189,HVAC,0.229,1.0,1.0,0.229,,,,0.1,0.0,0.04,0.0,False,0.229,True,0.0,False,0.1,False,0.0,False,0.04,False,0.0,0.0,0.1,0.14,False,local
210,211,PBS_GROUP_0015,TC_000144,BOM_000192,ITEM_000190,HVAC,0.12,1.0,1.0,0.12,,,,0.1,0.0,0.04,0.0,False,0.12,True,0.0,False,0.1,False,0.0,False,0.04,False,0.0,0.0,0.1,0.14,False,local
211,212,PBS_GROUP_0015,TC_000145,BOM_000193,ITEM_000191,HVAC,0.117,1.0,1.0,0.117,,,,0.1,0.0,0.04,0.0,False,0.117,True,0.0,False,0.1,False,0.0,False,0.04,False,0.0,0.0,0.1,0.14,False,local
212,213,PBS_GROUP_0015,TC_000146,BOM_000194,ITEM_000192,HVAC,0.0,1.0,1.0,0.0,,,,0.1,0.0,0.04,0.0,False,0.0,True,0.0,False,0.1,False,0.0,False,0.04,False,0.0,0.0,0.1,0.14,False,local
213,214,PBS_GROUP_0015,TC_000147,BOM_000195,ITEM_000193,HVAC,0.0,1.0,1.0,0.0,,,,0.1,0.0,0.04,0.0,False,0.0,True,0.0,False,0.1,False,0.0,False,0.04,False,0.0,0.0,0.1,0.14,False,local
214,215,PBS_GROUP_0015,TC_000148,BOM_000196,ITEM_000194,CW,1.916,1.0,1.0,1.916,0.9968,1.0,1.9098688,0.1,0.0,0.04,0.0,False,1.916,False,1.9098688,False,0.1,False,0.0,False,0.04,False,0.0,0.0,0.1,0.14,False,local
215,216,PBS_GROUP_0015,TC_000149,BOM_000197,ITEM_000195,HVAC,0.0,1.0,1.0,0.0,,,,0.1,0.0,0.04,0.0,False,0.0,True,0.0,False,0.1,False,0.0,False,0.04,False,0.0,0.0,0.1,0.14,False,local
215,216,PBS_GROUP_0015,TC_000149,BOM_000197,ITEM_000195,FW,4.802,1.0,0.0,0.0,0.1177,1.0,0.5651953999999999,0.0,0.0,0.08,0.05,False,0.0,False,0.5651953999999999,False,0.0,False,0.0,False,0.08,False,0.05,0.0,0.0,0.13,False,local
216,217,PBS_GROUP_0015,TC_000150,BOM_000198,ITEM_000196,HVAC,0.0,1.0,1.0,0.0,,,,0.1,0.0,0.04,0.0,False,0.0,True,0.0,False,0.1,False,0.0,False,0.04,False,0.0,0.0,0.1,0.14,False,local
216,217,PBS_GROUP_0015,TC_000150,BOM_000198,ITEM_000196,FW,5.381,0.2135,1.0,1.1488435000000001,0.1456,1.0,0.7834736000000001,0.0,0.0,0.08,0.05,False,1.1488435000000001,False,0.7834736000000001,False,0.0,False,0.0,False,0.08,False,0.05,0.0,0.0,0.13,False,local
217,218,PBS_GROUP_0015,TC_000151,BOM_000199,ITEM_000197,HVAC,0.0,1.0,1.0,0.0,,,,0.1,0.0,0.04,0.0,False,0.0,True,0.0,False,0.1,False,0.0,False,0.04,False,0.0,0.0,0.1,0.14,False,local
218,219,PBS_GROUP_0015,TC_000152,BOM_000200,ITEM_000198,HVAC,0.053,1.0,1.0,0.053,,,,0.1,0.0,0.04,0.0,False,0.053,True,0.0,False,0.1,False,0.0,False,0.04,False,0.0,0.0,0.1,0.14,False,local
219,220,PBS_GROUP_0015,TC_000153,BOM_000201,ITEM_000199,HVAC,0.001,1.0,1.0,0.001,,,,0.1,0.0,0.04,0.0,False,0.001,True,0.0,False,0.1,False,0.0,False,0.04,False,0.0,0.0,0.1,0.14,False,local
220,221,PBS_GROUP_0015,TC_000154,BOM_000202,ITEM_000200,HVAC,0.0,1.0,1.0,0.0,,,,0.1,0.0,0.04,0.0,False,0.0,True,0.0,False,0.1,False,0.0,False,0.04,False,0.0,0.0,0.1,0.14,False,local
221,222,PBS_GROUP_0007,TC_000155,BOM_000203,ITEM_000201,HVAC,18.507,1.0,1.0,18.507,,,,0.1,0.0,0.04,0.0,False,18.507,True,0.0,False,0.1,False,0.0,False,0.04,False,0.0,0.0,0.1,0.14,False,local
222,223,,TC_000156,BOM_000204,ITEM_000202,HVAC,0.152,1.0,1.0,0.152,,,,,,,,False,0.152,True,0.0,True,0.0,True,0.0,True,0.0,True,0.0,0.0,0.0,0.0,False,local
223,224,PBS_GROUP_0016,TC_000157,BOM_000205,ITEM_000203,HVAC,0.0,0.0,1.0,0.0,,,,0.1,0.0,0.04,0.0,False,0.0,True,0.0,False,0.1,False,0.0,False,0.04,False,0.0,0.0,0.1,0.14,False,local
224,225,PBS_GROUP_0016,TC_000158,BOM_000206,ITEM_000204,HVAC,0.0,1.0,1.0,0.0,,,,0.1,0.0,0.04,0.0,False,0.0,True,0.0,False,0.1,False,0.0,False,0.04,False,0.0,0.0,0.1,0.14,False,local
225,226,PBS_GROUP_0016,TC_000159,BOM_000207,ITEM_000205,HVAC,0.012,1.0,1.0,0.012,,,,0.1,0.0,0.04,0.0,False,0.012,True,0.0,False,0.1,False,0.0,False,0.04,False,0.0,0.0,0.1,0.14,False,local
226,227,PBS_GROUP_0016,TC_000160,BOM_000208,ITEM_000206,HVAC,0.137,1.0,1.0,0.137,,,,0.1,0.0,0.04,0.0,False,0.137,True,0.0,False,0.1,False,0.0,False,0.04,False,0.0,0.0,0.1,0.14,False,local
227,228,PBS_GROUP_0016,TC_000161,BOM_000209,ITEM_000207,HVAC,0.0,1.0,1.0,0.0,,,,0.1,0.0,0.04,0.0,False,0.0,True,0.0,False,0.1,False,0.0,False,0.04,False,0.0,0.0,0.1,0.14,False,local
228,229,PBS_GROUP_0016,TC_000162,BOM_000210,ITEM_000208,HVAC,0.033,1.0,1.0,0.033,,,,0.1,0.0,0.04,0.0,False,0.033,True,0.0,False,0.1,False,0.0,False,0.04,False,0.0,0.0,0.1,0.14,False,local
229,230,PBS_GROUP_0016,TC_000163,BOM_000211,ITEM_000209,HVAC,0.068,1.0,1.0,0.068,,,,0.1,0.0,0.04,0.0,False,0.068,True,0.0,False,0.1,False,0.0,False,0.04,False,0.0,0.0,0.1,0.14,False,local
230,231,PBS_GROUP_0016,TC_000164,BOM_000212,ITEM_000210,HVAC,0.0,1.0,1.0,0.0,,,,0.1,0.0,0.04,0.0,False,0.0,True,0.0,False,0.1,False,0.0,False,0.04,False,0.0,0.0,0.1,0.14,False,local
231,232,PBS_GROUP_0016,TC_000165,BOM_000213,ITEM_000211,HVAC,0.091,1.0,1.0,0.091,,,,0.1,0.0,0.04,0.0,False,0.091,True,0.0,False,0.1,False,0.0,False,0.04,False,0.0,0.0,0.1,0.14,False,local
232,233,PBS_GROUP_0016,TC_000166,BOM_000214,ITEM_000212,HVAC,0.0,1.0,1.0,0.0,,,,0.1,0.0,0.04,0.0,False,0.0,True,0.0,False,0.1,False,0.0,False,0.04,False,0.0,0.0,0.1,0.14,False,local
233,234,PBS_GROUP_0016,TC_000167,BOM_000215,ITEM_000213,HVAC,0.081,1.0,1.0,0.081,,,,0.1,0.0,0.04,0.0,False,0.081,True,0.0,False,0.1,False,0.0,False,0.04,False,0.0,0.0,0.1,0.14,False,local
234,235,PBS_GROUP_0016,TC_000168,BOM_000216,ITEM_000214,HVAC,0.043,1.0,1.0,0.043,,,,0.1,0.0,0.04,0.0,False,0.043,True,0.0,False,0.1,False,0.0,False,0.04,False,0.0,0.0,0.1,0.14,False,local
235,236,PBS_GROUP_0016,TC_000169,BOM_000217,ITEM_000215,HVAC,0.027,1.0,1.0,0.027,,,,0.1,0.0,0.04,0.0,False,0.027,True,0.0,False,0.1,False,0.0,False,0.04,False,0.0,0.0,0.1,0.14,False,local
236,237,PBS_GROUP_0016,TC_000170,BOM_000218,ITEM_000216,HVAC,0.0,1.0,1.0,0.0,,,,0.1,0.0,0.04,0.0,False,0.0,True,0.0,False,0.1,False,0.0,False,0.04,False,0.0,0.0,0.1,0.14,False,local
237,238,PBS_GROUP_0016,TC_000171,BOM_000219,ITEM_000217,HVAC,0.061,1.0,1.0,0.061,,,,0.1,0.0,0.04,0.0,False,0.061,True,0.0,False,0.1,False,0.0,False,0.04,False,0.0,0.0,0.1,0.14,False,local
238,239,PBS_GROUP_0016,TC_000172,BOM_000220,ITEM_000218,HVAC,0.0,1.0,1.0,0.0,,,,0.1,0.0,0.04,0.0,False,0.0,True,0.0,False,0.1,False,0.0,False,0.04,False,0.0,0.0,0.1,0.14,False,local
239,240,PBS_GROUP_0016,TC_000173,BOM_000221,ITEM_000219,HVAC,0.0,1.0,1.0,0.0,,,,0.1,0.0,0.04,0.0,False,0.0,True,0.0,False,0.1,False,0.0,False,0.04,False,0.0,0.0,0.1,0.14,False,local
240,241,PBS_GROUP_0016,TC_000174,BOM_000222,ITEM_000220,HVAC,0.0,1.0,1.0,0.0,,,,0.1,0.0,0.04,0.0,False,0.0,True,0.0,False,0.1,False,0.0,False,0.04,False,0.0,0.0,0.1,0.14,False,local
241,242,PBS_GROUP_0016,TC_000175,BOM_000223,ITEM_000221,HVAC,0.032,1.0,1.0,0.032,,,,0.1,0.0,0.04,0.0,False,0.032,True,0.0,False,0.1,False,0.0,False,0.04,False,0.0,0.0,0.1,0.14,False,local
242,243,PBS_GROUP_0016,TC_000176,BOM_000224,ITEM_000222,HVAC,0.044,1.0,1.0,0.044,,,,0.1,0.0,0.04,0.0,False,0.044,True,0.0,False,0.1,False,0.0,False,0.04,False,0.0,0.0,0.1,0.14,False,local
243,244,PBS_GROUP_0016,TC_000177,BOM_000225,ITEM_000223,HVAC,0.0,1.0,1.0,0.0,,,,0.1,0.0,0.04,0.0,False,0.0,True,0.0,False,0.1,False,0.0,False,0.04,False,0.0,0.0,0.1,0.14,False,local
244,245,PBS_GROUP_0016,TC_000178,BOM_000226,ITEM_000224,HVAC,0.019,1.0,1.0,0.019,,,,0.1,0.0,0.04,0.0,False,0.019,True,0.0,False,0.1,False,0.0,False,0.04,False,0.0,0.0,0.1,0.14,False,local
245,246,PBS_GROUP_0016,TC_000179,BOM_000227,ITEM_000225,HVAC,0.0,1.0,1.0,0.0,,,,0.1,0.0,0.04,0.0,False,0.0,True,0.0,False,0.1,False,0.0,False,0.04,False,0.0,0.0,0.1,0.14,False,local
246,247,PBS_GROUP_0016,TC_000180,BOM_000228,ITEM_000226,HVAC,0.031,1.0,1.0,0.031,,,,0.1,0.0,0.04,0.0,False,0.031,True,0.0,False,0.1,False,0.0,False,0.04,False,0.0,0.0,0.1,0.14,False,local
247,248,PBS_GROUP_0016,TC_000181,BOM_000229,ITEM_000227,HVAC,0.0,1.0,1.0,0.0,,,,0.1,0.0,0.04,0.0,False,0.0,True,0.0,False,0.1,False,0.0,False,0.04,False,0.0,0.0,0.1,0.14,False,local
248,249,PBS_GROUP_0016,TC_000182,BOM_000230,ITEM_000228,HVAC,0.055,1.0,1.0,0.055,,,,0.1,0.0,0.04,0.0,False,0.055,True,0.0,False,0.1,False,0.0,False,0.04,False,0.0,0.0,0.1,0.14,False,local
249,250,PBS_GROUP_0016,TC_000183,BOM_000231,ITEM_000229,HVAC,0.0,1.0,1.0,0.0,,,,0.1,0.0,0.04,0.0,False,0.0,True,0.0,False,0.1,False,0.0,False,0.04,False,0.0,0.0,0.1,0.14,False,local
250,251,PBS_GROUP_0016,TC_000184,BOM_000232,ITEM_000230,HVAC,0.169,1.0,1.0,0.169,,,,0.1,0.0,0.04,0.0,False,0.169,True,0.0,False,0.1,False,0.0,False,0.04,False,0.0,0.0,0.1,0.14,False,local
251,252,PBS_GROUP_0016,TC_000185,BOM_000233,ITEM_000231,HVAC,0.0,1.0,1.0,0.0,,,,0.1,0.0,0.04,0.0,False,0.0,True,0.0,False,0.1,False,0.0,False,0.04,False,0.0,0.0,0.1,0.14,False,local
252,253,PBS_GROUP_0016,TC_000186,BOM_000234,ITEM_000232,HVAC,0.0,1.0,1.0,0.0,,,,0.1,0.0,0.04,0.0,False,0.0,True,0.0,False,0.1,False,0.0,False,0.04,False,0.0,0.0,0.1,0.14,False,local
253,254,PBS_GROUP_0016,TC_000187,BOM_000235,ITEM_000233,HVAC,0.0,1.0,1.0,0.0,,,,0.1,0.0,0.04,0.0,False,0.0,True,0.0,False,0.1,False,0.0,False,0.04,False,0.0,0.0,0.1,0.14,False,local
254,255,PBS_GROUP_0016,TC_000188,BOM_000236,ITEM_000234,HVAC,0.121,1.0,1.0,0.121,,,,0.1,0.0,0.04,0.0,False,0.121,True,0.0,False,0.1,False,0.0,False,0.04,False,0.0,0.0,0.1,0.14,False,local
255,256,PBS_GROUP_0016,TC_000189,BOM_000237,ITEM_000235,HVAC,0.127,1.0,1.0,0.127,,,,0.1,0.0,0.04,0.0,False,0.127,True,0.0,False,0.1,False,0.0,False,0.04,False,0.0,0.0,0.1,0.14,False,local
256,257,PBS_GROUP_0016,TC_000190,BOM_000238,ITEM_000236,HVAC,0.0,0.0,1.0,0.0,,,,0.1,0.0,0.04,0.0,False,0.0,True,0.0,False,0.1,False,0.0,False,0.04,False,0.0,0.0,0.1,0.14,False,local
257,258,PBS_GROUP_0016,TC_000191,BOM_000239,ITEM_000237,HVAC,0.038,1.0,1.0,0.038,,,,0.1,0.0,0.04,0.0,False,0.038,True,0.0,False,0.1,False,0.0,False,0.04,False,0.0,0.0,0.1,0.14,False,local
258,259,PBS_GROUP_0016,TC_000192,BOM_000240,ITEM_000238,HVAC,0.174,1.0,1.0,0.174,,,,0.1,0.0,0.04,0.0,False,0.174,True,0.0,False,0.1,False,0.0,False,0.04,False,0.0,0.0,0.1,0.14,False,local
259,260,PBS_GROUP_0016,TC_000193,BOM_000241,ITEM_000239,HVAC,0.028,1.0,1.0,0.028,,,,0.1,0.0,0.04,0.0,False,0.028,True,0.0,False,0.1,False,0.0,False,0.04,False,0.0,0.0,0.1,0.14,False,local
260,261,PBS_GROUP_0016,TC_000194,BOM_000242,ITEM_000240,HVAC,0.02,1.0,0.9712,0.019424,,,,0.1,0.0,0.04,0.0,False,0.019424,True,0.0,False,0.1,False,0.0,False,0.04,False,0.0,0.0,0.1,0.14,False,local
261,262,PBS_GROUP_0016,TC_000195,BOM_000243,ITEM_000241,HVAC,0.0,1.0,1.0,0.0,,,,0.1,0.0,0.04,0.0,False,0.0,True,0.0,False,0.1,False,0.0,False,0.04,False,0.0,0.0,0.1,0.14,False,local
262,263,PBS_GROUP_0016,TC_000196,BOM_000244,ITEM_000242,HVAC,0.0,1.0,1.0,0.0,,,,0.1,0.0,0.04,0.0,False,0.0,True,0.0,False,0.1,False,0.0,False,0.04,False,0.0,0.0,0.1,0.14,False,local
263,264,PBS_GROUP_0016,TC_000197,BOM_000245,ITEM_000243,HVAC,0.116,1.0,1.0,0.116,,,,0.1,0.0,0.04,0.0,False,0.116,True,0.0,False,0.1,False,0.0,False,0.04,False,0.0,0.0,0.1,0.14,False,local
264,265,PBS_GROUP_0016,TC_000198,BOM_000246,ITEM_000244,HVAC,0.166,1.0,1.0,0.166,,,,0.1,0.0,0.04,0.0,False,0.166,True,0.0,False,0.1,False,0.0,False,0.04,False,0.0,0.0,0.1,0.14,False,local
265,266,PBS_GROUP_0016,TC_000199,BOM_000247,ITEM_000245,HVAC,0.035,1.0,1.0,0.035,,,,0.1,0.0,0.04,0.0,False,0.035,True,0.0,False,0.1,False,0.0,False,0.04,False,0.0,0.0,0.1,0.14,False,local
266,267,PBS_GROUP_0016,TC_000200,BOM_000248,ITEM_000246,HVAC,0.0,1.0,1.0,0.0,,,,0.1,0.0,0.04,0.0,False,0.0,True,0.0,False,0.1,False,0.0,False,0.04,False,0.0,0.0,0.1,0.14,False,local
267,268,PBS_GROUP_0016,TC_000201,BOM_000249,ITEM_000247,HVAC,0.0,1.0,1.0,0.0,,,,0.1,0.0,0.04,0.0,False,0.0,True,0.0,False,0.1,False,0.0,False,0.04,False,0.0,0.0,0.1,0.14,False,local
268,269,PBS_GROUP_0016,TC_000202,BOM_000250,ITEM_000248,HVAC,0.095,1.0,1.0,0.095,,,,0.1,0.0,0.04,0.0,False,0.095,True,0.0,False,0.1,False,0.0,False,0.04,False,0.0,0.0,0.1,0.14,False,local
269,270,PBS_GROUP_0016,TC_000203,BOM_000251,ITEM_000249,HVAC,0.159,1.0,1.0,0.159,,,,0.1,0.0,0.04,0.0,False,0.159,True,0.0,False,0.1,False,0.0,False,0.04,False,0.0,0.0,0.1,0.14,False,local
270,271,PBS_GROUP_0016,TC_000204,BOM_000252,ITEM_000250,HVAC,0.097,1.0,1.0,0.097,,,,0.1,0.0,0.04,0.0,False,0.097,True,0.0,False,0.1,False,0.0,False,0.04,False,0.0,0.0,0.1,0.14,False,local
271,272,PBS_GROUP_0016,TC_000205,BOM_000253,ITEM_000251,HVAC,0.122,1.0,1.0,0.122,,,,0.1,0.0,0.04,0.0,False,0.122,True,0.0,False,0.1,False,0.0,False,0.04,False,0.0,0.0,0.1,0.14,False,local
272,273,PBS_GROUP_0016,TC_000206,BOM_000254,ITEM_000252,HVAC,0.066,1.0,1.0,0.066,,,,0.1,0.0,0.04,0.0,False,0.066,True,0.0,False,0.1,False,0.0,False,0.04,False,0.0,0.0,0.1,0.14,False,local
273,274,PBS_GROUP_0016,TC_000207,BOM_000255,ITEM_000253,HVAC,0.0,1.0,1.0,0.0,,,,0.1,0.0,0.04,0.0,False,0.0,True,0.0,False,0.1,False,0.0,False,0.04,False,0.0,0.0,0.1,0.14,False,local
274,275,PBS_GROUP_0016,TC_000208,BOM_000256,ITEM_000254,HVAC,0.0,1.0,1.0,0.0,,,,0.1,0.0,0.04,0.0,False,0.0,True,0.0,False,0.1,False,0.0,False,0.04,False,0.0,0.0,0.1,0.14,False,local
275,276,PBS_GROUP_0016,TC_000209,BOM_000257,ITEM_000255,HVAC,0.129,1.0,1.0,0.129,,,,0.1,0.0,0.04,0.0,False,0.129,True,0.0,False,0.1,False,0.0,False,0.04,False,0.0,0.0,0.1,0.14,False,local
276,277,PBS_GROUP_0016,TC_000210,BOM_000258,ITEM_000256,HVAC,0.043,1.0,1.0,0.043,,,,0.1,0.0,0.04,0.0,False,0.043,True,0.0,False,0.1,False,0.0,False,0.04,False,0.0,0.0,0.1,0.14,False,local
277,278,PBS_GROUP_0016,TC_000211,BOM_000259,ITEM_000257,HVAC,0.0,1.0,1.0,0.0,,,,0.1,0.0,0.04,0.0,False,0.0,True,0.0,False,0.1,False,0.0,False,0.04,False,0.0,0.0,0.1,0.14,False,local
278,279,PBS_GROUP_0016,TC_000212,BOM_000260,ITEM_000258,HVAC,0.0,1.0,1.0,0.0,,,,0.1,0.0,0.04,0.0,False,0.0,True,0.0,False,0.1,False,0.0,False,0.04,False,0.0,0.0,0.1,0.14,False,local
279,280,PBS_GROUP_0016,TC_000213,BOM_000261,ITEM_000259,HVAC,0.093,1.0,1.0,0.093,,,,0.1,0.0,0.04,0.0,False,0.093,True,0.0,False,0.1,False,0.0,False,0.04,False,0.0,0.0,0.1,0.14,False,local
280,281,PBS_GROUP_0016,TC_000214,BOM_000262,ITEM_000260,HVAC,0.0,1.0,1.0,0.0,,,,0.1,0.0,0.04,0.0,False,0.0,True,0.0,False,0.1,False,0.0,False,0.04,False,0.0,0.0,0.1,0.14,False,local
281,282,PBS_GROUP_0016,TC_000215,BOM_000263,ITEM_000261,HVAC,0.0,1.0,1.0,0.0,,,,0.1,0.0,0.04,0.0,False,0.0,True,0.0,False,0.1,False,0.0,False,0.04,False,0.0,0.0,0.1,0.14,False,local
282,283,PBS_GROUP_0016,TC_000216,BOM_000264,ITEM_000262,HVAC,0.026,1.0,1.0,0.026,,,,0.1,0.0,0.04,0.0,False,0.026,True,0.0,False,0.1,False,0.0,False,0.04,False,0.0,0.0,0.1,0.14,False,local
283,284,PBS_GROUP_0016,TC_000217,BOM_000265,ITEM_000263,HVAC,0.058,1.0,1.0,0.058,,,,0.1,0.0,0.04,0.0,False,0.058,True,0.0,False,0.1,False,0.0,False,0.04,False,0.0,0.0,0.1,0.14,False,local
284,285,PBS_GROUP_0016,TC_000218,BOM_000266,ITEM_000264,HVAC,0.101,1.0,1.0,0.101,,,,0.1,0.0,0.04,0.0,False,0.101,True,0.0,False,0.1,False,0.0,False,0.04,False,0.0,0.0,0.1,0.14,False,local
285,286,PBS_GROUP_0016,TC_000219,BOM_000267,ITEM_000265,HVAC,0.0,1.0,1.0,0.0,,,,0.1,0.0,0.04,0.0,False,0.0,True,0.0,False,0.1,False,0.0,False,0.04,False,0.0,0.0,0.1,0.14,False,local
286,287,PBS_GROUP_0016,TC_000220,BOM_000268,ITEM_000266,HVAC,0.028,0.9702,0.9374,0.02546503344,,,,0.1,0.0,0.04,0.0,False,0.02546503344,True,0.0,False,0.1,False,0.0,False,0.04,False,0.0,0.0,0.1,0.14,False,local
287,288,PBS_GROUP_0016,TC_000221,BOM_000269,ITEM_000267,HVAC,0.0,0.0,1.0,0.0,,,,0.1,0.0,0.04,0.0,False,0.0,True,0.0,False,0.1,False,0.0,False,0.04,False,0.0,0.0,0.1,0.14,False,local
288,289,PBS_GROUP_0016,TC_000222,BOM_000270,ITEM_000268,HVAC,0.0,1.0,1.0,0.0,,,,0.1,0.0,0.04,0.0,False,0.0,True,0.0,False,0.1,False,0.0,False,0.04,False,0.0,0.0,0.1,0.14,False,local
289,290,PBS_GROUP_0016,TC_000223,BOM_000271,ITEM_000269,HVAC,0.065,0.7642,1.0,0.049673,,,,0.1,0.0,0.04,0.0,False,0.049673,True,0.0,False,0.1,False,0.0,False,0.04,False,0.0,0.0,0.1,0.14,False,local
290,291,PBS_GROUP_0016,TC_000224,BOM_000272,ITEM_000270,HVAC,0.062,1.0,1.0,0.062,,,,0.1,0.0,0.04,0.0,False,0.062,True,0.0,False,0.1,False,0.0,False,0.04,False,0.0,0.0,0.1,0.14,False,local
291,292,PBS_GROUP_0016,TC_000225,BOM_000273,ITEM_000271,HVAC,0.121,1.0,1.0,0.121,,,,0.1,0.0,0.04,0.0,False,0.121,True,0.0,False,0.1,False,0.0,False,0.04,False,0.0,0.0,0.1,0.14,False,local
292,293,PBS_GROUP_0016,TC_000226,BOM_000274,ITEM_000272,HVAC,0.044,1.0,1.0,0.044,,,,0.1,0.0,0.04,0.0,False,0.044,True,0.0,False,0.1,False,0.0,False,0.04,False,0.0,0.0,0.1,0.14,False,local
293,294,PBS_GROUP_0016,TC_000227,BOM_000275,ITEM_000273,HVAC,0.032,1.0,1.0,0.032,,,,0.1,0.0,0.04,0.0,False,0.032,True,0.0,False,0.1,False,0.0,False,0.04,False,0.0,0.0,0.1,0.14,False,local
294,295,PBS_GROUP_0016,TC_000228,BOM_000276,ITEM_000274,HVAC,0.0,1.0,1.0,0.0,,,,0.1,0.0,0.04,0.0,False,0.0,True,0.0,False,0.1,False,0.0,False,0.04,False,0.0,0.0,0.1,0.14,False,local
295,296,PBS_GROUP_0016,TC_000229,BOM_000277,ITEM_000275,HVAC,0.0,1.0,1.0,0.0,,,,0.1,0.0,0.04,0.0,False,0.0,True,0.0,False,0.1,False,0.0,False,0.04,False,0.0,0.0,0.1,0.14,False,local
296,297,PBS_GROUP_0016,TC_000230,BOM_000278,ITEM_000276,HVAC,0.0,1.0,1.0,0.0,,,,0.1,0.0,0.04,0.0,False,0.0,True,0.0,False,0.1,False,0.0,False,0.04,False,0.0,0.0,0.1,0.14,False,local
297,298,PBS_GROUP_0016,TC_000231,BOM_000279,ITEM_000277,HVAC,0.0,1.0,1.0,0.0,,,,0.1,0.0,0.04,0.0,False,0.0,True,0.0,False,0.1,False,0.0,False,0.04,False,0.0,0.0,0.1,0.14,False,local
298,299,PBS_GROUP_0016,TC_000232,BOM_000280,ITEM_000278,HVAC,0.245,1.0,1.0,0.245,,,,0.1,0.0,0.04,0.0,False,0.245,True,0.0,False,0.1,False,0.0,False,0.04,False,0.0,0.0,0.1,0.14,False,local
299,300,PBS_GROUP_0016,TC_000233,BOM_000281,ITEM_000279,HVAC,0.0,1.0,1.0,0.0,,,,0.1,0.0,0.04,0.0,False,0.0,True,0.0,False,0.1,False,0.0,False,0.04,False,0.0,0.0,0.1,0.14,False,local
300,301,PBS_GROUP_0016,TC_000234,BOM_000282,ITEM_000280,HVAC,0.168,1.0,1.0,0.168,,,,0.1,0.0,0.04,0.0,False,0.168,True,0.0,False,0.1,False,0.0,False,0.04,False,0.0,0.0,0.1,0.14,False,local
301,302,PBS_GROUP_0016,TC_000235,BOM_000283,ITEM_000281,HVAC,0.044,1.0,1.0,0.044,,,,0.1,0.0,0.04,0.0,False,0.044,True,0.0,False,0.1,False,0.0,False,0.04,False,0.0,0.0,0.1,0.14,False,local
302,303,PBS_GROUP_0016,TC_000236,BOM_000284,ITEM_000282,HVAC,0.073,1.0,1.0,0.073,,,,0.1,0.0,0.04,0.0,False,0.073,True,0.0,False,0.1,False,0.0,False,0.04,False,0.0,0.0,0.1,0.14,False,local
303,304,PBS_GROUP_0016,TC_000237,BOM_000285,ITEM_000283,HVAC,0.015,1.0,1.0,0.015,,,,0.1,0.0,0.04,0.0,False,0.015,True,0.0,False,0.1,False,0.0,False,0.04,False,0.0,0.0,0.1,0.14,False,local
304,305,PBS_GROUP_0016,TC_000238,BOM_000286,ITEM_000284,HVAC,0.037,1.0,1.0,0.037,,,,0.1,0.0,0.04,0.0,False,0.037,True,0.0,False,0.1,False,0.0,False,0.04,False,0.0,0.0,0.1,0.14,False,local
305,306,PBS_GROUP_0016,TC_000239,BOM_000287,ITEM_000285,HVAC,0.012,1.0,1.0,0.012,,,,0.1,0.0,0.04,0.0,False,0.012,True,0.0,False,0.1,False,0.0,False,0.04,False,0.0,0.0,0.1,0.14,False,local
306,307,PBS_GROUP_0016,TC_000240,BOM_000288,ITEM_000286,HVAC,0.0,1.0,1.0,0.0,,,,0.1,0.0,0.04,0.0,False,0.0,True,0.0,False,0.1,False,0.0,False,0.04,False,0.0,0.0,0.1,0.14,False,local
307,308,PBS_GROUP_0016,TC_000241,BOM_000289,ITEM_000287,HVAC,0.067,1.0,1.0,0.067,,,,0.1,0.0,0.04,0.0,False,0.067,True,0.0,False,0.1,False,0.0,False,0.04,False,0.0,0.0,0.1,0.14,False,local
308,309,PBS_GROUP_0016,TC_000242,BOM_000290,ITEM_000288,HVAC,0.0,1.0,1.0,0.0,,,,0.1,0.0,0.04,0.0,False,0.0,True,0.0,False,0.1,False,0.0,False,0.04,False,0.0,0.0,0.1,0.14,False,local
309,310,PBS_GROUP_0016,TC_000243,BOM_000291,ITEM_000289,HVAC,0.0,1.0,1.0,0.0,,,,0.1,0.0,0.04,0.0,False,0.0,True,0.0,False,0.1,False,0.0,False,0.04,False,0.0,0.0,0.1,0.14,False,local
310,311,PBS_GROUP_0016,TC_000244,BOM_000292,ITEM_000290,HVAC,0.027,1.0,1.0,0.027,,,,0.1,0.0,0.04,0.0,False,0.027,True,0.0,False,0.1,False,0.0,False,0.04,False,0.0,0.0,0.1,0.14,False,local
311,312,PBS_GROUP_0016,TC_000245,BOM_000293,ITEM_000291,HVAC,0.0,1.0,1.0,0.0,,,,0.1,0.0,0.04,0.0,False,0.0,True,0.0,False,0.1,False,0.0,False,0.04,False,0.0,0.0,0.1,0.14,False,local
312,313,PBS_GROUP_0016,TC_000246,BOM_000294,ITEM_000292,HVAC,0.116,1.0,1.0,0.116,,,,0.1,0.0,0.04,0.0,False,0.116,True,0.0,False,0.1,False,0.0,False,0.04,False,0.0,0.0,0.1,0.14,False,local
313,314,PBS_GROUP_0016,TC_000247,BOM_000295,ITEM_000293,HVAC,0.096,1.0,1.0,0.096,,,,0.1,0.0,0.04,0.0,False,0.096,True,0.0,False,0.1,False,0.0,False,0.04,False,0.0,0.0,0.1,0.14,False,local
314,315,PBS_GROUP_0016,TC_000248,BOM_000296,ITEM_000294,HVAC,0.172,1.0,1.0,0.172,,,,0.1,0.0,0.04,0.0,False,0.172,True,0.0,False,0.1,False,0.0,False,0.04,False,0.0,0.0,0.1,0.14,False,local
315,316,PBS_GROUP_0016,TC_000249,BOM_000297,ITEM_000295,HVAC,0.0,1.0,1.0,0.0,,,,0.1,0.0,0.04,0.0,False,0.0,True,0.0,False,0.1,False,0.0,False,0.04,False,0.0,0.0,0.1,0.14,False,local
316,317,PBS_GROUP_0016,TC_000250,BOM_000298,ITEM_000296,HVAC,0.0,1.0,1.0,0.0,,,,0.1,0.0,0.04,0.0,False,0.0,True,0.0,False,0.1,False,0.0,False,0.04,False,0.0,0.0,0.1,0.14,False,local
317,318,PBS_GROUP_0016,TC_000251,BOM_000299,ITEM_000297,HVAC,0.098,1.0,1.0,0.098,,,,0.1,0.0,0.04,0.0,False,0.098,True,0.0,False,0.1,False,0.0,False,0.04,False,0.0,0.0,0.1,0.14,False,local
318,319,PBS_GROUP_0016,TC_000252,BOM_000300,ITEM_000298,HVAC,0.0,1.0,1.0,0.0,,,,0.1,0.0,0.04,0.0,False,0.0,True,0.0,False,0.1,False,0.0,False,0.04,False,0.0,0.0,0.1,0.14,False,local
319,320,PBS_GROUP_0016,TC_000253,BOM_000301,ITEM_000299,HVAC,0.135,1.0,1.0,0.135,,,,0.1,0.0,0.04,0.0,False,0.135,True,0.0,False,0.1,False,0.0,False,0.04,False,0.0,0.0,0.1,0.14,False,local
320,321,PBS_GROUP_0016,TC_000254,BOM_000302,ITEM_000300,HVAC,0.241,1.0,1.0,0.241,,,,0.1,0.0,0.04,0.0,False,0.241,True,0.0,False,0.1,False,0.0,False,0.04,False,0.0,0.0,0.1,0.14,False,local
321,322,PBS_GROUP_0016,TC_000255,BOM_000303,ITEM_000301,HVAC,0.052,1.0,1.0,0.052,,,,0.1,0.0,0.04,0.0,False,0.052,True,0.0,False,0.1,False,0.0,False,0.04,False,0.0,0.0,0.1,0.14,False,local
322,323,PBS_GROUP_0016,TC_000256,BOM_000304,ITEM_000302,HVAC,0.0,1.0,1.0,0.0,,,,0.1,0.0,0.04,0.0,False,0.0,True,0.0,False,0.1,False,0.0,False,0.04,False,0.0,0.0,0.1,0.14,False,local
323,324,PBS_GROUP_0016,TC_000257,BOM_000305,ITEM_000303,HVAC,0.0,1.0,1.0,0.0,,,,0.1,0.0,0.04,0.0,False,0.0,True,0.0,False,0.1,False,0.0,False,0.04,False,0.0,0.0,0.1,0.14,False,local
324,325,PBS_GROUP_0016,TC_000258,BOM_000306,ITEM_000304,HVAC,0.076,1.0,1.0,0.076,,,,0.1,0.0,0.04,0.0,False,0.076,True,0.0,False,0.1,False,0.0,False,0.04,False,0.0,0.0,0.1,0.14,False,local
325,326,PBS_GROUP_0016,TC_000259,BOM_000307,ITEM_000305,HVAC,0.0,1.0,1.0,0.0,,,,0.1,0.0,0.04,0.0,False,0.0,True,0.0,False,0.1,False,0.0,False,0.04,False,0.0,0.0,0.1,0.14,False,local
326,327,PBS_GROUP_0016,TC_000260,BOM_000308,ITEM_000306,HVAC,0.0,1.0,1.0,0.0,,,,0.1,0.0,0.04,0.0,False,0.0,True,0.0,False,0.1,False,0.0,False,0.04,False,0.0,0.0,0.1,0.14,False,local
327,328,PBS_GROUP_0016,TC_000261,BOM_000309,ITEM_000307,HVAC,0.027,1.0,1.0,0.027,,,,0.1,0.0,0.04,0.0,False,0.027,True,0.0,False,0.1,False,0.0,False,0.04,False,0.0,0.0,0.1,0.14,False,local
328,329,PBS_GROUP_0016,TC_000262,BOM_000310,ITEM_000308,HVAC,0.17,0.7734,1.0,0.131478,,,,0.1,0.0,0.04,0.0,False,0.131478,True,0.0,False,0.1,False,0.0,False,0.04,False,0.0,0.0,0.1,0.14,False,local
329,330,PBS_GROUP_0016,TC_000263,BOM_000311,ITEM_000309,HVAC,0.096,1.0,1.0,0.096,,,,0.1,0.0,0.04,0.0,False,0.096,True,0.0,False,0.1,False,0.0,False,0.04,False,0.0,0.0,0.1,0.14,False,local
330,331,PBS_GROUP_0016,TC_000264,BOM_000312,ITEM_000310,HVAC,0.022,1.0,1.0,0.022,,,,0.1,0.0,0.04,0.0,False,0.022,True,0.0,False,0.1,False,0.0,False,0.04,False,0.0,0.0,0.1,0.14,False,local
331,332,PBS_GROUP_0016,TC_000265,BOM_000313,ITEM_000311,HVAC,0.0,1.0,1.0,0.0,,,,0.1,0.0,0.04,0.0,False,0.0,True,0.0,False,0.1,False,0.0,False,0.04,False,0.0,0.0,0.1,0.14,False,local
332,333,PBS_GROUP_0016,TC_000266,BOM_000314,ITEM_000312,HVAC,0.048,1.0,1.0,0.048,,,,0.1,0.0,0.04,0.0,False,0.048,True,0.0,False,0.1,False,0.0,False,0.04,False,0.0,0.0,0.1,0.14,False,local
333,334,PBS_GROUP_0016,TC_000267,BOM_000315,ITEM_000313,HVAC,0.113,1.0,1.0,0.113,,,,0.1,0.0,0.04,0.0,False,0.113,True,0.0,False,0.1,False,0.0,False,0.04,False,0.0,0.0,0.1,0.14,False,local
334,335,PBS_GROUP_0016,TC_000268,BOM_000316,ITEM_000314,HVAC,0.0,1.0,1.0,0.0,,,,0.1,0.0,0.04,0.0,False,0.0,True,0.0,False,0.1,False,0.0,False,0.04,False,0.0,0.0,0.1,0.14,False,local
335,336,PBS_GROUP_0016,TC_000269,BOM_000317,ITEM_000315,HVAC,0.018,1.0,1.0,0.018,,,,0.1,0.0,0.04,0.0,False,0.018,True,0.0,False,0.1,False,0.0,False,0.04,False,0.0,0.0,0.1,0.14,False,local
336,337,PBS_GROUP_0016,TC_000270,BOM_000318,ITEM_000316,HVAC,0.087,1.0,1.0,0.087,,,,0.1,0.0,0.04,0.0,False,0.087,True,0.0,False,0.1,False,0.0,False,0.04,False,0.0,0.0,0.1,0.14,False,local
337,338,PBS_GROUP_0016,TC_000271,BOM_000319,ITEM_000317,HVAC,0.101,1.0,1.0,0.101,,,,0.1,0.0,0.04,0.0,False,0.101,True,0.0,False,0.1,False,0.0,False,0.04,False,0.0,0.0,0.1,0.14,False,local
338,339,PBS_GROUP_0016,TC_000272,BOM_000320,ITEM_000318,HVAC,0.041,1.0,1.0,0.041,,,,0.1,0.0,0.04,0.0,False,0.041,True,0.0,False,0.1,False,0.0,False,0.04,False,0.0,0.0,0.1,0.14,False,local
339,340,PBS_GROUP_0016,TC_000273,BOM_000321,ITEM_000319,HVAC,0.075,1.0,1.0,0.075,,,,0.1,0.0,0.04,0.0,False,0.075,True,0.0,False,0.1,False,0.0,False,0.04,False,0.0,0.0,0.1,0.14,False,local
340,341,PBS_GROUP_0016,TC_000274,BOM_000322,ITEM_000320,HVAC,0.0,1.0,1.0,0.0,,,,0.1,0.0,0.04,0.0,False,0.0,True,0.0,False,0.1,False,0.0,False,0.04,False,0.0,0.0,0.1,0.14,False,local
341,342,PBS_GROUP_0016,TC_000275,BOM_000323,ITEM_000321,HVAC,0.0,1.0,1.0,0.0,,,,0.1,0.0,0.04,0.0,False,0.0,True,0.0,False,0.1,False,0.0,False,0.04,False,0.0,0.0,0.1,0.14,False,local
342,343,PBS_GROUP_0016,TC_000276,BOM_000324,ITEM_000322,HVAC,0.082,1.0,1.0,0.082,,,,0.1,0.0,0.04,0.0,False,0.082,True,0.0,False,0.1,False,0.0,False,0.04,False,0.0,0.0,0.1,0.14,False,local
343,344,PBS_GROUP_0016,TC_000277,BOM_000325,ITEM_000323,HVAC,0.068,1.0,1.0,0.068,,,,0.1,0.0,0.04,0.0,False,0.068,True,0.0,False,0.1,False,0.0,False,0.04,False,0.0,0.0,0.1,0.14,False,local
344,345,PBS_GROUP_0016,TC_000278,BOM_000326,ITEM_000324,HVAC,0.114,1.0,1.0,0.114,,,,0.1,0.0,0.04,0.0,False,0.114,True,0.0,False,0.1,False,0.0,False,0.04,False,0.0,0.0,0.1,0.14,False,local
345,346,PBS_GROUP_0016,TC_000279,BOM_000327,ITEM_000325,HVAC,0.06,1.0,1.0,0.06,,,,0.1,0.0,0.04,0.0,False,0.06,True,0.0,False,0.1,False,0.0,False,0.04,False,0.0,0.0,0.1,0.14,False,local
346,347,PBS_GROUP_0016,TC_000280,BOM_000328,ITEM_000326,HVAC,0.015,1.0,1.0,0.015,,,,0.1,0.0,0.04,0.0,False,0.015,True,0.0,False,0.1,False,0.0,False,0.04,False,0.0,0.0,0.1,0.14,False,local
347,348,PBS_GROUP_0016,TC_000281,BOM_000329,ITEM_000327,HVAC,0.015,1.0,1.0,0.015,,,,0.1,0.0,0.04,0.0,False,0.015,True,0.0,False,0.1,False,0.0,False,0.04,False,0.0,0.0,0.1,0.14,False,local
348,349,PBS_GROUP_0016,TC_000282,BOM_000330,ITEM_000328,HVAC,0.061,1.0,1.0,0.061,,,,0.1,0.0,0.04,0.0,False,0.061,True,0.0,False,0.1,False,0.0,False,0.04,False,0.0,0.0,0.1,0.14,False,local
349,350,PBS_GROUP_0016,TC_000283,BOM_000331,ITEM_000329,HVAC,0.031,1.0,1.0,0.031,,,,0.1,0.0,0.04,0.0,False,0.031,True,0.0,False,0.1,False,0.0,False,0.04,False,0.0,0.0,0.1,0.14,False,local
350,351,PBS_GROUP_0016,TC_000284,BOM_000332,ITEM_000330,HVAC,0.058,1.0,1.0,0.058,,,,0.1,0.0,0.04,0.0,False,0.058,True,0.0,False,0.1,False,0.0,False,0.04,False,0.0,0.0,0.1,0.14,False,local
351,352,PBS_GROUP_0016,TC_000285,BOM_000333,ITEM_000331,HVAC,0.042,1.0,1.0,0.042,,,,0.1,0.0,0.04,0.0,False,0.042,True,0.0,False,0.1,False,0.0,False,0.04,False,0.0,0.0,0.1,0.14,False,local
352,353,PBS_GROUP_0016,TC_000286,BOM_000334,ITEM_000332,HVAC,0.163,1.0,1.0,0.163,,,,0.1,0.0,0.04,0.0,False,0.163,True,0.0,False,0.1,False,0.0,False,0.04,False,0.0,0.0,0.1,0.14,False,local
353,354,PBS_GROUP_0016,TC_000287,BOM_000335,ITEM_000333,HVAC,0.003,1.0,1.0,0.003,,,,0.1,0.0,0.04,0.0,False,0.003,True,0.0,False,0.1,False,0.0,False,0.04,False,0.0,0.0,0.1,0.14,False,local
354,355,PBS_GROUP_0016,TC_000288,BOM_000336,ITEM_000334,HVAC,0.0,1.0,1.0,0.0,,,,0.1,0.0,0.04,0.0,False,0.0,True,0.0,False,0.1,False,0.0,False,0.04,False,0.0,0.0,0.1,0.14,False,local
355,356,PBS_GROUP_0016,TC_000289,BOM_000337,ITEM_000335,HVAC,0.0,1.0,1.0,0.0,,,,0.1,0.0,0.04,0.0,False,0.0,True,0.0,False,0.1,False,0.0,False,0.04,False,0.0,0.0,0.1,0.14,False,local
356,357,PBS_GROUP_0016,TC_000290,BOM_000338,ITEM_000336,HVAC,0.038,1.0,1.0,0.038,,,,0.1,0.0,0.04,0.0,False,0.038,True,0.0,False,0.1,False,0.0,False,0.04,False,0.0,0.0,0.1,0.14,False,local
357,358,PBS_GROUP_0016,TC_000291,BOM_000339,ITEM_000337,HVAC,0.0,1.0,1.0,0.0,,,,0.1,0.0,0.04,0.0,False,0.0,True,0.0,False,0.1,False,0.0,False,0.04,False,0.0,0.0,0.1,0.14,False,local
358,359,PBS_GROUP_0016,TC_000292,BOM_000340,ITEM_000338,HVAC,0.01,1.0,1.0,0.01,,,,0.1,0.0,0.04,0.0,False,0.01,True,0.0,False,0.1,False,0.0,False,0.04,False,0.0,0.0,0.1,0.14,False,local
359,360,PBS_GROUP_0016,TC_000293,BOM_000341,ITEM_000339,HVAC,0.036,1.0,1.0,0.036,,,,0.1,0.0,0.04,0.0,False,0.036,True,0.0,False,0.1,False,0.0,False,0.04,False,0.0,0.0,0.1,0.14,False,local
360,361,PBS_GROUP_0016,TC_000294,BOM_000342,ITEM_000340,HVAC,0.0,1.0,1.0,0.0,,,,0.1,0.0,0.04,0.0,False,0.0,True,0.0,False,0.1,False,0.0,False,0.04,False,0.0,0.0,0.1,0.14,False,local
361,362,PBS_GROUP_0016,TC_000295,BOM_000343,ITEM_000341,HVAC,0.048,1.0,1.0,0.048,,,,0.1,0.0,0.04,0.0,False,0.048,True,0.0,False,0.1,False,0.0,False,0.04,False,0.0,0.0,0.1,0.14,False,local
362,363,PBS_GROUP_0016,TC_000296,BOM_000344,ITEM_000342,HVAC,0.0,1.0,1.0,0.0,,,,0.1,0.0,0.04,0.0,False,0.0,True,0.0,False,0.1,False,0.0,False,0.04,False,0.0,0.0,0.1,0.14,False,local
363,364,PBS_GROUP_0016,TC_000297,BOM_000345,ITEM_000343,HVAC,0.0,1.0,1.0,0.0,,,,0.1,0.0,0.04,0.0,False,0.0,True,0.0,False,0.1,False,0.0,False,0.04,False,0.0,0.0,0.1,0.14,False,local
364,365,PBS_GROUP_0016,TC_000298,BOM_000346,ITEM_000344,HVAC,0.075,1.0,1.0,0.075,,,,0.1,0.0,0.04,0.0,False,0.075,True,0.0,False,0.1,False,0.0,False,0.04,False,0.0,0.0,0.1,0.14,False,local
365,366,PBS_GROUP_0016,TC_000299,BOM_000347,ITEM_000345,HVAC,0.0,0.9765,1.0,0.0,,,,0.1,0.0,0.04,0.0,False,0.0,True,0.0,False,0.1,False,0.0,False,0.04,False,0.0,0.0,0.1,0.14,False,local
366,367,PBS_GROUP_0016,TC_000300,BOM_000348,ITEM_000346,HVAC,0.0,1.0,1.0,0.0,,,,0.1,0.0,0.04,0.0,False,0.0,True,0.0,False,0.1,False,0.0,False,0.04,False,0.0,0.0,0.1,0.14,False,local
367,368,PBS_GROUP_0016,TC_000301,BOM_000349,ITEM_000347,HVAC,0.023,1.0,1.0,0.023,,,,0.1,0.0,0.04,0.0,False,0.023,True,0.0,False,0.1,False,0.0,False,0.04,False,0.0,0.0,0.1,0.14,False,local
368,369,PBS_GROUP_0016,TC_000302,BOM_000350,ITEM_000348,HVAC,0.063,1.0,1.0,0.063,,,,0.1,0.0,0.04,0.0,False,0.063,True,0.0,False,0.1,False,0.0,False,0.04,False,0.0,0.0,0.1,0.14,False,local
369,370,PBS_GROUP_0016,TC_000303,BOM_000351,ITEM_000349,HVAC,0.0,1.0,1.0,0.0,,,,0.1,0.0,0.04,0.0,False,0.0,True,0.0,False,0.1,False,0.0,False,0.04,False,0.0,0.0,0.1,0.14,False,local
370,371,PBS_GROUP_0016,TC_000304,BOM_000352,ITEM_000350,HVAC,0.043,1.0,1.0,0.043,,,,0.1,0.0,0.04,0.0,False,0.043,True,0.0,False,0.1,False,0.0,False,0.04,False,0.0,0.0,0.1,0.14,False,local
371,372,PBS_GROUP_0016,TC_000305,BOM_000353,ITEM_000351,HVAC,0.0,1.0,1.0,0.0,,,,0.1,0.0,0.04,0.0,False,0.0,True,0.0,False,0.1,False,0.0,False,0.04,False,0.0,0.0,0.1,0.14,False,local
372,373,PBS_GROUP_0016,TC_000306,BOM_000354,ITEM_000352,HVAC,0.0,1.0,1.0,0.0,,,,0.1,0.0,0.04,0.0,False,0.0,True,0.0,False,0.1,False,0.0,False,0.04,False,0.0,0.0,0.1,0.14,False,local
373,374,PBS_GROUP_0016,TC_000307,BOM_000355,ITEM_000353,HVAC,0.022,1.0,1.0,0.022,,,,0.1,0.0,0.04,0.0,False,0.022,True,0.0,False,0.1,False,0.0,False,0.04,False,0.0,0.0,0.1,0.14,False,local
374,375,PBS_GROUP_0016,TC_000308,BOM_000356,ITEM_000354,HVAC,0.027,1.0,1.0,0.027,,,,0.1,0.0,0.04,0.0,False,0.027,True,0.0,False,0.1,False,0.0,False,0.04,False,0.0,0.0,0.1,0.14,False,local
375,376,PBS_GROUP_0016,TC_000309,BOM_000357,ITEM_000355,HVAC,0.033,1.0,1.0,0.033,,,,0.1,0.0,0.04,0.0,False,0.033,True,0.0,False,0.1,False,0.0,False,0.04,False,0.0,0.0,0.1,0.14,False,local
376,377,PBS_GROUP_0016,TC_000310,BOM_000358,ITEM_000356,HVAC,0.045,1.0,1.0,0.045,,,,0.1,0.0,0.04,0.0,False,0.045,True,0.0,False,0.1,False,0.0,False,0.04,False,0.0,0.0,0.1,0.14,False,local
377,378,PBS_GROUP_0016,TC_000311,BOM_000359,ITEM_000357,HVAC,0.238,1.0,1.0,0.238,,,,0.1,0.0,0.04,0.0,False,0.238,True,0.0,False,0.1,False,0.0,False,0.04,False,0.0,0.0,0.1,0.14,False,local
378,379,PBS_GROUP_0016,TC_000312,BOM_000360,ITEM_000358,HVAC,0.02,1.0,1.0,0.02,,,,0.1,0.0,0.04,0.0,False,0.02,True,0.0,False,0.1,False,0.0,False,0.04,False,0.0,0.0,0.1,0.14,False,local
379,380,PBS_GROUP_0016,TC_000313,BOM_000361,ITEM_000359,HVAC,0.0,1.0,1.0,0.0,,,,0.1,0.0,0.04,0.0,False,0.0,True,0.0,False,0.1,False,0.0,False,0.04,False,0.0,0.0,0.1,0.14,False,local
380,381,PBS_GROUP_0016,TC_000314,BOM_000362,ITEM_000360,HVAC,0.078,1.0,1.0,0.078,,,,0.1,0.0,0.04,0.0,False,0.078,True,0.0,False,0.1,False,0.0,False,0.04,False,0.0,0.0,0.1,0.14,False,local
381,382,PBS_GROUP_0016,TC_000315,BOM_000363,ITEM_000361,HVAC,0.0,1.0,1.0,0.0,,,,0.1,0.0,0.04,0.0,False,0.0,True,0.0,False,0.1,False,0.0,False,0.04,False,0.0,0.0,0.1,0.14,False,local
382,383,PBS_GROUP_0016,TC_000316,BOM_000364,ITEM_000362,HVAC,0.0,1.0,1.0,0.0,,,,0.1,0.0,0.04,0.0,False,0.0,True,0.0,False,0.1,False,0.0,False,0.04,False,0.0,0.0,0.1,0.14,False,local
383,384,PBS_GROUP_0016,TC_000317,BOM_000365,ITEM_000363,HVAC,0.0,1.0,1.0,0.0,,,,0.1,0.0,0.04,0.0,False,0.0,True,0.0,False,0.1,False,0.0,False,0.04,False,0.0,0.0,0.1,0.14,False,local
384,385,PBS_GROUP_0016,TC_000318,BOM_000366,ITEM_000364,HVAC,0.0,1.0,1.0,0.0,,,,0.1,0.0,0.04,0.0,False,0.0,True,0.0,False,0.1,False,0.0,False,0.04,False,0.0,0.0,0.1,0.14,False,local
385,386,PBS_GROUP_0016,TC_000319,BOM_000367,ITEM_000365,HVAC,0.065,1.0,1.0,0.065,,,,0.1,0.0,0.04,0.0,False,0.065,True,0.0,False,0.1,False,0.0,False,0.04,False,0.0,0.0,0.1,0.14,False,local
386,387,PBS_GROUP_0016,TC_000320,BOM_000368,ITEM_000366,HVAC,0.089,1.0,1.0,0.089,,,,0.1,0.0,0.04,0.0,False,0.089,True,0.0,False,0.1,False,0.0,False,0.04,False,0.0,0.0,0.1,0.14,False,local
387,388,PBS_GROUP_0016,TC_000321,BOM_000369,ITEM_000367,HVAC,0.072,1.0,1.0,0.072,,,,0.1,0.0,0.04,0.0,False,0.072,True,0.0,False,0.1,False,0.0,False,0.04,False,0.0,0.0,0.1,0.14,False,local
388,389,PBS_GROUP_0016,TC_000322,BOM_000370,ITEM_000368,HVAC,0.006,1.0,1.0,0.006,,,,0.1,0.0,0.04,0.0,False,0.006,True,0.0,False,0.1,False,0.0,False,0.04,False,0.0,0.0,0.1,0.14,False,local
389,390,PBS_GROUP_0016,TC_000323,BOM_000371,ITEM_000369,HVAC,0.0,1.0,1.0,0.0,,,,0.1,0.0,0.04,0.0,False,0.0,True,0.0,False,0.1,False,0.0,False,0.04,False,0.0,0.0,0.1,0.14,False,local
390,391,PBS_GROUP_0016,TC_000324,BOM_000372,ITEM_000370,HVAC,0.0,1.0,1.0,0.0,,,,0.1,0.0,0.04,0.0,False,0.0,True,0.0,False,0.1,False,0.0,False,0.04,False,0.0,0.0,0.1,0.14,False,local
391,392,PBS_GROUP_0016,TC_000325,BOM_000373,ITEM_000371,HVAC,0.0,1.0,1.0,0.0,,,,0.1,0.0,0.04,0.0,False,0.0,True,0.0,False,0.1,False,0.0,False,0.04,False,0.0,0.0,0.1,0.14,False,local
392,393,PBS_GROUP_0016,TC_000326,BOM_000374,ITEM_000372,HVAC,0.021,1.0,1.0,0.021,,,,0.1,0.0,0.04,0.0,False,0.021,True,0.0,False,0.1,False,0.0,False,0.04,False,0.0,0.0,0.1,0.14,False,local
393,394,PBS_GROUP_0016,TC_000327,BOM_000375,ITEM_000373,HVAC,0.047,1.0,1.0,0.047,,,,0.1,0.0,0.04,0.0,False,0.047,True,0.0,False,0.1,False,0.0,False,0.04,False,0.0,0.0,0.1,0.14,False,local
394,395,PBS_GROUP_0016,TC_000328,BOM_000376,ITEM_000374,HVAC,0.082,1.0,1.0,0.082,,,,0.1,0.0,0.04,0.0,False,0.082,True,0.0,False,0.1,False,0.0,False,0.04,False,0.0,0.0,0.1,0.14,False,local
395,396,PBS_GROUP_0016,TC_000329,BOM_000377,ITEM_000375,HVAC,0.0,1.0,1.0,0.0,,,,0.1,0.0,0.04,0.0,False,0.0,True,0.0,False,0.1,False,0.0,False,0.04,False,0.0,0.0,0.1,0.14,False,local
396,397,PBS_GROUP_0016,TC_000330,BOM_000378,ITEM_000376,HVAC,0.126,1.0,1.0,0.126,,,,0.1,0.0,0.04,0.0,False,0.126,True,0.0,False,0.1,False,0.0,False,0.04,False,0.0,0.0,0.1,0.14,False,local
397,398,PBS_GROUP_0016,TC_000331,BOM_000379,ITEM_000377,HVAC,0.082,0.8135,1.0,0.066707,,,,0.1,0.0,0.04,0.0,False,0.066707,True,0.0,False,0.1,False,0.0,False,0.04,False,0.0,0.0,0.1,0.14,False,local
398,399,PBS_GROUP_0016,TC_000332,BOM_000380,ITEM_000378,HVAC,0.027,1.0,1.0,0.027,,,,0.1,0.0,0.04,0.0,False,0.027,True,0.0,False,0.1,False,0.0,False,0.04,False,0.0,0.0,0.1,0.14,False,local
399,400,PBS_GROUP_0016,TC_000333,BOM_000381,ITEM_000379,HVAC,0.049,1.0,1.0,0.049,,,,0.1,0.0,0.04,0.0,False,0.049,True,0.0,False,0.1,False,0.0,False,0.04,False,0.0,0.0,0.1,0.14,False,local
400,401,PBS_GROUP_0016,TC_000334,BOM_000382,ITEM_000380,HVAC,0.008,1.0,1.0,0.008,,,,0.1,0.0,0.04,0.0,False,0.008,True,0.0,False,0.1,False,0.0,False,0.04,False,0.0,0.0,0.1,0.14,False,local
401,402,PBS_GROUP_0016,TC_000335,BOM_000383,ITEM_000381,HVAC,0.0,1.0,1.0,0.0,,,,0.1,0.0,0.04,0.0,False,0.0,True,0.0,False,0.1,False,0.0,False,0.04,False,0.0,0.0,0.1,0.14,False,local
402,403,PBS_GROUP_0016,TC_000336,BOM_000384,ITEM_000382,HVAC,0.0,1.0,1.0,0.0,,,,0.1,0.0,0.04,0.0,False,0.0,True,0.0,False,0.1,False,0.0,False,0.04,False,0.0,0.0,0.1,0.14,False,local
403,404,PBS_GROUP_0016,TC_000337,BOM_000385,ITEM_000383,HVAC,0.047,1.0,1.0,0.047,,,,0.1,0.0,0.04,0.0,False,0.047,True,0.0,False,0.1,False,0.0,False,0.04,False,0.0,0.0,0.1,0.14,False,local
404,405,PBS_GROUP_0016,TC_000338,BOM_000386,ITEM_000384,HVAC,0.0,1.0,1.0,0.0,,,,0.1,0.0,0.04,0.0,False,0.0,True,0.0,False,0.1,False,0.0,False,0.04,False,0.0,0.0,0.1,0.14,False,local
405,406,PBS_GROUP_0016,TC_000339,BOM_000387,ITEM_000385,HVAC,0.0,1.0,1.0,0.0,,,,0.1,0.0,0.04,0.0,False,0.0,True,0.0,False,0.1,False,0.0,False,0.04,False,0.0,0.0,0.1,0.14,False,local
406,407,PBS_GROUP_0016,TC_000340,BOM_000388,ITEM_000386,HVAC,0.0,1.0,1.0,0.0,,,,0.1,0.0,0.04,0.0,False,0.0,True,0.0,False,0.1,False,0.0,False,0.04,False,0.0,0.0,0.1,0.14,False,local
407,408,PBS_GROUP_0016,TC_000341,BOM_000389,ITEM_000387,HVAC,0.0,1.0,1.0,0.0,,,,0.1,0.0,0.04,0.0,False,0.0,True,0.0,False,0.1,False,0.0,False,0.04,False,0.0,0.0,0.1,0.14,False,local
408,409,PBS_GROUP_0016,TC_000342,BOM_000390,ITEM_000388,HVAC,0.188,1.0,1.0,0.188,,,,0.1,0.0,0.04,0.0,False,0.188,True,0.0,False,0.1,False,0.0,False,0.04,False,0.0,0.0,0.1,0.14,False,local
409,410,PBS_GROUP_0016,TC_000343,BOM_000391,ITEM_000389,HVAC,0.045,1.0,1.0,0.045,,,,0.1,0.0,0.04,0.0,False,0.045,True,0.0,False,0.1,False,0.0,False,0.04,False,0.0,0.0,0.1,0.14,False,local
410,411,PBS_GROUP_0016,TC_000344,BOM_000392,ITEM_000390,HVAC,0.013,1.0,1.0,0.013,,,,0.1,0.0,0.04,0.0,False,0.013,True,0.0,False,0.1,False,0.0,False,0.04,False,0.0,0.0,0.1,0.14,False,local
411,412,PBS_GROUP_0016,TC_000345,BOM_000393,ITEM_000391,HVAC,0.0,1.0,1.0,0.0,,,,0.1,0.0,0.04,0.0,False,0.0,True,0.0,False,0.1,False,0.0,False,0.04,False,0.0,0.0,0.1,0.14,False,local
412,413,PBS_GROUP_0016,TC_000346,BOM_000394,ITEM_000392,HVAC,0.012,1.0,1.0,0.012,,,,0.1,0.0,0.04,0.0,False,0.012,True,0.0,False,0.1,False,0.0,False,0.04,False,0.0,0.0,0.1,0.14,False,local
413,414,PBS_GROUP_0016,TC_000347,BOM_000395,ITEM_000393,HVAC,0.01,1.0,1.0,0.01,,,,0.1,0.0,0.04,0.0,False,0.01,True,0.0,False,0.1,False,0.0,False,0.04,False,0.0,0.0,0.1,0.14,False,local
414,415,PBS_GROUP_0016,TC_000348,BOM_000396,ITEM_000394,HVAC,0.0,0.9921,1.0,0.0,,,,0.1,0.0,0.04,0.0,False,0.0,True,0.0,False,0.1,False,0.0,False,0.04,False,0.0,0.0,0.1,0.14,False,local
415,416,PBS_GROUP_0016,TC_000349,BOM_000397,ITEM_000395,HVAC,0.0,1.0,1.0,0.0,,,,0.1,0.0,0.04,0.0,False,0.0,True,0.0,False,0.1,False,0.0,False,0.04,False,0.0,0.0,0.1,0.14,False,local
416,417,PBS_GROUP_0016,TC_000350,BOM_000398,ITEM_000396,HVAC,0.006,1.0,1.0,0.006,,,,0.1,0.0,0.04,0.0,False,0.006,True,0.0,False,0.1,False,0.0,False,0.04,False,0.0,0.0,0.1,0.14,False,local
417,418,PBS_GROUP_0016,TC_000351,BOM_000399,ITEM_000397,HVAC,0.065,1.0,1.0,0.065,,,,0.1,0.0,0.04,0.0,False,0.065,True,0.0,False,0.1,False,0.0,False,0.04,False,0.0,0.0,0.1,0.14,False,local
418,419,PBS_GROUP_0016,TC_000352,BOM_000400,ITEM_000398,HVAC,0.066,1.0,1.0,0.066,,,,0.1,0.0,0.04,0.0,False,0.066,True,0.0,False,0.1,False,0.0,False,0.04,False,0.0,0.0,0.1,0.14,False,local
419,420,PBS_GROUP_0016,TC_000353,BOM_000401,ITEM_000399,HVAC,0.0,1.0,1.0,0.0,,,,0.1,0.0,0.04,0.0,False,0.0,True,0.0,False,0.1,False,0.0,False,0.04,False,0.0,0.0,0.1,0.14,False,local
420,421,PBS_GROUP_0016,TC_000354,BOM_000402,ITEM_000400,HVAC,0.008,1.0,1.0,0.008,,,,0.1,0.0,0.04,0.0,False,0.008,True,0.0,False,0.1,False,0.0,False,0.04,False,0.0,0.0,0.1,0.14,False,local
421,422,PBS_GROUP_0016,TC_000355,BOM_000403,ITEM_000401,HVAC,0.067,1.0,1.0,0.067,,,,0.1,0.0,0.04,0.0,False,0.067,True,0.0,False,0.1,False,0.0,False,0.04,False,0.0,0.0,0.1,0.14,False,local
422,423,PBS_GROUP_0016,TC_000356,BOM_000404,ITEM_000402,HVAC,0.016,1.0,1.0,0.016,,,,0.1,0.0,0.04,0.0,False,0.016,True,0.0,False,0.1,False,0.0,False,0.04,False,0.0,0.0,0.1,0.14,False,local
423,424,PBS_GROUP_0016,TC_000357,BOM_000405,ITEM_000403,HVAC,0.104,1.0,1.0,0.104,,,,0.1,0.0,0.04,0.0,False,0.104,True,0.0,False,0.1,False,0.0,False,0.04,False,0.0,0.0,0.1,0.14,False,local
424,425,PBS_GROUP_0016,TC_000358,BOM_000406,ITEM_000404,HVAC,0.061,1.0,1.0,0.061,,,,0.1,0.0,0.04,0.0,False,0.061,True,0.0,False,0.1,False,0.0,False,0.04,False,0.0,0.0,0.1,0.14,False,local
425,426,PBS_GROUP_0016,TC_000359,BOM_000407,ITEM_000405,HVAC,0.0,1.0,1.0,0.0,,,,0.1,0.0,0.04,0.0,False,0.0,True,0.0,False,0.1,False,0.0,False,0.04,False,0.0,0.0,0.1,0.14,False,local
426,427,PBS_GROUP_0016,TC_000360,BOM_000408,ITEM_000406,HVAC,0.0,1.0,1.0,0.0,,,,0.1,0.0,0.04,0.0,False,0.0,True,0.0,False,0.1,False,0.0,False,0.04,False,0.0,0.0,0.1,0.14,False,local
427,428,PBS_GROUP_0016,TC_000361,BOM_000409,ITEM_000407,HVAC,0.076,1.0,1.0,0.076,,,,0.1,0.0,0.04,0.0,False,0.076,True,0.0,False,0.1,False,0.0,False,0.04,False,0.0,0.0,0.1,0.14,False,local
428,429,PBS_GROUP_0016,TC_000362,BOM_000410,ITEM_000408,HVAC,0.0,1.0,1.0,0.0,,,,0.1,0.0,0.04,0.0,False,0.0,True,0.0,False,0.1,False,0.0,False,0.04,False,0.0,0.0,0.1,0.14,False,local
429,430,PBS_GROUP_0016,TC_000363,BOM_000411,ITEM_000409,HVAC,0.039,0.9772,1.0,0.0381108,,,,0.1,0.0,0.04,0.0,False,0.0381108,True,0.0,False,0.1,False,0.0,False,0.04,False,0.0,0.0,0.1,0.14,False,local
430,431,PBS_GROUP_0016,TC_000364,BOM_000412,ITEM_000410,HVAC,0.163,1.0,1.0,0.163,,,,0.1,0.0,0.04,0.0,False,0.163,True,0.0,False,0.1,False,0.0,False,0.04,False,0.0,0.0,0.1,0.14,False,local
431,432,PBS_GROUP_0016,TC_000365,BOM_000413,ITEM_000411,HVAC,0.037,1.0,1.0,0.037,,,,0.1,0.0,0.04,0.0,False,0.037,True,0.0,False,0.1,False,0.0,False,0.04,False,0.0,0.0,0.1,0.14,False,local
432,433,PBS_GROUP_0016,TC_000366,BOM_000414,ITEM_000412,HVAC,0.0,0.9382,1.0,0.0,,,,0.1,0.0,0.04,0.0,False,0.0,True,0.0,False,0.1,False,0.0,False,0.04,False,0.0,0.0,0.1,0.14,False,local
433,434,PBS_GROUP_0016,TC_000367,BOM_000415,ITEM_000413,HVAC,0.033,1.0,1.0,0.033,,,,0.1,0.0,0.04,0.0,False,0.033,True,0.0,False,0.1,False,0.0,False,0.04,False,0.0,0.0,0.1,0.14,False,local
434,435,PBS_GROUP_0016,TC_000368,BOM_000416,ITEM_000414,HVAC,0.001,0.7514,1.0,0.0007513999999999999,,,,0.1,0.0,0.04,0.0,False,0.0007513999999999999,True,0.0,False,0.1,False,0.0,False,0.04,False,0.0,0.0,0.1,0.14,False,local
435,436,PBS_GROUP_0016,TC_000369,BOM_000417,ITEM_000415,HVAC,0.031,1.0,1.0,0.031,,,,0.1,0.0,0.04,0.0,False,0.031,True,0.0,False,0.1,False,0.0,False,0.04,False,0.0,0.0,0.1,0.14,False,local
436,437,PBS_GROUP_0016,TC_000370,BOM_000418,ITEM_000416,HVAC,0.136,0.9691,1.0,0.13179760000000001,,,,0.1,0.0,0.04,0.0,False,0.13179760000000001,True,0.0,False,0.1,False,0.0,False,0.04,False,0.0,0.0,0.1,0.14,False,local
437,438,PBS_GROUP_0017,TC_000371,BOM_000419,ITEM_000417,HVAC,3.068,1.0,1.0,3.068,,,,0.1,0.0,0.04,0.0,False,3.068,True,0.0,False,0.1,False,0.0,False,0.04,False,0.0,0.0,0.1,0.14,False,local
438,439,PBS_GROUP_0017,TC_000372,BOM_000420,ITEM_000418,FW,2127.417,1.0,1.0,2127.417,0.3254,1.0,692.2614918,0.0,0.0,0.03,0.05,False,2127.417,False,692.2614918,False,0.0,False,0.0,False,0.03,False,0.05,0.0,0.0,0.08,False,local
439,440,PBS_GROUP_0017,TC_000373,BOM_000421,ITEM_000419,HVAC,0.131,1.0,1.0,0.131,,,,0.1,0.0,0.04,0.0,False,0.131,True,0.0,False,0.1,False,0.0,False,0.04,False,0.0,0.0,0.1,0.14,False,local
440,441,PBS_GROUP_0017,TC_000374,BOM_000422,ITEM_000420,HVAC,0.065,1.0,1.0,0.065,,,,0.1,0.0,0.04,0.0,False,0.065,True,0.0,False,0.1,False,0.0,False,0.04,False,0.0,0.0,0.1,0.14,False,local
441,442,PBS_GROUP_0017,TC_000375,BOM_000423,ITEM_000421,HVAC,0.0,0.954,1.0,0.0,,,,0.1,0.0,0.04,0.0,False,0.0,True,0.0,False,0.1,False,0.0,False,0.04,False,0.0,0.0,0.1,0.14,False,local
442,443,PBS_GROUP_0017,TC_000376,BOM_000424,ITEM_000422,HVAC,0.0,1.0,1.0,0.0,,,,0.1,0.0,0.04,0.0,False,0.0,True,0.0,False,0.1,False,0.0,False,0.04,False,0.0,0.0,0.1,0.14,False,local
443,444,PBS_GROUP_0016,TC_000377,BOM_000425,ITEM_000423,HVAC,0.0,1.0,1.0,0.0,,,,0.1,0.0,0.04,0.0,False,0.0,True,0.0,False,0.1,False,0.0,False,0.04,False,0.0,0.0,0.1,0.14,False,local
444,445,PBS_GROUP_0016,TC_000378,BOM_000426,ITEM_000424,HVAC,0.0,1.0,1.0,0.0,,,,0.1,0.0,0.04,0.0,False,0.0,True,0.0,False,0.1,False,0.0,False,0.04,False,0.0,0.0,0.1,0.14,False,local
445,446,PBS_GROUP_0016,TC_000379,BOM_000427,ITEM_000425,HVAC,0.051,1.0,1.0,0.051,,,,0.1,0.0,0.04,0.0,False,0.051,True,0.0,False,0.1,False,0.0,False,0.04,False,0.0,0.0,0.1,0.14,False,local
446,447,PBS_GROUP_0016,TC_000380,BOM_000428,ITEM_000426,HVAC,0.0,1.0,1.0,0.0,,,,0.1,0.0,0.04,0.0,False,0.0,True,0.0,False,0.1,False,0.0,False,0.04,False,0.0,0.0,0.1,0.14,False,local
447,448,PBS_GROUP_0016,TC_000381,BOM_000429,ITEM_000427,HVAC,0.0,1.0,1.0,0.0,,,,0.1,0.0,0.04,0.0,False,0.0,True,0.0,False,0.1,False,0.0,False,0.04,False,0.0,0.0,0.1,0.14,False,local
448,449,PBS_GROUP_0016,TC_000382,BOM_000430,ITEM_000428,HVAC,0.115,1.0,1.0,0.115,,,,0.1,0.0,0.04,0.0,False,0.115,True,0.0,False,0.1,False,0.0,False,0.04,False,0.0,0.0,0.1,0.14,False,local
449,450,PBS_GROUP_0016,TC_000383,BOM_000431,ITEM_000429,HVAC,0.0,1.0,1.0,0.0,,,,0.1,0.0,0.04,0.0,False,0.0,True,0.0,False,0.1,False,0.0,False,0.04,False,0.0,0.0,0.1,0.14,False,local
450,451,PBS_GROUP_0016,TC_000384,BOM_000432,ITEM_000430,HVAC,0.069,0.0493,1.0,0.0034017,,,,0.1,0.0,0.04,0.0,False,0.0034017,True,0.0,False,0.1,False,0.0,False,0.04,False,0.0,0.0,0.1,0.14,False,local
451,452,PBS_GROUP_0016,TC_000385,BOM_000433,ITEM_000431,HVAC,0.0,1.0,1.0,0.0,,,,0.1,0.0,0.04,0.0,False,0.0,True,0.0,False,0.1,False,0.0,False,0.04,False,0.0,0.0,0.1,0.14,False,local
452,453,PBS_GROUP_0016,TC_000386,BOM_000434,ITEM_000432,HVAC,0.0,1.0,1.0,0.0,,,,0.1,0.0,0.04,0.0,False,0.0,True,0.0,False,0.1,False,0.0,False,0.04,False,0.0,0.0,0.1,0.14,False,local
453,454,PBS_GROUP_0016,TC_000387,BOM_000435,ITEM_000433,HVAC,0.054,1.0,1.0,0.054,,,,0.1,0.0,0.04,0.0,False,0.054,True,0.0,False,0.1,False,0.0,False,0.04,False,0.0,0.0,0.1,0.14,False,local
454,455,PBS_GROUP_0016,TC_000388,BOM_000436,ITEM_000434,HVAC,0.069,1.0,1.0,0.069,,,,0.1,0.0,0.04,0.0,False,0.069,True,0.0,False,0.1,False,0.0,False,0.04,False,0.0,0.0,0.1,0.14,False,local
455,456,PBS_GROUP_0016,TC_000389,BOM_000437,ITEM_000435,HVAC,0.047,1.0,1.0,0.047,,,,0.1,0.0,0.04,0.0,False,0.047,True,0.0,False,0.1,False,0.0,False,0.04,False,0.0,0.0,0.1,0.14,False,local
456,457,PBS_GROUP_0016,TC_000390,BOM_000438,ITEM_000436,HVAC,0.066,1.0,1.0,0.066,,,,0.1,0.0,0.04,0.0,False,0.066,True,0.0,False,0.1,False,0.0,False,0.04,False,0.0,0.0,0.1,0.14,False,local
457,458,PBS_GROUP_0016,TC_000391,BOM_000439,ITEM_000437,HVAC,0.155,1.0,1.0,0.155,,,,0.1,0.0,0.04,0.0,False,0.155,True,0.0,False,0.1,False,0.0,False,0.04,False,0.0,0.0,0.1,0.14,False,local
458,459,PBS_GROUP_0016,TC_000392,BOM_000440,ITEM_000438,HVAC,0.0,1.0,1.0,0.0,,,,0.1,0.0,0.04,0.0,False,0.0,True,0.0,False,0.1,False,0.0,False,0.04,False,0.0,0.0,0.1,0.14,False,local
459,460,PBS_GROUP_0016,TC_000393,BOM_000441,ITEM_000439,HVAC,0.0,1.0,1.0,0.0,,,,0.1,0.0,0.04,0.0,False,0.0,True,0.0,False,0.1,False,0.0,False,0.04,False,0.0,0.0,0.1,0.14,False,local
460,461,PBS_GROUP_0016,TC_000394,BOM_000442,ITEM_000440,HVAC,0.079,1.0,1.0,0.079,,,,0.1,0.0,0.04,0.0,False,0.079,True,0.0,False,0.1,False,0.0,False,0.04,False,0.0,0.0,0.1,0.14,False,local
461,462,PBS_GROUP_0016,TC_000395,BOM_000443,ITEM_000441,HVAC,0.095,1.0,1.0,0.095,,,,0.1,0.0,0.04,0.0,False,0.095,True,0.0,False,0.1,False,0.0,False,0.04,False,0.0,0.0,0.1,0.14,False,local
462,463,PBS_GROUP_0016,TC_000396,BOM_000444,ITEM_000442,HVAC,0.166,1.0,1.0,0.166,,,,0.1,0.0,0.04,0.0,False,0.166,True,0.0,False,0.1,False,0.0,False,0.04,False,0.0,0.0,0.1,0.14,False,local
463,464,PBS_GROUP_0016,TC_000397,BOM_000445,ITEM_000443,HVAC,0.004,1.0,1.0,0.004,,,,0.1,0.0,0.04,0.0,False,0.004,True,0.0,False,0.1,False,0.0,False,0.04,False,0.0,0.0,0.1,0.14,False,local
464,465,PBS_GROUP_0016,TC_000398,BOM_000446,ITEM_000444,HVAC,0.0,1.0,1.0,0.0,,,,0.1,0.0,0.04,0.0,False,0.0,True,0.0,False,0.1,False,0.0,False,0.04,False,0.0,0.0,0.1,0.14,False,local
465,466,PBS_GROUP_0016,TC_000399,BOM_000447,ITEM_000445,HVAC,0.087,1.0,0.994,0.086478,,,,0.1,0.0,0.04,0.0,False,0.086478,True,0.0,False,0.1,False,0.0,False,0.04,False,0.0,0.0,0.1,0.14,False,local
466,467,PBS_GROUP_0016,TC_000400,BOM_000448,ITEM_000446,HVAC,0.0,1.0,1.0,0.0,,,,0.1,0.0,0.04,0.0,False,0.0,True,0.0,False,0.1,False,0.0,False,0.04,False,0.0,0.0,0.1,0.14,False,local
467,468,PBS_GROUP_0016,TC_000401,BOM_000449,ITEM_000447,HVAC,0.125,1.0,1.0,0.125,,,,0.1,0.0,0.04,0.0,False,0.125,True,0.0,False,0.1,False,0.0,False,0.04,False,0.0,0.0,0.1,0.14,False,local
468,469,PBS_GROUP_0016,TC_000402,BOM_000450,ITEM_000448,HVAC,0.075,1.0,1.0,0.075,,,,0.1,0.0,0.04,0.0,False,0.075,True,0.0,False,0.1,False,0.0,False,0.04,False,0.0,0.0,0.1,0.14,False,local
469,470,PBS_GROUP_0016,TC_000403,BOM_000451,ITEM_000449,HVAC,0.0,1.0,1.0,0.0,,,,0.1,0.0,0.04,0.0,False,0.0,True,0.0,False,0.1,False,0.0,False,0.04,False,0.0,0.0,0.1,0.14,False,local
470,471,PBS_GROUP_0016,TC_000404,BOM_000452,ITEM_000450,HVAC,0.093,1.0,0.9356,0.0870108,,,,0.1,0.0,0.04,0.0,False,0.0870108,True,0.0,False,0.1,False,0.0,False,0.04,False,0.0,0.0,0.1,0.14,False,local
471,472,PBS_GROUP_0016,TC_000405,BOM_000453,ITEM_000451,HVAC,0.057,1.0,1.0,0.057,,,,0.1,0.0,0.04,0.0,False,0.057,True,0.0,False,0.1,False,0.0,False,0.04,False,0.0,0.0,0.1,0.14,False,local
472,473,PBS_GROUP_0016,TC_000406,BOM_000454,ITEM_000452,HVAC,0.0,1.0,1.0,0.0,,,,0.1,0.0,0.04,0.0,False,0.0,True,0.0,False,0.1,False,0.0,False,0.04,False,0.0,0.0,0.1,0.14,False,local
473,474,PBS_GROUP_0016,TC_000407,BOM_000455,ITEM_000453,HVAC,0.115,1.0,1.0,0.115,,,,0.1,0.0,0.04,0.0,False,0.115,True,0.0,False,0.1,False,0.0,False,0.04,False,0.0,0.0,0.1,0.14,False,local
474,475,PBS_GROUP_0016,TC_000408,BOM_000456,ITEM_000454,HVAC,0.016,1.0,1.0,0.016,,,,0.1,0.0,0.04,0.0,False,0.016,True,0.0,False,0.1,False,0.0,False,0.04,False,0.0,0.0,0.1,0.14,False,local
475,476,PBS_GROUP_0016,TC_000409,BOM_000457,ITEM_000455,HVAC,0.083,1.0,1.0,0.083,,,,0.1,0.0,0.04,0.0,False,0.083,True,0.0,False,0.1,False,0.0,False,0.04,False,0.0,0.0,0.1,0.14,False,local
476,477,PBS_GROUP_0016,TC_000410,BOM_000458,ITEM_000456,HVAC,0.0,1.0,1.0,0.0,,,,0.1,0.0,0.04,0.0,False,0.0,True,0.0,False,0.1,False,0.0,False,0.04,False,0.0,0.0,0.1,0.14,False,local
477,478,PBS_GROUP_0016,TC_000411,BOM_000459,ITEM_000457,HVAC,0.062,1.0,1.0,0.062,,,,0.1,0.0,0.04,0.0,False,0.062,True,0.0,False,0.1,False,0.0,False,0.04,False,0.0,0.0,0.1,0.14,False,local
478,479,PBS_GROUP_0016,TC_000412,BOM_000460,ITEM_000458,HVAC,0.005,1.0,1.0,0.005,,,,0.1,0.0,0.04,0.0,False,0.005,True,0.0,False,0.1,False,0.0,False,0.04,False,0.0,0.0,0.1,0.14,False,local
479,480,PBS_GROUP_0016,TC_000413,BOM_000461,ITEM_000459,HVAC,0.0,1.0,1.0,0.0,,,,0.1,0.0,0.04,0.0,False,0.0,True,0.0,False,0.1,False,0.0,False,0.04,False,0.0,0.0,0.1,0.14,False,local
480,481,PBS_GROUP_0016,TC_000414,BOM_000462,ITEM_000460,HVAC,0.159,1.0,1.0,0.159,,,,0.1,0.0,0.04,0.0,False,0.159,True,0.0,False,0.1,False,0.0,False,0.04,False,0.0,0.0,0.1,0.14,False,local
481,482,PBS_GROUP_0016,TC_000415,BOM_000463,ITEM_000461,HVAC,0.0,1.0,1.0,0.0,,,,0.1,0.0,0.04,0.0,False,0.0,True,0.0,False,0.1,False,0.0,False,0.04,False,0.0,0.0,0.1,0.14,False,local
482,483,PBS_GROUP_0016,TC_000416,BOM_000464,ITEM_000462,HVAC,0.0,1.0,0.9837,0.0,,,,0.1,0.0,0.04,0.0,False,0.0,True,0.0,False,0.1,False,0.0,False,0.04,False,0.0,0.0,0.1,0.14,False,local
483,484,PBS_GROUP_0016,TC_000417,BOM_000465,ITEM_000463,HVAC,0.145,1.0,1.0,0.145,,,,0.1,0.0,0.04,0.0,False,0.145,True,0.0,False,0.1,False,0.0,False,0.04,False,0.0,0.0,0.1,0.14,False,local
484,485,PBS_GROUP_0016,TC_000418,BOM_000466,ITEM_000464,HVAC,0.12,1.0,1.0,0.12,,,,0.1,0.0,0.04,0.0,False,0.12,True,0.0,False,0.1,False,0.0,False,0.04,False,0.0,0.0,0.1,0.14,False,local
485,486,PBS_GROUP_0016,TC_000419,BOM_000467,ITEM_000465,HVAC,0.032,1.0,1.0,0.032,,,,0.1,0.0,0.04,0.0,False,0.032,True,0.0,False,0.1,False,0.0,False,0.04,False,0.0,0.0,0.1,0.14,False,local
486,487,PBS_GROUP_0016,TC_000420,BOM_000468,ITEM_000466,HVAC,0.03,1.0,1.0,0.03,,,,0.1,0.0,0.04,0.0,False,0.03,True,0.0,False,0.1,False,0.0,False,0.04,False,0.0,0.0,0.1,0.14,False,local
487,488,PBS_GROUP_0016,TC_000421,BOM_000469,ITEM_000467,HVAC,0.009,0.9755,1.0,0.008779499999999999,,,,0.1,0.0,0.04,0.0,False,0.008779499999999999,True,0.0,False,0.1,False,0.0,False,0.04,False,0.0,0.0,0.1,0.14,False,local
488,489,PBS_GROUP_0016,TC_000422,BOM_000470,ITEM_000468,HVAC,0.0,1.0,1.0,0.0,,,,0.1,0.0,0.04,0.0,False,0.0,True,0.0,False,0.1,False,0.0,False,0.04,False,0.0,0.0,0.1,0.14,False,local
489,490,PBS_GROUP_0016,TC_000423,BOM_000471,ITEM_000469,HVAC,0.0,1.0,1.0,0.0,,,,0.1,0.0,0.04,0.0,False,0.0,True,0.0,False,0.1,False,0.0,False,0.04,False,0.0,0.0,0.1,0.14,False,local
490,491,PBS_GROUP_0016,TC_000424,BOM_000472,ITEM_000470,HVAC,0.042,1.0,1.0,0.042,,,,0.1,0.0,0.04,0.0,False,0.042,True,0.0,False,0.1,False,0.0,False,0.04,False,0.0,0.0,0.1,0.14,False,local
491,492,PBS_GROUP_0016,TC_000425,BOM_000473,ITEM_000471,HVAC,0.124,1.0,1.0,0.124,,,,0.1,0.0,0.04,0.0,False,0.124,True,0.0,False,0.1,False,0.0,False,0.04,False,0.0,0.0,0.1,0.14,False,local
492,493,PBS_GROUP_0016,TC_000426,BOM_000474,ITEM_000472,HVAC,0.11,1.0,1.0,0.11,,,,0.1,0.0,0.04,0.0,False,0.11,True,0.0,False,0.1,False,0.0,False,0.04,False,0.0,0.0,0.1,0.14,False,local
493,494,PBS_GROUP_0016,TC_000427,BOM_000475,ITEM_000473,HVAC,0.051,1.0,1.0,0.051,,,,0.1,0.0,0.04,0.0,False,0.051,True,0.0,False,0.1,False,0.0,False,0.04,False,0.0,0.0,0.1,0.14,False,local
494,495,PBS_GROUP_0016,TC_000428,BOM_000476,ITEM_000474,HVAC,0.0,1.0,1.0,0.0,,,,0.1,0.0,0.04,0.0,False,0.0,True,0.0,False,0.1,False,0.0,False,0.04,False,0.0,0.0,0.1,0.14,False,local
495,496,PBS_GROUP_0016,TC_000429,BOM_000477,ITEM_000475,HVAC,0.012,1.0,1.0,0.012,,,,0.1,0.0,0.04,0.0,False,0.012,True,0.0,False,0.1,False,0.0,False,0.04,False,0.0,0.0,0.1,0.14,False,local
496,497,PBS_GROUP_0016,TC_000430,BOM_000478,ITEM_000476,HVAC,0.0,1.0,1.0,0.0,,,,0.1,0.0,0.04,0.0,False,0.0,True,0.0,False,0.1,False,0.0,False,0.04,False,0.0,0.0,0.1,0.14,False,local
497,498,PBS_GROUP_0016,TC_000431,BOM_000479,ITEM_000477,HVAC,0.02,1.0,1.0,0.02,,,,0.1,0.0,0.04,0.0,False,0.02,True,0.0,False,0.1,False,0.0,False,0.04,False,0.0,0.0,0.1,0.14,False,local
498,499,PBS_GROUP_0016,TC_000432,BOM_000480,ITEM_000478,HVAC,0.0,1.0,1.0,0.0,,,,0.1,0.0,0.04,0.0,False,0.0,True,0.0,False,0.1,False,0.0,False,0.04,False,0.0,0.0,0.1,0.14,False,local
499,500,PBS_GROUP_0016,TC_000433,BOM_000481,ITEM_000479,HVAC,0.112,1.0,1.0,0.112,,,,0.1,0.0,0.04,0.0,False,0.112,True,0.0,False,0.1,False,0.0,False,0.04,False,0.0,0.0,0.1,0.14,False,local
500,501,PBS_GROUP_0016,TC_000434,BOM_000482,ITEM_000480,HVAC,0.0,1.0,1.0,0.0,,,,0.1,0.0,0.04,0.0,False,0.0,True,0.0,False,0.1,False,0.0,False,0.04,False,0.0,0.0,0.1,0.14,False,local
501,502,PBS_GROUP_0016,TC_000435,BOM_000483,ITEM_000481,HVAC,0.0,1.0,1.0,0.0,,,,0.1,0.0,0.04,0.0,False,0.0,True,0.0,False,0.1,False,0.0,False,0.04,False,0.0,0.0,0.1,0.14,False,local
502,503,PBS_GROUP_0016,TC_000436,BOM_000484,ITEM_000482,HVAC,0.0,1.0,1.0,0.0,,,,0.1,0.0,0.04,0.0,False,0.0,True,0.0,False,0.1,False,0.0,False,0.04,False,0.0,0.0,0.1,0.14,False,local
503,504,PBS_GROUP_0016,TC_000437,BOM_000485,ITEM_000483,HVAC,0.107,1.0,1.0,0.107,,,,0.1,0.0,0.04,0.0,False,0.107,True,0.0,False,0.1,False,0.0,False,0.04,False,0.0,0.0,0.1,0.14,False,local
504,505,PBS_GROUP_0016,TC_000438,BOM_000486,ITEM_000484,HVAC,0.058,0.9931,1.0,0.0575998,,,,0.1,0.0,0.04,0.0,False,0.0575998,True,0.0,False,0.1,False,0.0,False,0.04,False,0.0,0.0,0.1,0.14,False,local
505,506,PBS_GROUP_0016,TC_000439,BOM_000487,ITEM_000485,HVAC,0.0,1.0,1.0,0.0,,,,0.1,0.0,0.04,0.0,False,0.0,True,0.0,False,0.1,False,0.0,False,0.04,False,0.0,0.0,0.1,0.14,False,local
506,507,PBS_GROUP_0016,TC_000440,BOM_000488,ITEM_000486,HVAC,0.0,0.0,1.0,0.0,,,,0.1,0.0,0.04,0.0,False,0.0,True,0.0,False,0.1,False,0.0,False,0.04,False,0.0,0.0,0.1,0.14,False,local
507,508,PBS_GROUP_0016,TC_000441,BOM_000489,ITEM_000487,HVAC,0.047,1.0,1.0,0.047,,,,0.1,0.0,0.04,0.0,False,0.047,True,0.0,False,0.1,False,0.0,False,0.04,False,0.0,0.0,0.1,0.14,False,local
508,509,PBS_GROUP_0016,TC_000442,BOM_000490,ITEM_000488,HVAC,0.0,1.0,1.0,0.0,,,,0.1,0.0,0.04,0.0,False,0.0,True,0.0,False,0.1,False,0.0,False,0.04,False,0.0,0.0,0.1,0.14,False,local
509,510,PBS_GROUP_0016,TC_000443,BOM_000491,ITEM_000489,HVAC,0.138,0.9641,1.0,0.1330458,,,,0.1,0.0,0.04,0.0,False,0.1330458,True,0.0,False,0.1,False,0.0,False,0.04,False,0.0,0.0,0.1,0.14,False,local
510,511,PBS_GROUP_0016,TC_000444,BOM_000492,ITEM_000490,HVAC,0.043,1.0,1.0,0.043,,,,0.1,0.0,0.04,0.0,False,0.043,True,0.0,False,0.1,False,0.0,False,0.04,False,0.0,0.0,0.1,0.14,False,local
511,512,PBS_GROUP_0016,TC_000445,BOM_000493,ITEM_000491,HVAC,0.0,1.0,1.0,0.0,,,,0.1,0.0,0.04,0.0,False,0.0,True,0.0,False,0.1,False,0.0,False,0.04,False,0.0,0.0,0.1,0.14,False,local
512,513,PBS_GROUP_0016,TC_000446,BOM_000494,ITEM_000492,HVAC,0.0,1.0,1.0,0.0,,,,0.1,0.0,0.04,0.0,False,0.0,True,0.0,False,0.1,False,0.0,False,0.04,False,0.0,0.0,0.1,0.14,False,local
513,514,PBS_GROUP_0016,TC_000447,BOM_000495,ITEM_000493,HVAC,0.142,1.0,1.0,0.142,,,,0.1,0.0,0.04,0.0,False,0.142,True,0.0,False,0.1,False,0.0,False,0.04,False,0.0,0.0,0.1,0.14,False,local
514,515,PBS_GROUP_0016,TC_000448,BOM_000496,ITEM_000494,HVAC,0.0,0.7668,1.0,0.0,,,,0.1,0.0,0.04,0.0,False,0.0,True,0.0,False,0.1,False,0.0,False,0.04,False,0.0,0.0,0.1,0.14,False,local
515,516,PBS_GROUP_0016,TC_000449,BOM_000497,ITEM_000495,HVAC,0.0,1.0,1.0,0.0,,,,0.1,0.0,0.04,0.0,False,0.0,True,0.0,False,0.1,False,0.0,False,0.04,False,0.0,0.0,0.1,0.14,False,local
516,517,PBS_GROUP_0016,TC_000450,BOM_000498,ITEM_000496,HVAC,0.067,1.0,1.0,0.067,,,,0.1,0.0,0.04,0.0,False,0.067,True,0.0,False,0.1,False,0.0,False,0.04,False,0.0,0.0,0.1,0.14,False,local
517,518,PBS_GROUP_0016,TC_000451,BOM_000499,ITEM_000497,HVAC,0.192,1.0,1.0,0.192,,,,0.1,0.0,0.04,0.0,False,0.192,True,0.0,False,0.1,False,0.0,False,0.04,False,0.0,0.0,0.1,0.14,False,local
518,519,PBS_GROUP_0016,TC_000452,BOM_000500,ITEM_000498,HVAC,0.143,1.0,1.0,0.143,,,,0.1,0.0,0.04,0.0,False,0.143,True,0.0,False,0.1,False,0.0,False,0.04,False,0.0,0.0,0.1,0.14,False,local
519,520,PBS_GROUP_0016,TC_000453,BOM_000501,ITEM_000499,HVAC,0.065,0.9581,1.0,0.0622765,,,,0.1,0.0,0.04,0.0,False,0.0622765,True,0.0,False,0.1,False,0.0,False,0.04,False,0.0,0.0,0.1,0.14,False,local
520,521,PBS_GROUP_0016,TC_000454,BOM_000502,ITEM_000500,HVAC,0.0,1.0,1.0,0.0,,,,0.1,0.0,0.04,0.0,False,0.0,True,0.0,False,0.1,False,0.0,False,0.04,False,0.0,0.0,0.1,0.14,False,local
521,522,PBS_GROUP_0016,TC_000455,BOM_000503,ITEM_000501,HVAC,0.0,1.0,1.0,0.0,,,,0.1,0.0,0.04,0.0,False,0.0,True,0.0,False,0.1,False,0.0,False,0.04,False,0.0,0.0,0.1,0.14,False,local
522,523,PBS_GROUP_0016,TC_000456,BOM_000504,ITEM_000502,HVAC,0.072,1.0,1.0,0.072,,,,0.1,0.0,0.04,0.0,False,0.072,True,0.0,False,0.1,False,0.0,False,0.04,False,0.0,0.0,0.1,0.14,False,local
523,524,PBS_GROUP_0016,TC_000457,BOM_000505,ITEM_000503,HVAC,0.032,1.0,1.0,0.032,,,,0.1,0.0,0.04,0.0,False,0.032,True,0.0,False,0.1,False,0.0,False,0.04,False,0.0,0.0,0.1,0.14,False,local
524,525,PBS_GROUP_0016,TC_000458,BOM_000506,ITEM_000504,HVAC,0.002,0.9594,1.0,0.0019188,,,,0.1,0.0,0.04,0.0,False,0.0019188,True,0.0,False,0.1,False,0.0,False,0.04,False,0.0,0.0,0.1,0.14,False,local
525,526,PBS_GROUP_0016,TC_000459,BOM_000507,ITEM_000505,HVAC,0.093,1.0,0.9921,0.0922653,,,,0.1,0.0,0.04,0.0,False,0.0922653,True,0.0,False,0.1,False,0.0,False,0.04,False,0.0,0.0,0.1,0.14,False,local
526,527,PBS_GROUP_0016,TC_000460,BOM_000508,ITEM_000506,HVAC,0.0,1.0,1.0,0.0,,,,0.1,0.0,0.04,0.0,False,0.0,True,0.0,False,0.1,False,0.0,False,0.04,False,0.0,0.0,0.1,0.14,False,local
527,528,PBS_GROUP_0016,TC_000461,BOM_000509,ITEM_000507,HVAC,0.014,0.9165,1.0,0.012831,,,,0.1,0.0,0.04,0.0,False,0.012831,True,0.0,False,0.1,False,0.0,False,0.04,False,0.0,0.0,0.1,0.14,False,local
528,529,PBS_GROUP_0016,TC_000462,BOM_000510,ITEM_000508,HVAC,0.0,1.0,1.0,0.0,,,,0.1,0.0,0.04,0.0,False,0.0,True,0.0,False,0.1,False,0.0,False,0.04,False,0.0,0.0,0.1,0.14,False,local
529,530,PBS_GROUP_0016,TC_000463,BOM_000511,ITEM_000509,HVAC,0.007,1.0,1.0,0.007,,,,0.1,0.0,0.04,0.0,False,0.007,True,0.0,False,0.1,False,0.0,False,0.04,False,0.0,0.0,0.1,0.14,False,local
530,531,PBS_GROUP_0016,TC_000464,BOM_000512,ITEM_000510,HVAC,0.0,1.0,1.0,0.0,,,,0.1,0.0,0.04,0.0,False,0.0,True,0.0,False,0.1,False,0.0,False,0.04,False,0.0,0.0,0.1,0.14,False,local
531,532,PBS_GROUP_0016,TC_000465,BOM_000513,ITEM_000511,HVAC,0.0,1.0,1.0,0.0,,,,0.1,0.0,0.04,0.0,False,0.0,True,0.0,False,0.1,False,0.0,False,0.04,False,0.0,0.0,0.1,0.14,False,local
532,533,PBS_GROUP_0016,TC_000466,BOM_000514,ITEM_000512,HVAC,0.0,1.0,1.0,0.0,,,,0.1,0.0,0.04,0.0,False,0.0,True,0.0,False,0.1,False,0.0,False,0.04,False,0.0,0.0,0.1,0.14,False,local
533,534,PBS_GROUP_0016,TC_000467,BOM_000515,ITEM_000513,HVAC,0.062,0.9875,0.9949,0.0609127525,,,,0.1,0.0,0.04,0.0,False,0.0609127525,True,0.0,False,0.1,False,0.0,False,0.04,False,0.0,0.0,0.1,0.14,False,local
534,535,PBS_GROUP_0016,TC_000468,BOM_000516,ITEM_000514,HVAC,0.087,1.0,1.0,0.087,,,,0.1,0.0,0.04,0.0,False,0.087,True,0.0,False,0.1,False,0.0,False,0.04,False,0.0,0.0,0.1,0.14,False,local
535,536,PBS_GROUP_0016,TC_000469,BOM_000517,ITEM_000515,HVAC,0.029,1.0,1.0,0.029,,,,0.1,0.0,0.04,0.0,False,0.029,True,0.0,False,0.1,False,0.0,False,0.04,False,0.0,0.0,0.1,0.14,False,local
536,537,PBS_GROUP_0016,TC_000470,BOM_000518,ITEM_000516,HVAC,0.113,1.0,1.0,0.113,,,,0.1,0.0,0.04,0.0,False,0.113,True,0.0,False,0.1,False,0.0,False,0.04,False,0.0,0.0,0.1,0.14,False,local
537,538,PBS_GROUP_0016,TC_000471,BOM_000519,ITEM_000517,HVAC,0.0,1.0,1.0,0.0,,,,0.1,0.0,0.04,0.0,False,0.0,True,0.0,False,0.1,False,0.0,False,0.04,False,0.0,0.0,0.1,0.14,False,local
538,539,PBS_GROUP_0016,TC_000472,BOM_000520,ITEM_000518,HVAC,0.0,1.0,1.0,0.0,,,,0.1,0.0,0.04,0.0,False,0.0,True,0.0,False,0.1,False,0.0,False,0.04,False,0.0,0.0,0.1,0.14,False,local
539,540,PBS_GROUP_0016,TC_000473,BOM_000521,ITEM_000519,HVAC,0.106,1.0,1.0,0.106,,,,0.1,0.0,0.04,0.0,False,0.106,True,0.0,False,0.1,False,0.0,False,0.04,False,0.0,0.0,0.1,0.14,False,local
540,541,PBS_GROUP_0016,TC_000474,BOM_000522,ITEM_000520,HVAC,0.0,1.0,1.0,0.0,,,,0.1,0.0,0.04,0.0,False,0.0,True,0.0,False,0.1,False,0.0,False,0.04,False,0.0,0.0,0.1,0.14,False,local
541,542,PBS_GROUP_0016,TC_000475,BOM_000523,ITEM_000521,HVAC,0.171,0.9078,1.0,0.15523380000000003,,,,0.1,0.0,0.04,0.0,False,0.15523380000000003,True,0.0,False,0.1,False,0.0,False,0.04,False,0.0,0.0,0.1,0.14,False,local
542,543,PBS_GROUP_0016,TC_000476,BOM_000524,ITEM_000522,HVAC,0.0,1.0,1.0,0.0,,,,0.1,0.0,0.04,0.0,False,0.0,True,0.0,False,0.1,False,0.0,False,0.04,False,0.0,0.0,0.1,0.14,False,local
543,544,PBS_GROUP_0016,TC_000477,BOM_000525,ITEM_000523,HVAC,0.134,1.0,1.0,0.134,,,,0.1,0.0,0.04,0.0,False,0.134,True,0.0,False,0.1,False,0.0,False,0.04,False,0.0,0.0,0.1,0.14,False,local
544,545,PBS_GROUP_0016,TC_000478,BOM_000526,ITEM_000524,HVAC,0.0,1.0,1.0,0.0,,,,0.1,0.0,0.04,0.0,False,0.0,True,0.0,False,0.1,False,0.0,False,0.04,False,0.0,0.0,0.1,0.14,False,local
545,546,PBS_GROUP_0016,TC_000479,BOM_000527,ITEM_000525,HVAC,0.049,1.0,1.0,0.049,,,,0.1,0.0,0.04,0.0,False,0.049,True,0.0,False,0.1,False,0.0,False,0.04,False,0.0,0.0,0.1,0.14,False,local
546,547,PBS_GROUP_0016,TC_000480,BOM_000528,ITEM_000526,HVAC,0.026,1.0,1.0,0.026,,,,0.1,0.0,0.04,0.0,False,0.026,True,0.0,False,0.1,False,0.0,False,0.04,False,0.0,0.0,0.1,0.14,False,local
547,548,PBS_GROUP_0016,TC_000481,BOM_000529,ITEM_000527,HVAC,0.214,1.0,1.0,0.214,,,,0.1,0.0,0.04,0.0,False,0.214,True,0.0,False,0.1,False,0.0,False,0.04,False,0.0,0.0,0.1,0.14,False,local
548,549,PBS_GROUP_0016,TC_000482,BOM_000530,ITEM_000528,HVAC,0.0,1.0,1.0,0.0,,,,0.1,0.0,0.04,0.0,False,0.0,True,0.0,False,0.1,False,0.0,False,0.04,False,0.0,0.0,0.1,0.14,False,local
549,550,PBS_GROUP_0016,TC_000483,BOM_000531,ITEM_000529,HVAC,0.031,1.0,0.9653,0.0299243,,,,0.1,0.0,0.04,0.0,False,0.0299243,True,0.0,False,0.1,False,0.0,False,0.04,False,0.0,0.0,0.1,0.14,False,local
550,551,PBS_GROUP_0016,TC_000484,BOM_000532,ITEM_000530,HVAC,0.065,1.0,1.0,0.065,,,,0.1,0.0,0.04,0.0,False,0.065,True,0.0,False,0.1,False,0.0,False,0.04,False,0.0,0.0,0.1,0.14,False,local
551,552,PBS_GROUP_0016,TC_000485,BOM_000533,ITEM_000531,HVAC,0.018,1.0,0.981,0.017658,,,,0.1,0.0,0.04,0.0,False,0.017658,True,0.0,False,0.1,False,0.0,False,0.04,False,0.0,0.0,0.1,0.14,False,local
552,553,PBS_GROUP_0016,TC_000486,BOM_000534,ITEM_000532,HVAC,0.036,1.0,1.0,0.036,,,,0.1,0.0,0.04,0.0,False,0.036,True,0.0,False,0.1,False,0.0,False,0.04,False,0.0,0.0,0.1,0.14,False,local
553,554,PBS_GROUP_0016,TC_000487,BOM_000535,ITEM_000533,HVAC,0.051,1.0,1.0,0.051,,,,0.1,0.0,0.04,0.0,False,0.051,True,0.0,False,0.1,False,0.0,False,0.04,False,0.0,0.0,0.1,0.14,False,local
554,555,PBS_GROUP_0016,TC_000488,BOM_000536,ITEM_000534,HVAC,0.0,1.0,1.0,0.0,,,,0.1,0.0,0.04,0.0,False,0.0,True,0.0,False,0.1,False,0.0,False,0.04,False,0.0,0.0,0.1,0.14,False,local
555,556,PBS_GROUP_0016,TC_000489,BOM_000537,ITEM_000535,HVAC,0.053,1.0,1.0,0.053,,,,0.1,0.0,0.04,0.0,False,0.053,True,0.0,False,0.1,False,0.0,False,0.04,False,0.0,0.0,0.1,0.14,False,local
556,557,PBS_GROUP_0016,TC_000490,BOM_000538,ITEM_000536,HVAC,0.032,0.9523,1.0,0.030473600000000003,,,,0.1,0.0,0.04,0.0,False,0.030473600000000003,True,0.0,False,0.1,False,0.0,False,0.04,False,0.0,0.0,0.1,0.14,False,local
557,558,PBS_GROUP_0016,TC_000491,BOM_000539,ITEM_000537,HVAC,0.139,1.0,1.0,0.139,,,,0.1,0.0,0.04,0.0,False,0.139,True,0.0,False,0.1,False,0.0,False,0.04,False,0.0,0.0,0.1,0.14,False,local
558,559,PBS_GROUP_0016,TC_000492,BOM_000540,ITEM_000538,HVAC,0.0,1.0,1.0,0.0,,,,0.1,0.0,0.04,0.0,False,0.0,True,0.0,False,0.1,False,0.0,False,0.04,False,0.0,0.0,0.1,0.14,False,local
559,560,PBS_GROUP_0016,TC_000493,BOM_000541,ITEM_000539,HVAC,0.0,0.7053,1.0,0.0,,,,0.1,0.0,0.04,0.0,False,0.0,True,0.0,False,0.1,False,0.0,False,0.04,False,0.0,0.0,0.1,0.14,False,local
560,561,PBS_GROUP_0016,TC_000494,BOM_000542,ITEM_000540,HVAC,0.058,1.0,1.0,0.058,,,,0.1,0.0,0.04,0.0,False,0.058,True,0.0,False,0.1,False,0.0,False,0.04,False,0.0,0.0,0.1,0.14,False,local
561,562,PBS_GROUP_0016,TC_000495,BOM_000543,ITEM_000541,HVAC,0.097,1.0,1.0,0.097,,,,0.1,0.0,0.04,0.0,False,0.097,True,0.0,False,0.1,False,0.0,False,0.04,False,0.0,0.0,0.1,0.14,False,local
562,563,PBS_GROUP_0016,TC_000496,BOM_000544,ITEM_000542,HVAC,0.01,1.0,1.0,0.01,,,,0.1,0.0,0.04,0.0,False,0.01,True,0.0,False,0.1,False,0.0,False,0.04,False,0.0,0.0,0.1,0.14,False,local
563,564,PBS_GROUP_0016,TC_000497,BOM_000545,ITEM_000543,HVAC,0.038,1.0,0.9623,0.0365674,,,,0.1,0.0,0.04,0.0,False,0.0365674,True,0.0,False,0.1,False,0.0,False,0.04,False,0.0,0.0,0.1,0.14,False,local
564,565,PBS_GROUP_0016,TC_000498,BOM_000546,ITEM_000544,HVAC,0.0,1.0,1.0,0.0,,,,0.1,0.0,0.04,0.0,False,0.0,True,0.0,False,0.1,False,0.0,False,0.04,False,0.0,0.0,0.1,0.14,False,local
565,566,PBS_GROUP_0016,TC_000499,BOM_000547,ITEM_000545,HVAC,0.0,1.0,0.9639,0.0,,,,0.1,0.0,0.04,0.0,False,0.0,True,0.0,False,0.1,False,0.0,False,0.04,False,0.0,0.0,0.1,0.14,False,local
566,567,PBS_GROUP_0016,TC_000500,BOM_000548,ITEM_000546,HVAC,0.007,1.0,1.0,0.007,,,,0.1,0.0,0.04,0.0,False,0.007,True,0.0,False,0.1,False,0.0,False,0.04,False,0.0,0.0,0.1,0.14,False,local
567,568,PBS_GROUP_0016,TC_000501,BOM_000549,ITEM_000547,HVAC,0.0,1.0,1.0,0.0,,,,0.1,0.0,0.04,0.0,False,0.0,True,0.0,False,0.1,False,0.0,False,0.04,False,0.0,0.0,0.1,0.14,False,local
568,569,PBS_GROUP_0016,TC_000502,BOM_000550,ITEM_000548,HVAC,0.03,1.0,1.0,0.03,,,,0.1,0.0,0.04,0.0,False,0.03,True,0.0,False,0.1,False,0.0,False,0.04,False,0.0,0.0,0.1,0.14,False,local
569,570,PBS_GROUP_0016,TC_000503,BOM_000551,ITEM_000549,HVAC,0.0,1.0,1.0,0.0,,,,0.1,0.0,0.04,0.0,False,0.0,True,0.0,False,0.1,False,0.0,False,0.04,False,0.0,0.0,0.1,0.14,False,local
570,571,PBS_GROUP_0016,TC_000504,BOM_000552,ITEM_000550,HVAC,0.097,1.0,1.0,0.097,,,,0.1,0.0,0.04,0.0,False,0.097,True,0.0,False,0.1,False,0.0,False,0.04,False,0.0,0.0,0.1,0.14,False,local
571,572,PBS_GROUP_0016,TC_000505,BOM_000553,ITEM_000551,HVAC,0.125,1.0,1.0,0.125,,,,0.1,0.0,0.04,0.0,False,0.125,True,0.0,False,0.1,False,0.0,False,0.04,False,0.0,0.0,0.1,0.14,False,local
572,573,PBS_GROUP_0016,TC_000506,BOM_000554,ITEM_000552,HVAC,0.031,1.0,1.0,0.031,,,,0.1,0.0,0.04,0.0,False,0.031,True,0.0,False,0.1,False,0.0,False,0.04,False,0.0,0.0,0.1,0.14,False,local
573,574,PBS_GROUP_0016,TC_000507,BOM_000555,ITEM_000553,HVAC,0.021,1.0,1.0,0.021,,,,0.1,0.0,0.04,0.0,False,0.021,True,0.0,False,0.1,False,0.0,False,0.04,False,0.0,0.0,0.1,0.14,False,local
574,575,PBS_GROUP_0016,TC_000508,BOM_000556,ITEM_000554,HVAC,0.0,1.0,1.0,0.0,,,,0.1,0.0,0.04,0.0,False,0.0,True,0.0,False,0.1,False,0.0,False,0.04,False,0.0,0.0,0.1,0.14,False,local
575,576,PBS_GROUP_0016,TC_000509,BOM_000557,ITEM_000555,HVAC,0.099,1.0,1.0,0.099,,,,0.1,0.0,0.04,0.0,False,0.099,True,0.0,False,0.1,False,0.0,False,0.04,False,0.0,0.0,0.1,0.14,False,local
576,577,PBS_GROUP_0016,TC_000510,BOM_000558,ITEM_000556,HVAC,0.048,1.0,1.0,0.048,,,,0.1,0.0,0.04,0.0,False,0.048,True,0.0,False,0.1,False,0.0,False,0.04,False,0.0,0.0,0.1,0.14,False,local
577,578,PBS_GROUP_0016,TC_000511,BOM_000559,ITEM_000557,HVAC,0.0,0.9428,1.0,0.0,,,,0.1,0.0,0.04,0.0,False,0.0,True,0.0,False,0.1,False,0.0,False,0.04,False,0.0,0.0,0.1,0.14,False,local
578,579,PBS_GROUP_0016,TC_000512,BOM_000560,ITEM_000558,HVAC,0.059,1.0,1.0,0.059,,,,0.1,0.0,0.04,0.0,False,0.059,True,0.0,False,0.1,False,0.0,False,0.04,False,0.0,0.0,0.1,0.14,False,local
579,580,PBS_GROUP_0016,TC_000513,BOM_000561,ITEM_000559,HVAC,0.152,0.9812,1.0,0.14914239999999998,,,,0.1,0.0,0.04,0.0,False,0.14914239999999998,True,0.0,False,0.1,False,0.0,False,0.04,False,0.0,0.0,0.1,0.14,False,local
580,581,PBS_GROUP_0016,TC_000514,BOM_000562,ITEM_000560,HVAC,0.112,1.0,1.0,0.112,,,,0.1,0.0,0.04,0.0,False,0.112,True,0.0,False,0.1,False,0.0,False,0.04,False,0.0,0.0,0.1,0.14,False,local
581,582,PBS_GROUP_0016,TC_000515,BOM_000563,ITEM_000561,HVAC,0.074,1.0,1.0,0.074,,,,0.1,0.0,0.04,0.0,False,0.074,True,0.0,False,0.1,False,0.0,False,0.04,False,0.0,0.0,0.1,0.14,False,local
582,583,PBS_GROUP_0016,TC_000516,BOM_000564,ITEM_000562,HVAC,0.061,1.0,1.0,0.061,,,,0.1,0.0,0.04,0.0,False,0.061,True,0.0,False,0.1,False,0.0,False,0.04,False,0.0,0.0,0.1,0.14,False,local
583,584,PBS_GROUP_0016,TC_000517,BOM_000565,ITEM_000563,HVAC,0.006,1.0,1.0,0.006,,,,0.1,0.0,0.04,0.0,False,0.006,True,0.0,False,0.1,False,0.0,False,0.04,False,0.0,0.0,0.1,0.14,False,local
584,585,PBS_GROUP_0016,TC_000518,BOM_000566,ITEM_000564,HVAC,0.177,0.9162,1.0,0.1621674,,,,0.1,0.0,0.04,0.0,False,0.1621674,True,0.0,False,0.1,False,0.0,False,0.04,False,0.0,0.0,0.1,0.14,False,local
585,586,PBS_GROUP_0016,TC_000519,BOM_000567,ITEM_000565,HVAC,0.108,1.0,1.0,0.108,,,,0.1,0.0,0.04,0.0,False,0.108,True,0.0,False,0.1,False,0.0,False,0.04,False,0.0,0.0,0.1,0.14,False,local
586,587,PBS_GROUP_0016,TC_000520,BOM_000568,ITEM_000566,HVAC,0.0,1.0,1.0,0.0,,,,0.1,0.0,0.04,0.0,False,0.0,True,0.0,False,0.1,False,0.0,False,0.04,False,0.0,0.0,0.1,0.14,False,local
587,588,PBS_GROUP_0016,TC_000521,BOM_000569,ITEM_000567,HVAC,0.0,1.0,0.928,0.0,,,,0.1,0.0,0.04,0.0,False,0.0,True,0.0,False,0.1,False,0.0,False,0.04,False,0.0,0.0,0.1,0.14,False,local
588,589,PBS_GROUP_0016,TC_000522,BOM_000570,ITEM_000568,HVAC,0.0,1.0,1.0,0.0,,,,0.1,0.0,0.04,0.0,False,0.0,True,0.0,False,0.1,False,0.0,False,0.04,False,0.0,0.0,0.1,0.14,False,local
589,590,PBS_GROUP_0016,TC_000523,BOM_000571,ITEM_000569,HVAC,0.087,1.0,1.0,0.087,,,,0.1,0.0,0.04,0.0,False,0.087,True,0.0,False,0.1,False,0.0,False,0.04,False,0.0,0.0,0.1,0.14,False,local
590,591,PBS_GROUP_0016,TC_000524,BOM_000572,ITEM_000570,HVAC,0.266,1.0,0.9962,0.2649892,,,,0.1,0.0,0.04,0.0,False,0.2649892,True,0.0,False,0.1,False,0.0,False,0.04,False,0.0,0.0,0.1,0.14,False,local
591,592,PBS_GROUP_0016,TC_000525,BOM_000573,ITEM_000571,HVAC,0.044,1.0,1.0,0.044,,,,0.1,0.0,0.04,0.0,False,0.044,True,0.0,False,0.1,False,0.0,False,0.04,False,0.0,0.0,0.1,0.14,False,local
592,593,PBS_GROUP_0016,TC_000526,BOM_000574,ITEM_000572,HVAC,0.0,1.0,1.0,0.0,,,,0.1,0.0,0.04,0.0,False,0.0,True,0.0,False,0.1,False,0.0,False,0.04,False,0.0,0.0,0.1,0.14,False,local
593,594,PBS_GROUP_0016,TC_000527,BOM_000575,ITEM_000573,HVAC,0.179,1.0,1.0,0.179,,,,0.1,0.0,0.04,0.0,False,0.179,True,0.0,False,0.1,False,0.0,False,0.04,False,0.0,0.0,0.1,0.14,False,local
594,595,PBS_GROUP_0016,TC_000528,BOM_000576,ITEM_000574,HVAC,0.103,0.8934,1.0,0.0920202,,,,0.1,0.0,0.04,0.0,False,0.0920202,True,0.0,False,0.1,False,0.0,False,0.04,False,0.0,0.0,0.1,0.14,False,local
595,596,PBS_GROUP_0016,TC_000529,BOM_000577,ITEM_000575,HVAC,0.048,1.0,1.0,0.048,,,,0.1,0.0,0.04,0.0,False,0.048,True,0.0,False,0.1,False,0.0,False,0.04,False,0.0,0.0,0.1,0.14,False,local
596,597,PBS_GROUP_0016,TC_000530,BOM_000578,ITEM_000576,HVAC,0.012,1.0,1.0,0.012,,,,0.1,0.0,0.04,0.0,False,0.012,True,0.0,False,0.1,False,0.0,False,0.04,False,0.0,0.0,0.1,0.14,False,local
597,598,PBS_GROUP_0016,TC_000531,BOM_000579,ITEM_000577,HVAC,0.004,1.0,1.0,0.004,,,,0.1,0.0,0.04,0.0,False,0.004,True,0.0,False,0.1,False,0.0,False,0.04,False,0.0,0.0,0.1,0.14,False,local
598,599,PBS_GROUP_0016,TC_000532,BOM_000580,ITEM_000578,HVAC,0.001,1.0,1.0,0.001,,,,0.1,0.0,0.04,0.0,False,0.001,True,0.0,False,0.1,False,0.0,False,0.04,False,0.0,0.0,0.1,0.14,False,local
599,600,PBS_GROUP_0016,TC_000533,BOM_000581,ITEM_000579,HVAC,0.0,1.0,1.0,0.0,,,,0.1,0.0,0.04,0.0,False,0.0,True,0.0,False,0.1,False,0.0,False,0.04,False,0.0,0.0,0.1,0.14,False,local
600,601,PBS_GROUP_0016,TC_000534,BOM_000582,ITEM_000580,HVAC,0.122,0.9901,1.0,0.12079219999999999,,,,0.1,0.0,0.04,0.0,False,0.12079219999999999,True,0.0,False,0.1,False,0.0,False,0.04,False,0.0,0.0,0.1,0.14,False,local
601,602,PBS_GROUP_0016,TC_000535,BOM_000583,ITEM_000581,HVAC,0.092,1.0,1.0,0.092,,,,0.1,0.0,0.04,0.0,False,0.092,True,0.0,False,0.1,False,0.0,False,0.04,False,0.0,0.0,0.1,0.14,False,local
602,603,PBS_GROUP_0016,TC_000536,BOM_000584,ITEM_000582,HVAC,0.029,1.0,1.0,0.029,,,,0.1,0.0,0.04,0.0,False,0.029,True,0.0,False,0.1,False,0.0,False,0.04,False,0.0,0.0,0.1,0.14,False,local
603,604,PBS_GROUP_0016,TC_000537,BOM_000585,ITEM_000583,HVAC,0.097,1.0,0.0016,0.0001552,,,,0.1,0.0,0.04,0.0,False,0.0001552,True,0.0,False,0.1,False,0.0,False,0.04,False,0.0,0.0,0.1,0.14,False,local
604,605,PBS_GROUP_0016,TC_000538,BOM_000586,ITEM_000584,HVAC,0.156,1.0,1.0,0.156,,,,0.1,0.0,0.04,0.0,False,0.156,True,0.0,False,0.1,False,0.0,False,0.04,False,0.0,0.0,0.1,0.14,False,local
605,606,PBS_GROUP_0016,TC_000539,BOM_000587,ITEM_000585,HVAC,0.087,1.0,1.0,0.087,,,,0.1,0.0,0.04,0.0,False,0.087,True,0.0,False,0.1,False,0.0,False,0.04,False,0.0,0.0,0.1,0.14,False,local
606,607,PBS_GROUP_0016,TC_000540,BOM_000588,ITEM_000586,HVAC,0.0,1.0,1.0,0.0,,,,0.1,0.0,0.04,0.0,False,0.0,True,0.0,False,0.1,False,0.0,False,0.04,False,0.0,0.0,0.1,0.14,False,local
607,608,PBS_GROUP_0016,TC_000541,BOM_000589,ITEM_000587,HVAC,0.007,1.0,1.0,0.007,,,,0.1,0.0,0.04,0.0,False,0.007,True,0.0,False,0.1,False,0.0,False,0.04,False,0.0,0.0,0.1,0.14,False,local
608,609,PBS_GROUP_0016,TC_000542,BOM_000590,ITEM_000588,HVAC,0.0,1.0,1.0,0.0,,,,0.1,0.0,0.04,0.0,False,0.0,True,0.0,False,0.1,False,0.0,False,0.04,False,0.0,0.0,0.1,0.14,False,local
609,610,PBS_GROUP_0016,TC_000543,BOM_000591,ITEM_000589,HVAC,0.096,1.0,1.0,0.096,,,,0.1,0.0,0.04,0.0,False,0.096,True,0.0,False,0.1,False,0.0,False,0.04,False,0.0,0.0,0.1,0.14,False,local
610,611,PBS_GROUP_0016,TC_000544,BOM_000592,ITEM_000590,HVAC,0.032,1.0,1.0,0.032,,,,0.1,0.0,0.04,0.0,False,0.032,True,0.0,False,0.1,False,0.0,False,0.04,False,0.0,0.0,0.1,0.14,False,local
611,612,PBS_GROUP_0016,TC_000545,BOM_000593,ITEM_000591,HVAC,0.0,1.0,1.0,0.0,,,,0.1,0.0,0.04,0.0,False,0.0,True,0.0,False,0.1,False,0.0,False,0.04,False,0.0,0.0,0.1,0.14,False,local
612,613,PBS_GROUP_0016,TC_000546,BOM_000594,ITEM_000592,HVAC,0.069,1.0,1.0,0.069,,,,0.1,0.0,0.04,0.0,False,0.069,True,0.0,False,0.1,False,0.0,False,0.04,False,0.0,0.0,0.1,0.14,False,local
613,614,PBS_GROUP_0016,TC_000547,BOM_000595,ITEM_000593,HVAC,0.026,1.0,0.9403,0.0244478,,,,0.1,0.0,0.04,0.0,False,0.0244478,True,0.0,False,0.1,False,0.0,False,0.04,False,0.0,0.0,0.1,0.14,False,local
614,615,PBS_GROUP_0016,TC_000548,BOM_000596,ITEM_000594,HVAC,0.0,1.0,1.0,0.0,,,,0.1,0.0,0.04,0.0,False,0.0,True,0.0,False,0.1,False,0.0,False,0.04,False,0.0,0.0,0.1,0.14,False,local
615,616,PBS_GROUP_0016,TC_000549,BOM_000597,ITEM_000595,HVAC,0.0,1.0,1.0,0.0,,,,0.1,0.0,0.04,0.0,False,0.0,True,0.0,False,0.1,False,0.0,False,0.04,False,0.0,0.0,0.1,0.14,False,local
616,617,PBS_GROUP_0016,TC_000550,BOM_000598,ITEM_000596,HVAC,0.056,1.0,1.0,0.056,,,,0.1,0.0,0.04,0.0,False,0.056,True,0.0,False,0.1,False,0.0,False,0.04,False,0.0,0.0,0.1,0.14,False,local
617,618,PBS_GROUP_0016,TC_000551,BOM_000599,ITEM_000597,HVAC,0.02,1.0,1.0,0.02,,,,0.1,0.0,0.04,0.0,False,0.02,True,0.0,False,0.1,False,0.0,False,0.04,False,0.0,0.0,0.1,0.14,False,local
618,619,PBS_GROUP_0016,TC_000552,BOM_000600,ITEM_000598,HVAC,0.11,1.0,1.0,0.11,,,,0.1,0.0,0.04,0.0,False,0.11,True,0.0,False,0.1,False,0.0,False,0.04,False,0.0,0.0,0.1,0.14,False,local
619,620,PBS_GROUP_0016,TC_000553,BOM_000601,ITEM_000599,HVAC,0.019,1.0,1.0,0.019,,,,0.1,0.0,0.04,0.0,False,0.019,True,0.0,False,0.1,False,0.0,False,0.04,False,0.0,0.0,0.1,0.14,False,local
620,621,PBS_GROUP_0016,TC_000554,BOM_000602,ITEM_000600,HVAC,0.135,1.0,1.0,0.135,,,,0.1,0.0,0.04,0.0,False,0.135,True,0.0,False,0.1,False,0.0,False,0.04,False,0.0,0.0,0.1,0.14,False,local
621,622,PBS_GROUP_0016,TC_000555,BOM_000603,ITEM_000601,HVAC,0.039,1.0,1.0,0.039,,,,0.1,0.0,0.04,0.0,False,0.039,True,0.0,False,0.1,False,0.0,False,0.04,False,0.0,0.0,0.1,0.14,False,local
622,623,PBS_GROUP_0016,TC_000556,BOM_000604,ITEM_000602,HVAC,0.022,1.0,1.0,0.022,,,,0.1,0.0,0.04,0.0,False,0.022,True,0.0,False,0.1,False,0.0,False,0.04,False,0.0,0.0,0.1,0.14,False,local
623,624,PBS_GROUP_0016,TC_000557,BOM_000605,ITEM_000603,HVAC,0.14,1.0,1.0,0.14,,,,0.1,0.0,0.04,0.0,False,0.14,True,0.0,False,0.1,False,0.0,False,0.04,False,0.0,0.0,0.1,0.14,False,local
624,625,PBS_GROUP_0016,TC_000558,BOM_000606,ITEM_000604,HVAC,0.0,1.0,1.0,0.0,,,,0.1,0.0,0.04,0.0,False,0.0,True,0.0,False,0.1,False,0.0,False,0.04,False,0.0,0.0,0.1,0.14,False,local
625,626,PBS_GROUP_0016,TC_000559,BOM_000607,ITEM_000605,HVAC,0.0,1.0,1.0,0.0,,,,0.1,0.0,0.04,0.0,False,0.0,True,0.0,False,0.1,False,0.0,False,0.04,False,0.0,0.0,0.1,0.14,False,local
626,627,PBS_GROUP_0016,TC_000560,BOM_000608,ITEM_000606,HVAC,0.0,1.0,1.0,0.0,,,,0.1,0.0,0.04,0.0,False,0.0,True,0.0,False,0.1,False,0.0,False,0.04,False,0.0,0.0,0.1,0.14,False,local
627,628,PBS_GROUP_0016,TC_000561,BOM_000609,ITEM_000607,HVAC,0.099,1.0,1.0,0.099,,,,0.1,0.0,0.04,0.0,False,0.099,True,0.0,False,0.1,False,0.0,False,0.04,False,0.0,0.0,0.1,0.14,False,local
628,629,PBS_GROUP_0016,TC_000562,BOM_000610,ITEM_000608,HVAC,0.048,1.0,1.0,0.048,,,,0.1,0.0,0.04,0.0,False,0.048,True,0.0,False,0.1,False,0.0,False,0.04,False,0.0,0.0,0.1,0.14,False,local
629,630,PBS_GROUP_0016,TC_000563,BOM_000611,ITEM_000609,HVAC,0.084,1.0,1.0,0.084,,,,0.1,0.0,0.04,0.0,False,0.084,True,0.0,False,0.1,False,0.0,False,0.04,False,0.0,0.0,0.1,0.14,False,local
630,631,PBS_GROUP_0016,TC_000564,BOM_000612,ITEM_000610,HVAC,0.0,1.0,1.0,0.0,,,,0.1,0.0,0.04,0.0,False,0.0,True,0.0,False,0.1,False,0.0,False,0.04,False,0.0,0.0,0.1,0.14,False,local
631,632,PBS_GROUP_0016,TC_000565,BOM_000613,ITEM_000611,HVAC,0.0,1.0,1.0,0.0,,,,0.1,0.0,0.04,0.0,False,0.0,True,0.0,False,0.1,False,0.0,False,0.04,False,0.0,0.0,0.1,0.14,False,local
632,633,PBS_GROUP_0016,TC_000566,BOM_000614,ITEM_000612,HVAC,0.0,1.0,1.0,0.0,,,,0.1,0.0,0.04,0.0,False,0.0,True,0.0,False,0.1,False,0.0,False,0.04,False,0.0,0.0,0.1,0.14,False,local
633,634,PBS_GROUP_0016,TC_000567,BOM_000615,ITEM_000613,HVAC,0.0,1.0,1.0,0.0,,,,0.1,0.0,0.04,0.0,False,0.0,True,0.0,False,0.1,False,0.0,False,0.04,False,0.0,0.0,0.1,0.14,False,local
634,635,PBS_GROUP_0016,TC_000568,BOM_000616,ITEM_000614,HVAC,0.04,1.0,1.0,0.04,,,,0.1,0.0,0.04,0.0,False,0.04,True,0.0,False,0.1,False,0.0,False,0.04,False,0.0,0.0,0.1,0.14,False,local
635,636,PBS_GROUP_0001,TC_000569,BOM_000617,ITEM_000615,HVAC,1.978,1.0,1.0,1.978,1.0,1.0,1.978,0.1,0.15,0.1,0.0,False,1.978,False,1.978,False,0.1,False,0.15,False,0.1,False,0.0,0.15,0.25,0.35,False,local
636,637,PBS_GROUP_0001,TC_000570,BOM_000618,ITEM_000616,HVAC,2.02,1.0,0.9971,2.014142,1.0,1.0,2.02,0.1,0.15,0.1,0.0,False,2.014142,False,2.02,False,0.1,False,0.15,False,0.1,False,0.0,0.15,0.25,0.35,False,local
637,638,PBS_GROUP_0001,TC_000571,BOM_000619,ITEM_000617,HVAC,2.294,1.0,1.0,2.294,1.0,1.0,2.294,0.1,0.15,0.1,0.0,False,2.294,False,2.294,False,0.1,False,0.15,False,0.1,False,0.0,0.15,0.25,0.35,False,local
638,639,PBS_GROUP_0001,TC_000572,BOM_000620,ITEM_000618,HVAC,1.955,1.0,1.0,1.955,1.0,1.0,1.955,0.1,0.15,0.1,0.0,False,1.955,False,1.955,False,0.1,False,0.15,False,0.1,False,0.0,0.15,0.25,0.35,False,local
639,640,PBS_GROUP_0001,TC_000573,BOM_000621,ITEM_000619,HVAC,2.042,1.0,1.0,2.042,1.0,1.0,2.042,0.1,0.15,0.1,0.0,False,2.042,False,2.042,False,0.1,False,0.15,False,0.1,False,0.0,0.15,0.25,0.35,False,local
640,641,PBS_GROUP_0001,TC_000574,BOM_000622,ITEM_000620,HVAC,2.272,1.0,1.0,2.272,1.0,1.0,2.272,0.1,0.15,0.1,0.0,False,2.272,False,2.272,False,0.1,False,0.15,False,0.1,False,0.0,0.15,0.25,0.35,False,local
641,642,PBS_GROUP_0001,TC_000575,BOM_000623,ITEM_000621,HVAC,1.995,1.0,1.0,1.995,1.0,1.0,1.995,0.1,0.15,0.1,0.0,False,1.995,False,1.995,False,0.1,False,0.15,False,0.1,False,0.0,0.15,0.25,0.35,False,local
642,643,PBS_GROUP_0001,TC_000576,BOM_000624,ITEM_000622,HVAC,2.098,1.0,1.0,2.098,0.9848,1.0,2.0661104,0.1,0.15,0.1,0.0,False,2.098,False,2.0661104,False,0.1,False,0.15,False,0.1,False,0.0,0.15,0.25,0.35,False,local
643,644,,TC_000577,BOM_000625,ITEM_000623,HVAC,1.292,1.0,1.0,1.292,1.0,1.0,1.292,0.1,0.15,0.1,0.0,False,1.292,False,1.292,False,0.1,False,0.15,False,0.1,False,0.0,0.15,0.25,0.35,False,local
644,645,PBS_GROUP_0016,TC_000578,BOM_000626,ITEM_000624,HVAC,0.164,1.0,1.0,0.164,,,,0.1,0.0,0.04,0.0,False,0.164,True,0.0,False,0.1,False,0.0,False,0.04,False,0.0,0.0,0.1,0.14,False,local
645,646,PBS_GROUP_0001,TC_000579,BOM_000627,ITEM_000625,HVAC,0.0,1.0,1.0,0.0,1.0,1.0,0.0,0.1,0.15,0.1,0.0,False,0.0,False,0.0,False,0.1,False,0.15,False,0.1,False,0.0,0.15,0.25,0.35,False,local
646,647,PBS_GROUP_0001,TC_000580,BOM_000628,ITEM_000626,HVAC,0.2,1.0,1.0,0.2,1.0,1.0,0.2,0.1,0.15,0.1,0.0,False,0.2,False,0.2,False,0.1,False,0.15,False,0.1,False,0.0,0.15,0.25,0.35,False,local
647,648,PBS_GROUP_0001,TC_000581,BOM_000629,ITEM_000627,HVAC,0.579,1.0,1.0,0.579,1.0,1.0,0.579,0.1,0.15,0.1,0.0,False,0.579,False,0.579,False,0.1,False,0.15,False,0.1,False,0.0,0.15,0.25,0.35,False,local
648,649,PBS_GROUP_0001,TC_000582,BOM_000630,ITEM_000628,HVAC,0.557,1.0,1.0,0.557,1.0,1.0,0.557,0.1,0.15,0.1,0.0,False,0.557,False,0.557,False,0.1,False,0.15,False,0.1,False,0.0,0.15,0.25,0.35,False,local
649,650,PBS_GROUP_0001,TC_000583,BOM_000631,ITEM_000629,HVAC,0.578,1.0,1.0,0.578,1.0,1.0,0.578,0.1,0.15,0.1,0.0,False,0.578,False,0.578,False,0.1,False,0.15,False,0.1,False,0.0,0.15,0.25,0.35,False,local
650,651,,TC_000584,BOM_000632,ITEM_000630,HVAC,0.615,1.0,1.0,0.615,1.0,1.0,0.615,0.1,0.15,0.1,0.0,False,0.615,False,0.615,False,0.1,False,0.15,False,0.1,False,0.0,0.15,0.25,0.35,False,local
651,652,PBS_GROUP_0001,TC_000585,BOM_000633,ITEM_000631,HVAC,0.58,0.9742,1.0,0.565036,1.0,1.0,0.58,0.1,0.15,0.1,0.0,False,0.565036,False,0.58,False,0.1,False,0.15,False,0.1,False,0.0,0.15,0.25,0.35,False,local
652,653,,TC_000586,BOM_000634,ITEM_000632,HVAC,0.457,1.0,1.0,0.457,1.0,1.0,0.457,0.1,0.15,0.1,0.0,False,0.457,False,0.457,False,0.1,False,0.15,False,0.1,False,0.0,0.15,0.25,0.35,False,local
653,654,PBS_GROUP_0001,TC_000587,BOM_000635,ITEM_000633,HVAC,0.616,1.0,1.0,0.616,1.0,1.0,0.616,0.1,0.15,0.1,0.0,False,0.616,False,0.616,False,0.1,False,0.15,False,0.1,False,0.0,0.15,0.25,0.35,False,local
654,655,PBS_GROUP_0001,TC_000588,BOM_000636,ITEM_000634,HVAC,0.53,1.0,1.0,0.53,1.0,1.0,0.53,0.1,0.15,0.1,0.0,False,0.53,False,0.53,False,0.1,False,0.15,False,0.1,False,0.0,0.15,0.25,0.35,False,local
655,656,PBS_GROUP_0001,TC_000589,BOM_000637,ITEM_000635,HVAC,0.476,1.0,1.0,0.476,0.999,1.0,0.475524,0.1,0.15,0.1,0.0,False,0.476,False,0.475524,False,0.1,False,0.15,False,0.1,False,0.0,0.15,0.25,0.35,False,local
656,657,PBS_GROUP_0001,TC_000590,BOM_000638,ITEM_000636,HVAC,0.497,1.0,1.0,0.497,1.0,1.0,0.497,0.1,0.15,0.1,0.0,False,0.497,False,0.497,False,0.1,False,0.15,False,0.1,False,0.0,0.15,0.25,0.35,False,local
657,658,PBS_GROUP_0001,TC_000591,BOM_000639,ITEM_000637,HVAC,0.484,0.9916,1.0,0.4799344,1.0,1.0,0.484,0.1,0.15,0.1,0.0,False,0.4799344,False,0.484,False,0.1,False,0.15,False,0.1,False,0.0,0.15,0.25,0.35,False,local
658,659,PBS_GROUP_0001,TC_000592,BOM_000640,ITEM_000638,HVAC,0.508,1.0,1.0,0.508,1.0,1.0,0.508,0.1,0.15,0.1,0.0,False,0.508,False,0.508,False,0.1,False,0.15,False,0.1,False,0.0,0.15,0.25,0.35,False,local
659,660,PBS_GROUP_0001,TC_000593,BOM_000641,ITEM_000639,HVAC,0.474,1.0,0.1889,0.0895386,1.0,1.0,0.474,0.1,0.15,0.1,0.0,False,0.0895386,False,0.474,False,0.1,False,0.15,False,0.1,False,0.0,0.15,0.25,0.35,False,local
660,661,PBS_GROUP_0001,TC_000594,BOM_000642,ITEM_000640,HVAC,0.602,1.0,1.0,0.602,1.0,1.0,0.602,0.1,0.15,0.1,0.0,False,0.602,False,0.602,False,0.1,False,0.15,False,0.1,False,0.0,0.15,0.25,0.35,False,local
661,662,PBS_GROUP_0001,TC_000595,BOM_000643,ITEM_000641,HVAC,0.487,1.0,0.9723,0.4735101,1.0,1.0,0.487,0.1,0.15,0.1,0.0,False,0.4735101,False,0.487,False,0.1,False,0.15,False,0.1,False,0.0,0.15,0.25,0.35,False,local
662,663,PBS_GROUP_0001,TC_000596,BOM_000644,ITEM_000642,HVAC,0.548,1.0,1.0,0.548,1.0,1.0,0.548,0.1,0.15,0.1,0.0,False,0.548,False,0.548,False,0.1,False,0.15,False,0.1,False,0.0,0.15,0.25,0.35,False,local
663,664,PBS_GROUP_0001,TC_000597,BOM_000645,ITEM_000643,HVAC,0.729,1.0,0.9911,0.7225119,1.0,1.0,0.729,0.1,0.15,0.1,0.0,False,0.7225119,False,0.729,False,0.1,False,0.15,False,0.1,False,0.0,0.15,0.25,0.35,False,local
664,665,PBS_GROUP_0001,TC_000598,BOM_000646,ITEM_000644,HVAC,0.284,1.0,1.0,0.284,1.0,1.0,0.284,0.1,0.15,0.1,0.0,False,0.284,False,0.284,False,0.1,False,0.15,False,0.1,False,0.0,0.15,0.25,0.35,False,local
665,666,PBS_GROUP_0001,TC_000599,BOM_000647,ITEM_000645,HVAC,0.371,1.0,1.0,0.371,1.0,1.0,0.371,0.1,0.15,0.1,0.0,False,0.371,False,0.371,False,0.1,False,0.15,False,0.1,False,0.0,0.15,0.25,0.35,False,local
666,667,PBS_GROUP_0001,TC_000600,BOM_000648,ITEM_000646,HVAC,0.494,1.0,1.0,0.494,1.0,1.0,0.494,0.1,0.15,0.1,0.0,False,0.494,False,0.494,False,0.1,False,0.15,False,0.1,False,0.0,0.15,0.25,0.35,False,local
667,668,PBS_GROUP_0001,TC_000601,BOM_000649,ITEM_000647,HVAC,0.531,1.0,1.0,0.531,1.0,1.0,0.531,0.1,0.15,0.1,0.0,False,0.531,False,0.531,False,0.1,False,0.15,False,0.1,False,0.0,0.15,0.25,0.35,False,local
668,669,PBS_GROUP_0001,TC_000602,BOM_000650,ITEM_000648,HVAC,0.423,1.0,1.0,0.423,1.0,1.0,0.423,0.1,0.15,0.1,0.0,False,0.423,False,0.423,False,0.1,False,0.15,False,0.1,False,0.0,0.15,0.25,0.35,False,local
669,670,PBS_GROUP_0001,TC_000603,BOM_000651,ITEM_000649,HVAC,0.0,0.9801,1.0,0.0,1.0,1.0,0.0,0.1,0.15,0.1,0.0,False,0.0,False,0.0,False,0.1,False,0.15,False,0.1,False,0.0,0.15,0.25,0.35,False,local
670,671,PBS_GROUP_0001,TC_000604,BOM_000652,ITEM_000650,HVAC,0.0,1.0,1.0,0.0,1.0,1.0,0.0,0.1,0.15,0.1,0.0,False,0.0,False,0.0,False,0.1,False,0.15,False,0.1,False,0.0,0.15,0.25,0.35,False,local
671,672,PBS_GROUP_0001,TC_000605,BOM_000653,ITEM_000651,HVAC,0.265,1.0,1.0,0.265,1.0,1.0,0.265,0.1,0.15,0.1,0.0,False,0.265,False,0.265,False,0.1,False,0.15,False,0.1,False,0.0,0.15,0.25,0.35,False,local
672,673,PBS_GROUP_0001,TC_000606,BOM_000654,ITEM_000652,HVAC,0.0,1.0,1.0,0.0,1.0,1.0,0.0,0.1,0.15,0.1,0.0,False,0.0,False,0.0,False,0.1,False,0.15,False,0.1,False,0.0,0.15,0.25,0.35,False,local
673,674,PBS_GROUP_0004,TC_000607,BOM_000655,ITEM_000653,HVAC,0.488,1.0,1.0,0.488,1.0,1.0,0.488,0.1,0.15,0.1,0.0,False,0.488,False,0.488,False,0.1,False,0.15,False,0.1,False,0.0,0.15,0.25,0.35,False,local
673,674,PBS_GROUP_0004,TC_000607,BOM_000655,ITEM_000653,CW,5.578,0.7987,1.0,4.4551486,1.0,1.0,5.578,0.1,0.15,0.1,0.0,False,4.4551486,False,5.578,False,0.1,False,0.15,False,0.1,False,0.0,0.15,0.25,0.35,False,local
674,675,PBS_GROUP_0001,TC_000608,BOM_000656,ITEM_000654,HVAC,0.041,1.0,1.0,0.041,1.0,1.0,0.041,0.1,0.15,0.1,0.0,False,0.041,False,0.041,False,0.1,False,0.15,False,0.1,False,0.0,0.15,0.25,0.35,False,local
675,676,PBS_GROUP_0018,TC_000609,BOM_000657,ITEM_000655,HVAC,0.614,1.0,1.0,0.614,0.9864,1.0,0.6056496,0.1,0.15,0.1,0.0,False,0.614,False,0.6056496,False,0.1,False,0.15,False,0.1,False,0.0,0.15,0.25,0.35,False,local
676,677,PBS_GROUP_0018,TC_000610,BOM_000658,ITEM_000656,HVAC,0.709,1.0,1.0,0.709,1.0,1.0,0.709,0.1,0.15,0.1,0.0,False,0.709,False,0.709,False,0.1,False,0.15,False,0.1,False,0.0,0.15,0.25,0.35,False,local
677,678,PBS_GROUP_0018,TC_000611,BOM_000659,ITEM_000657,HVAC,0.727,1.0,1.0,0.727,1.0,0.1661,0.12075469999999999,0.1,0.15,0.1,0.0,False,0.727,False,0.12075469999999999,False,0.1,False,0.15,False,0.1,False,0.0,0.15,0.25,0.35,False,local
678,679,PBS_GROUP_0018,TC_000612,BOM_000660,ITEM_000658,HVAC,0.763,1.0,1.0,0.763,1.0,1.0,0.763,0.1,0.15,0.1,0.0,False,0.763,False,0.763,False,0.1,False,0.15,False,0.1,False,0.0,0.15,0.25,0.35,False,local
679,680,PBS_GROUP_SMALL,TC_000613,BOM_000661,ITEM_000659,HVAC,0.916,1.0,1.0,0.916,1.0,1.0,0.916,0.1,0.15,0.1,0.0,False,0.916,False,0.916,False,0.1,False,0.15,False,0.1,False,0.0,0.15,0.25,0.35,False,local
680,681,PBS_GROUP_0018,TC_000614,BOM_000662,ITEM_000660,HVAC,0.555,1.0,1.0,0.555,1.0,1.0,0.555,0.1,0.15,0.1,0.0,False,0.555,False,0.555,False,0.1,False,0.15,False,0.1,False,0.0,0.15,0.25,0.35,False,local
681,682,PBS_GROUP_0018,TC_000615,BOM_000663,ITEM_000661,HVAC,0.522,1.0,1.0,0.522,1.0,1.0,0.522,0.1,0.15,0.1,0.0,False,0.522,False,0.522,False,0.1,False,0.15,False,0.1,False,0.0,0.15,0.25,0.35,False,local
682,683,PBS_GROUP_0018,TC_000616,BOM_000664,ITEM_000662,HVAC,0.384,1.0,1.0,0.384,1.0,1.0,0.384,0.1,0.15,0.1,0.0,False,0.384,False,0.384,False,0.1,False,0.15,False,0.1,False,0.0,0.15,0.25,0.35,False,local
683,684,PBS_GROUP_0018,TC_000617,BOM_000665,ITEM_000663,HVAC,0.537,0.7585,1.0,0.4073145,1.0,1.0,0.537,0.1,0.15,0.1,0.0,False,0.4073145,False,0.537,False,0.1,False,0.15,False,0.1,False,0.0,0.15,0.25,0.35,False,local
684,685,PBS_GROUP_0018,TC_000618,BOM_000666,ITEM_000664,HVAC,0.571,1.0,1.0,0.571,1.0,1.0,0.571,0.1,0.15,0.1,0.0,False,0.571,False,0.571,False,0.1,False,0.15,False,0.1,False,0.0,0.15,0.25,0.35,False,local
685,686,PBS_GROUP_0018,TC_000619,BOM_000667,ITEM_000665,HVAC,0.518,0.9453,1.0,0.48966540000000003,1.0,1.0,0.518,0.1,0.15,0.1,0.0,False,0.48966540000000003,False,0.518,False,0.1,False,0.15,False,0.1,False,0.0,0.15,0.25,0.35,False,local
686,687,PBS_GROUP_0018,TC_000620,BOM_000668,ITEM_000666,HVAC,0.55,1.0,1.0,0.55,1.0,1.0,0.55,0.1,0.15,0.1,0.0,False,0.55,False,0.55,False,0.1,False,0.15,False,0.1,False,0.0,0.15,0.25,0.35,False,local
687,688,PBS_GROUP_0018,TC_000621,BOM_000669,ITEM_000667,HVAC,0.322,1.0,1.0,0.322,1.0,1.0,0.322,0.1,0.15,0.1,0.0,False,0.322,False,0.322,False,0.1,False,0.15,False,0.1,False,0.0,0.15,0.25,0.35,False,local
688,689,PBS_GROUP_0018,TC_000622,BOM_000670,ITEM_000668,HVAC,0.461,1.0,1.0,0.461,1.0,1.0,0.461,0.1,0.15,0.1,0.0,False,0.461,False,0.461,False,0.1,False,0.15,False,0.1,False,0.0,0.15,0.25,0.35,False,local
689,690,PBS_GROUP_0018,TC_000623,BOM_000671,ITEM_000669,HVAC,0.48,1.0,1.0,0.48,1.0,1.0,0.48,0.1,0.15,0.1,0.0,False,0.48,False,0.48,False,0.1,False,0.15,False,0.1,False,0.0,0.15,0.25,0.35,False,local
690,691,PBS_GROUP_0018,TC_000624,BOM_000672,ITEM_000670,HVAC,0.53,1.0,1.0,0.53,1.0,1.0,0.53,0.1,0.15,0.1,0.0,False,0.53,False,0.53,False,0.1,False,0.15,False,0.1,False,0.0,0.15,0.25,0.35,False,local
691,692,PBS_GROUP_0019,TC_000625,BOM_000673,ITEM_000671,HVAC,0.091,1.0,1.0,0.091,1.0,1.0,0.091,0.1,0.15,0.1,0.0,False,0.091,False,0.091,False,0.1,False,0.15,False,0.1,False,0.0,0.15,0.25,0.35,False,local
692,693,PBS_GROUP_0019,TC_000626,BOM_000674,ITEM_000672,HVAC,0.021,1.0,1.0,0.021,1.0,1.0,0.021,0.1,0.15,0.1,0.0,False,0.021,False,0.021,False,0.1,False,0.15,False,0.1,False,0.0,0.15,0.25,0.35,False,local
693,694,PBS_GROUP_0019,TC_000627,BOM_000675,ITEM_000673,HVAC,0.042,1.0,1.0,0.042,1.0,1.0,0.042,0.1,0.15,0.1,0.0,False,0.042,False,0.042,False,0.1,False,0.15,False,0.1,False,0.0,0.15,0.25,0.35,False,local
694,695,PBS_GROUP_0019,TC_000628,BOM_000676,ITEM_000674,HVAC,0.078,1.0,1.0,0.078,1.0,1.0,0.078,0.1,0.15,0.1,0.0,False,0.078,False,0.078,False,0.1,False,0.15,False,0.1,False,0.0,0.15,0.25,0.35,False,local
695,696,PBS_GROUP_0019,TC_000629,BOM_000677,ITEM_000675,HVAC,0.0,1.0,1.0,0.0,0.9436,1.0,0.0,0.1,0.15,0.1,0.0,False,0.0,False,0.0,False,0.1,False,0.15,False,0.1,False,0.0,0.15,0.25,0.35,False,local
696,697,PBS_GROUP_0020,TC_000630,BOM_000678,ITEM_000676,HVAC,0.0,1.0,1.0,0.0,,,,0.1,0.0,0.04,0.0,False,0.0,True,0.0,False,0.1,False,0.0,False,0.04,False,0.0,0.0,0.1,0.14,False,local
697,698,PBS_GROUP_0020,TC_000631,BOM_000679,ITEM_000677,HVAC,0.082,1.0,1.0,0.082,,,,0.1,0.0,0.04,0.0,False,0.082,True,0.0,False,0.1,False,0.0,False,0.04,False,0.0,0.0,0.1,0.14,False,local
698,699,PBS_GROUP_0020,TC_000632,BOM_000680,ITEM_000678,HVAC,0.16,1.0,1.0,0.16,,,,0.1,0.0,0.04,0.0,False,0.16,True,0.0,False,0.1,False,0.0,False,0.04,False,0.0,0.0,0.1,0.14,False,local
699,700,PBS_GROUP_0020,TC_000633,BOM_000681,ITEM_000679,HVAC,0.023,1.0,1.0,0.023,,,,0.1,0.0,0.04,0.0,False,0.023,True,0.0,False,0.1,False,0.0,False,0.04,False,0.0,0.0,0.1,0.14,False,local
700,701,PBS_GROUP_0020,TC_000634,BOM_000682,ITEM_000680,HVAC,0.022,0.9457,1.0,0.020805399999999998,,,,0.1,0.0,0.04,0.0,False,0.020805399999999998,True,0.0,False,0.1,False,0.0,False,0.04,False,0.0,0.0,0.1,0.14,False,local
701,702,PBS_GROUP_0020,TC_000635,BOM_000683,ITEM_000681,HVAC,0.0,1.0,1.0,0.0,,,,0.1,0.0,0.04,0.0,False,0.0,True,0.0,False,0.1,False,0.0,False,0.04,False,0.0,0.0,0.1,0.14,False,local
702,703,PBS_GROUP_0020,TC_000636,BOM_000684,ITEM_000682,HVAC,0.062,1.0,1.0,0.062,,,,0.1,0.0,0.04,0.0,False,0.062,True,0.0,False,0.1,False,0.0,False,0.04,False,0.0,0.0,0.1,0.14,False,local
703,704,PBS_GROUP_0020,TC_000637,BOM_000685,ITEM_000683,HVAC,0.08,1.0,1.0,0.08,,,,0.1,0.0,0.04,0.0,False,0.08,True,0.0,False,0.1,False,0.0,False,0.04,False,0.0,0.0,0.1,0.14,False,local
704,705,PBS_GROUP_0020,TC_000638,BOM_000686,ITEM_000684,HVAC,0.042,0.982,1.0,0.041244,,,,0.1,0.0,0.04,0.0,False,0.041244,True,0.0,False,0.1,False,0.0,False,0.04,False,0.0,0.0,0.1,0.14,False,local
705,706,PBS_GROUP_0016,TC_000639,BOM_000687,ITEM_000685,HVAC,0.0,0.9924,1.0,0.0,,,,0.1,0.0,0.04,0.0,False,0.0,True,0.0,False,0.1,False,0.0,False,0.04,False,0.0,0.0,0.1,0.14,False,local
706,707,PBS_GROUP_SMALL,TC_000640,BOM_000688,ITEM_000686,HVAC,1.594,1.0,1.0,1.594,1.0,1.0,1.594,0.1,0.0,0.04,0.0,False,1.594,False,1.594,False,0.1,False,0.0,False,0.04,False,0.0,0.0,0.1,0.14,False,local
707,708,PBS_GROUP_0021,TC_000641,BOM_000689,ITEM_000687,HVAC,1.354,1.0,1.0,1.354,1.0,1.0,1.354,0.1,0.0,0.04,0.0,False,1.354,False,1.354,False,0.1,False,0.0,False,0.04,False,0.0,0.0,0.1,0.14,False,local
707,708,PBS_GROUP_0021,TC_000641,BOM_000689,ITEM_000687,FW,15.747,1.0,1.0,15.747,0.0,1.0,0.0,0.0,0.0,0.08,0.05,False,15.747,False,0.0,False,0.0,False,0.0,False,0.08,False,0.05,0.0,0.0,0.13,False,local
708,709,PBS_GROUP_0021,TC_000642,BOM_000690,ITEM_000688,HVAC,1.45,1.0,0.1209,0.175305,1.0,1.0,1.45,0.1,0.0,0.04,0.0,False,0.175305,False,1.45,False,0.1,False,0.0,False,0.04,False,0.0,0.0,0.1,0.14,False,local
708,709,PBS_GROUP_0021,TC_000642,BOM_000690,ITEM_000688,FW,15.297,0.3235,1.0,4.9485795,1.0,0.5579,8.5341963,0.0,0.0,0.08,0.05,False,4.9485795,False,8.5341963,False,0.0,False,0.0,False,0.08,False,0.05,0.0,0.0,0.13,False,local
709,710,PBS_GROUP_0022,TC_000643,BOM_000691,ITEM_000689,HVAC,1.311,0.7014,1.0,0.9195354,1.0,1.0,1.311,0.1,0.0,0.04,0.0,False,0.9195354,False,1.311,False,0.1,False,0.0,False,0.04,False,0.0,0.0,0.1,0.14,False,local
709,710,PBS_GROUP_0022,TC_000643,BOM_000691,ITEM_000689,FW,11.333,1.0,1.0,11.333,1.0,1.0,11.333,0.0,0.0,0.08,0.05,False,11.333,False,11.333,False,0.0,False,0.0,False,0.08,False,0.05,0.0,0.0,0.13,False,local
710,711,PBS_GROUP_0022,TC_000644,BOM_000692,ITEM_000690,HVAC,1.297,1.0,1.0,1.297,1.0,1.0,1.297,0.1,0.0,0.04,0.0,False,1.297,False,1.297,False,0.1,False,0.0,False,0.04,False,0.0,0.0,0.1,0.14,False,local
710,711,PBS_GROUP_0022,TC_000644,BOM_000692,ITEM_000690,FW,15.566,1.0,1.0,15.566,0.0,1.0,0.0,0.0,0.0,0.08,0.05,False,15.566,False,0.0,False,0.0,False,0.0,False,0.08,False,0.05,0.0,0.0,0.13,False,local
711,712,PBS_GROUP_0022,TC_000645,BOM_000693,ITEM_000689,HVAC,1.269,1.0,1.0,1.269,1.0,1.0,1.269,0.1,0.0,0.04,0.0,False,1.269,False,1.269,False,0.1,False,0.0,False,0.04,False,0.0,0.0,0.1,0.14,False,local
711,712,PBS_GROUP_0022,TC_000645,BOM_000693,ITEM_000689,FW,14.486,0.6637,0.9551,9.18267351682,0.9516,1.0,13.784877600000002,0.0,0.0,0.08,0.05,False,9.18267351682,False,13.784877600000002,False,0.0,False,0.0,False,0.08,False,0.05,0.0,0.0,0.13,False,local
712,713,PBS_GROUP_0022,TC_000646,BOM_000694,ITEM_000690,HVAC,1.464,1.0,1.0,1.464,1.0,1.0,1.464,0.1,0.0,0.04,0.0,False,1.464,False,1.464,False,0.1,False,0.0,False,0.04,False,0.0,0.0,0.1,0.14,False,local
712,713,PBS_GROUP_0022,TC_000646,BOM_000694,ITEM_000690,FW,13.773,0.1872,0.0471,0.12143819376000001,0.9558,1.0,13.164233399999999,0.0,0.0,0.08,0.05,False,0.12143819376000001,False,13.164233399999999,False,0.0,False,0.0,False,0.08,False,0.05,0.0,0.0,0.13,False,local
713,714,PBS_GROUP_0009,TC_000647,BOM_000065,ITEM_000691,HVAC,3.21,0.9837,1.0,3.157677,,,,0.1,0.0,0.04,0.0,False,3.157677,True,0.0,False,0.1,False,0.0,False,0.04,False,0.0,0.0,0.1,0.14,False,local
714,715,PBS_GROUP_0023,TC_000648,BOM_000695,ITEM_000692,HVAC,0.133,1.0,1.0,0.133,,,,0.1,0.0,0.04,0.0,False,0.133,True,0.0,False,0.1,False,0.0,False,0.04,False,0.0,0.0,0.1,0.14,False,local
715,716,PBS_GROUP_SMALL,TC_000649,BOM_000696,ITEM_000693,HVAC,7.805,1.0,1.0,7.805,,,,0.1,0.0,0.04,0.0,False,7.805,True,0.0,False,0.1,False,0.0,False,0.04,False,0.0,0.0,0.1,0.14,False,local
716,717,PBS_GROUP_SMALL,TC_000650,BOM_000697,ITEM_000694,HVAC,7.197,1.0,1.0,7.197,,,,0.1,0.0,0.04,0.0,False,7.197,True,0.0,False,0.1,False,0.0,False,0.04,False,0.0,0.0,0.1,0.14,False,local
717,718,PBS_GROUP_SMALL,TC_000651,BOM_000698,ITEM_000695,HVAC,0.008,1.0,1.0,0.008,1.0,1.0,0.008,0.1,0.15,0.1,0.0,False,0.008,False,0.008,False,0.1,False,0.15,False,0.1,False,0.0,0.15,0.25,0.35,False,local
718,719,PBS_GROUP_SMALL,TC_000652,BOM_000699,ITEM_000696,HVAC,8.737,1.0,1.0,8.737,,,,0.1,0.0,0.04,0.0,False,8.737,True,0.0,False,0.1,False,0.0,False,0.04,False,0.0,0.0,0.1,0.14,False,local
718,719,PBS_GROUP_SMALL,TC_000652,BOM_000699,ITEM_000696,FW,51.909,0.4546,1.0,23.5978314,0.0,1.0,0.0,0.0,0.0,0.08,0.05,False,23.5978314,False,0.0,False,0.0,False,0.0,False,0.08,False,0.05,0.0,0.0,0.13,False,local
719,720,PBS_GROUP_SMALL,TC_000653,BOM_000700,ITEM_000697,HVAC,8.831,1.0,1.0,8.831,,,,0.1,0.0,0.04,0.0,False,8.831,True,0.0,False,0.1,False,0.0,False,0.04,False,0.0,0.0,0.1,0.14,False,local
719,720,PBS_GROUP_SMALL,TC_000653,BOM_000700,ITEM_000697,FW,49.12,0.0022,1.0,0.10806400000000001,0.9503,1.0,46.678736,0.0,0.0,0.08,0.05,False,0.10806400000000001,False,46.678736,False,0.0,False,0.0,False,0.08,False,0.05,0.0,0.0,0.13,False,local
720,721,PBS_GROUP_0022,TC_000654,BOM_000701,ITEM_000698,HVAC,1.447,1.0,1.0,1.447,1.0,1.0,1.447,0.1,0.0,0.04,0.0,False,1.447,False,1.447,False,0.1,False,0.0,False,0.04,False,0.0,0.0,0.1,0.14,False,local
720,721,PBS_GROUP_0022,TC_000654,BOM_000701,ITEM_000698,FW,12.63,0.0412,1.0,0.520356,0.3336,1.0,4.213368,0.0,0.0,0.08,0.05,False,0.520356,False,4.213368,False,0.0,False,0.0,False,0.08,False,0.05,0.0,0.0,0.13,False,local
721,722,PBS_GROUP_0022,TC_000655,BOM_000702,ITEM_000699,HVAC,1.332,1.0,1.0,1.332,1.0,1.0,1.332,0.1,0.0,0.04,0.0,False,1.332,False,1.332,False,0.1,False,0.0,False,0.04,False,0.0,0.0,0.1,0.14,False,local
721,722,PBS_GROUP_0022,TC_000655,BOM_000702,ITEM_000699,FW,15.17,1.0,0.9922,15.051674,0.0,1.0,0.0,0.0,0.0,0.08,0.05,False,15.051674,False,0.0,False,0.0,False,0.0,False,0.08,False,0.05,0.0,0.0,0.13,False,local
722,723,PBS_GROUP_0022,TC_000656,BOM_000703,ITEM_000698,HVAC,1.249,1.0,1.0,1.249,1.0,1.0,1.249,0.1,0.0,0.04,0.0,False,1.249,False,1.249,False,0.1,False,0.0,False,0.04,False,0.0,0.0,0.1,0.14,False,local
722,723,PBS_GROUP_0022,TC_000656,BOM_000703,ITEM_000698,FW,13.258,1.0,1.0,13.258,1.0,0.0267,0.3539886,0.0,0.0,0.08,0.05,False,13.258,False,0.3539886,False,0.0,False,0.0,False,0.08,False,0.05,0.0,0.0,0.13,False,local
723,724,PBS_GROUP_0022,TC_000657,BOM_000704,ITEM_000699,HVAC,1.298,1.0,1.0,1.298,1.0,0.0,0.0,0.1,0.0,0.04,0.0,False,1.298,False,0.0,False,0.1,False,0.0,False,0.04,False,0.0,0.0,0.1,0.14,False,local
723,724,PBS_GROUP_0022,TC_000657,BOM_000704,ITEM_000699,FW,10.837,0.5018,1.0,5.4380066000000005,0.0,1.0,0.0,0.0,0.0,0.08,0.05,False,5.4380066000000005,False,0.0,False,0.0,False,0.0,False,0.08,False,0.05,0.0,0.0,0.13,False,local
724,725,PBS_GROUP_0022,TC_000658,BOM_000705,ITEM_000700,HVAC,1.282,1.0,1.0,1.282,1.0,1.0,1.282,0.1,0.0,0.04,0.0,False,1.282,False,1.282,False,0.1,False,0.0,False,0.04,False,0.0,0.0,0.1,0.14,False,local
724,725,PBS_GROUP_0022,TC_000658,BOM_000705,ITEM_000700,FW,13.887,0.0,1.0,0.0,1.0,1.0,13.887,0.0,0.0,0.08,0.05,False,0.0,False,13.887,False,0.0,False,0.0,False,0.08,False,0.05,0.0,0.0,0.13,False,local
725,726,PBS_GROUP_0022,TC_000659,BOM_000706,ITEM_000701,HVAC,1.412,0.8582,1.0,1.2117783999999998,1.0,1.0,1.412,0.1,0.0,0.04,0.0,False,1.2117783999999998,False,1.412,False,0.1,False,0.0,False,0.04,False,0.0,0.0,0.1,0.14,False,local
725,726,PBS_GROUP_0022,TC_000659,BOM_000706,ITEM_000701,FW,14.066,1.0,1.0,14.066,0.0,1.0,0.0,0.0,0.0,0.08,0.05,False,14.066,False,0.0,False,0.0,False,0.0,False,0.08,False,0.05,0.0,0.0,0.13,False,local
726,727,PBS_GROUP_0022,TC_000660,BOM_000707,ITEM_000700,HVAC,1.373,1.0,1.0,1.373,1.0,1.0,1.373,0.1,0.0,0.04,0.0,False,1.373,False,1.373,False,0.1,False,0.0,False,0.04,False,0.0,0.0,0.1,0.14,False,local
726,727,PBS_GROUP_0022,TC_000660,BOM_000707,ITEM_000700,FW,13.59,1.0,1.0,13.59,1.0,1.0,13.59,0.0,0.0,0.08,0.05,False,13.59,False,13.59,False,0.0,False,0.0,False,0.08,False,0.05,0.0,0.0,0.13,False,local
727,728,PBS_GROUP_0022,TC_000661,BOM_000708,ITEM_000701,HVAC,1.309,1.0,1.0,1.309,1.0,1.0,1.309,0.1,0.0,0.04,0.0,False,1.309,False,1.309,False,0.1,False,0.0,False,0.04,False,0.0,0.0,0.1,0.14,False,local
727,728,PBS_GROUP_0022,TC_000661,BOM_000708,ITEM_000701,FW,12.379,1.0,1.0,12.379,1.0,1.0,12.379,0.0,0.0,0.08,0.05,False,12.379,False,12.379,False,0.0,False,0.0,False,0.08,False,0.05,0.0,0.0,0.13,False,local
728,729,PBS_GROUP_0022,TC_000662,BOM_000709,ITEM_000702,HVAC,1.488,1.0,1.0,1.488,1.0,1.0,1.488,0.1,0.0,0.04,0.0,False,1.488,False,1.488,False,0.1,False,0.0,False,0.04,False,0.0,0.0,0.1,0.14,False,local
728,729,PBS_GROUP_0022,TC_000662,BOM_000709,ITEM_000702,FW,12.888,1.0,1.0,12.888,0.2074,1.0,2.6729712,0.0,0.0,0.08,0.05,False,12.888,False,2.6729712,False,0.0,False,0.0,False,0.08,False,0.05,0.0,0.0,0.13,False,local
729,730,PBS_GROUP_0022,TC_000663,BOM_000710,ITEM_000703,FW,15.006,0.1284,1.0,1.9267703999999999,0.0,0.0262,0.0,0.0,0.0,0.08,0.05,False,1.9267703999999999,False,0.0,False,0.0,False,0.0,False,0.08,False,0.05,0.0,0.0,0.13,False,local
730,731,PBS_GROUP_SMALL,TC_000664,BOM_000711,ITEM_000704,HVAC,0.044,1.0,1.0,0.044,,,,0.1,0.0,0.04,0.0,False,0.044,True,0.0,False,0.1,False,0.0,False,0.04,False,0.0,0.0,0.1,0.14,False,local
731,732,PBS_GROUP_SMALL,TC_000665,BOM_000712,ITEM_000705,HVAC,0.0,1.0,1.0,0.0,,,,0.1,0.0,0.04,0.0,False,0.0,True,0.0,False,0.1,False,0.0,False,0.04,False,0.0,0.0,0.1,0.14,False,local
732,733,PBS_GROUP_0022,TC_000666,BOM_000713,ITEM_000702,HVAC,1.266,1.0,1.0,1.266,1.0,1.0,1.266,0.1,0.0,0.04,0.0,False,1.266,False,1.266,False,0.1,False,0.0,False,0.04,False,0.0,0.0,0.1,0.14,False,local
732,733,PBS_GROUP_0022,TC_000666,BOM_000713,ITEM_000702,FW,12.701,0.7832,1.0,9.947423200000001,0.0161,0.971,0.1985560031,0.0,0.0,0.08,0.05,False,9.947423200000001,False,0.1985560031,False,0.0,False,0.0,False,0.08,False,0.05,0.0,0.0,0.13,False,local
733,734,PBS_GROUP_0022,TC_000667,BOM_000714,ITEM_000703,HVAC,1.258,1.0,1.0,1.258,1.0,1.0,1.258,0.1,0.0,0.04,0.0,False,1.258,False,1.258,False,0.1,False,0.0,False,0.04,False,0.0,0.0,0.1,0.14,False,local
733,734,PBS_GROUP_0022,TC_000667,BOM_000714,ITEM_000703,FW,14.284,0.0259,1.0,0.3699556,1.0,1.0,14.284,0.0,0.0,0.08,0.05,False,0.3699556,False,14.284,False,0.0,False,0.0,False,0.08,False,0.05,0.0,0.0,0.13,False,local
734,735,PBS_GROUP_0022,TC_000668,BOM_000715,ITEM_000702,HVAC,1.273,1.0,1.0,1.273,1.0,0.9701,1.2349373,0.1,0.0,0.04,0.0,False,1.273,False,1.2349373,False,0.1,False,0.0,False,0.04,False,0.0,0.0,0.1,0.14,False,local
734,735,PBS_GROUP_0022,TC_000668,BOM_000715,ITEM_000702,FW,13.108,1.0,1.0,13.108,0.2118,1.0,2.7762744,0.0,0.0,0.08,0.05,False,13.108,False,2.7762744,False,0.0,False,0.0,False,0.08,False,0.05,0.0,0.0,0.13,False,local
735,736,PBS_GROUP_0022,TC_000669,BOM_000716,ITEM_000703,HVAC,1.186,1.0,1.0,1.186,1.0,1.0,1.186,0.1,0.0,0.04,0.0,False,1.186,False,1.186,False,0.1,False,0.0,False,0.04,False,0.0,0.0,0.1,0.14,False,local
735,736,PBS_GROUP_0022,TC_000669,BOM_000716,ITEM_000703,FW,13.374,1.0,1.0,13.374,0.0,1.0,0.0,0.0,0.0,0.08,0.05,False,13.374,False,0.0,False,0.0,False,0.0,False,0.08,False,0.05,0.0,0.0,0.13,False,local
736,737,,TC_000670,BOM_000717,ITEM_000706,FW,8.638,1.0,1.0,8.638,0.256,1.0,2.211328,0.0,0.0,0.08,0.05,False,8.638,False,2.211328,False,0.0,False,0.0,False,0.08,False,0.05,0.0,0.0,0.13,False,local
737,738,,TC_000671,BOM_000718,ITEM_000707,FW,7.951,0.0,1.0,0.0,0.0,0.0,0.0,0.0,0.0,0.08,0.05,False,0.0,False,0.0,False,0.0,False,0.0,False,0.08,False,0.05,0.0,0.0,0.13,False,local
738,739,PBS_GROUP_0024,TC_000672,BOM_000719,ITEM_000708,HVAC,0.0,1.0,1.0,0.0,,,,0.1,0.0,0.04,0.0,False,0.0,True,0.0,False,0.1,False,0.0,False,0.04,False,0.0,0.0,0.1,0.14,False,local
739,740,PBS_GROUP_0024,TC_000673,BOM_000720,ITEM_000709,HVAC,0.0,1.0,0.987,0.0,,,,0.1,0.0,0.04,0.0,False,0.0,True,0.0,False,0.1,False,0.0,False,0.04,False,0.0,0.0,0.1,0.14,False,local
740,741,PBS_GROUP_0024,TC_000674,BOM_000721,ITEM_000710,HVAC,0.0,1.0,1.0,0.0,,,,0.1,0.0,0.04,0.0,False,0.0,True,0.0,False,0.1,False,0.0,False,0.04,False,0.0,0.0,0.1,0.14,False,local
741,742,PBS_GROUP_0024,TC_000675,BOM_000722,ITEM_000711,HVAC,0.17,1.0,1.0,0.17,,,,0.1,0.0,0.04,0.0,False,0.17,True,0.0,False,0.1,False,0.0,False,0.04,False,0.0,0.0,0.1,0.14,False,local
742,743,PBS_GROUP_0024,TC_000676,BOM_000723,ITEM_000712,HVAC,0.484,1.0,1.0,0.484,,,,0.1,0.0,0.04,0.0,False,0.484,True,0.0,False,0.1,False,0.0,False,0.04,False,0.0,0.0,0.1,0.14,False,local
743,744,PBS_GROUP_0024,TC_000677,BOM_000724,ITEM_000713,HVAC,0.095,1.0,1.0,0.095,,,,0.1,0.0,0.04,0.0,False,0.095,True,0.0,False,0.1,False,0.0,False,0.04,False,0.0,0.0,0.1,0.14,False,local
744,745,PBS_GROUP_0024,TC_000678,BOM_000725,ITEM_000714,HVAC,0.003,1.0,1.0,0.003,,,,0.1,0.0,0.04,0.0,False,0.003,True,0.0,False,0.1,False,0.0,False,0.04,False,0.0,0.0,0.1,0.14,False,local
745,746,PBS_GROUP_0024,TC_000679,BOM_000726,ITEM_000715,HVAC,0.359,1.0,1.0,0.359,,,,0.1,0.0,0.04,0.0,False,0.359,True,0.0,False,0.1,False,0.0,False,0.04,False,0.0,0.0,0.1,0.14,False,local
746,747,PBS_GROUP_0024,TC_000680,BOM_000727,ITEM_000716,HVAC,0.282,0.99,1.0,0.27918,,,,0.1,0.0,0.04,0.0,False,0.27918,True,0.0,False,0.1,False,0.0,False,0.04,False,0.0,0.0,0.1,0.14,False,local
747,748,PBS_GROUP_0024,TC_000681,BOM_000728,ITEM_000717,HVAC,0.54,1.0,1.0,0.54,,,,0.1,0.0,0.04,0.0,False,0.54,True,0.0,False,0.1,False,0.0,False,0.04,False,0.0,0.0,0.1,0.14,False,local
748,749,PBS_GROUP_0024,TC_000682,BOM_000729,ITEM_000718,HVAC,0.181,1.0,1.0,0.181,,,,0.1,0.0,0.04,0.0,False,0.181,True,0.0,False,0.1,False,0.0,False,0.04,False,0.0,0.0,0.1,0.14,False,local
749,750,PBS_GROUP_0024,TC_000683,BOM_000730,ITEM_000719,HVAC,0.036,1.0,1.0,0.036,,,,0.1,0.0,0.04,0.0,False,0.036,True,0.0,False,0.1,False,0.0,False,0.04,False,0.0,0.0,0.1,0.14,False,local
750,751,PBS_GROUP_0024,TC_000684,BOM_000731,ITEM_000720,HVAC,0.423,0.9309,1.0,0.3937707,,,,0.1,0.0,0.04,0.0,False,0.3937707,True,0.0,False,0.1,False,0.0,False,0.04,False,0.0,0.0,0.1,0.14,False,local
751,752,PBS_GROUP_0024,TC_000685,BOM_000732,ITEM_000721,HVAC,0.087,1.0,1.0,0.087,,,,0.1,0.0,0.04,0.0,False,0.087,True,0.0,False,0.1,False,0.0,False,0.04,False,0.0,0.0,0.1,0.14,False,local
752,753,PBS_GROUP_0024,TC_000686,BOM_000733,ITEM_000722,HVAC,0.653,1.0,1.0,0.653,,,,0.1,0.0,0.04,0.0,False,0.653,True,0.0,False,0.1,False,0.0,False,0.04,False,0.0,0.0,0.1,0.14,False,local
753,754,PBS_GROUP_0024,TC_000687,BOM_000734,ITEM_000723,HVAC,0.107,1.0,1.0,0.107,,,,0.1,0.0,0.04,0.0,False,0.107,True,0.0,False,0.1,False,0.0,False,0.04,False,0.0,0.0,0.1,0.14,False,local
754,755,PBS_GROUP_0024,TC_000688,BOM_000735,ITEM_000724,HVAC,0.11,1.0,1.0,0.11,,,,0.1,0.0,0.04,0.0,False,0.11,True,0.0,False,0.1,False,0.0,False,0.04,False,0.0,0.0,0.1,0.14,False,local
755,756,PBS_GROUP_0024,TC_000689,BOM_000736,ITEM_000725,HVAC,0.0,0.9862,1.0,0.0,,,,0.1,0.0,0.04,0.0,False,0.0,True,0.0,False,0.1,False,0.0,False,0.04,False,0.0,0.0,0.1,0.14,False,local
756,757,PBS_GROUP_0024,TC_000690,BOM_000737,ITEM_000726,HVAC,0.071,1.0,1.0,0.071,,,,0.1,0.0,0.04,0.0,False,0.071,True,0.0,False,0.1,False,0.0,False,0.04,False,0.0,0.0,0.1,0.14,False,local
757,758,PBS_GROUP_0024,TC_000691,BOM_000738,ITEM_000727,HVAC,0.0,1.0,1.0,0.0,,,,0.1,0.0,0.04,0.0,False,0.0,True,0.0,False,0.1,False,0.0,False,0.04,False,0.0,0.0,0.1,0.14,False,local
758,759,PBS_GROUP_0024,TC_000692,BOM_000739,ITEM_000728,HVAC,0.0,1.0,1.0,0.0,,,,0.1,0.0,0.04,0.0,False,0.0,True,0.0,False,0.1,False,0.0,False,0.04,False,0.0,0.0,0.1,0.14,False,local
759,760,PBS_GROUP_0024,TC_000693,BOM_000740,ITEM_000729,HVAC,0.017,1.0,1.0,0.017,,,,0.1,0.0,0.04,0.0,False,0.017,True,0.0,False,0.1,False,0.0,False,0.04,False,0.0,0.0,0.1,0.14,False,local
760,761,PBS_GROUP_0024,TC_000694,BOM_000741,ITEM_000730,HVAC,0.031,1.0,1.0,0.031,,,,0.1,0.0,0.04,0.0,False,0.031,True,0.0,False,0.1,False,0.0,False,0.04,False,0.0,0.0,0.1,0.14,False,local
761,762,PBS_GROUP_0024,TC_000695,BOM_000742,ITEM_000731,HVAC,0.0,1.0,1.0,0.0,,,,0.1,0.0,0.04,0.0,False,0.0,True,0.0,False,0.1,False,0.0,False,0.04,False,0.0,0.0,0.1,0.14,False,local
762,763,PBS_GROUP_0024,TC_000696,BOM_000743,ITEM_000732,HVAC,0.0,1.0,1.0,0.0,,,,0.1,0.0,0.04,0.0,False,0.0,True,0.0,False,0.1,False,0.0,False,0.04,False,0.0,0.0,0.1,0.14,False,local
763,764,PBS_GROUP_0024,TC_000697,BOM_000744,ITEM_000733,HVAC,0.065,1.0,1.0,0.065,,,,0.1,0.0,0.04,0.0,False,0.065,True,0.0,False,0.1,False,0.0,False,0.04,False,0.0,0.0,0.1,0.14,False,local
764,765,PBS_GROUP_0024,TC_000698,BOM_000745,ITEM_000734,HVAC,0.5,1.0,1.0,0.5,,,,0.1,0.0,0.04,0.0,False,0.5,True,0.0,False,0.1,False,0.0,False,0.04,False,0.0,0.0,0.1,0.14,False,local
765,766,PBS_GROUP_0024,TC_000699,BOM_000746,ITEM_000735,HVAC,0.543,1.0,1.0,0.543,,,,0.1,0.0,0.04,0.0,False,0.543,True,0.0,False,0.1,False,0.0,False,0.04,False,0.0,0.0,0.1,0.14,False,local
766,767,PBS_GROUP_0024,TC_000700,BOM_000747,ITEM_000736,HVAC,0.38,1.0,1.0,0.38,,,,0.1,0.0,0.04,0.0,False,0.38,True,0.0,False,0.1,False,0.0,False,0.04,False,0.0,0.0,0.1,0.14,False,local
767,768,PBS_GROUP_0024,TC_000701,BOM_000748,ITEM_000737,HVAC,0.52,1.0,1.0,0.52,,,,0.1,0.0,0.04,0.0,False,0.52,True,0.0,False,0.1,False,0.0,False,0.04,False,0.0,0.0,0.1,0.14,False,local
768,769,PBS_GROUP_0024,TC_000702,BOM_000749,ITEM_000738,HVAC,0.102,1.0,1.0,0.102,,,,0.1,0.0,0.04,0.0,False,0.102,True,0.0,False,0.1,False,0.0,False,0.04,False,0.0,0.0,0.1,0.14,False,local
769,770,PBS_GROUP_0024,TC_000703,BOM_000750,ITEM_000739,HVAC,0.002,1.0,1.0,0.002,,,,0.1,0.0,0.04,0.0,False,0.002,True,0.0,False,0.1,False,0.0,False,0.04,False,0.0,0.0,0.1,0.14,False,local
770,771,PBS_GROUP_0024,TC_000704,BOM_000751,ITEM_000740,HVAC,0.056,1.0,1.0,0.056,,,,0.1,0.0,0.04,0.0,False,0.056,True,0.0,False,0.1,False,0.0,False,0.04,False,0.0,0.0,0.1,0.14,False,local
771,772,PBS_GROUP_0024,TC_000705,BOM_000752,ITEM_000741,HVAC,0.001,1.0,1.0,0.001,,,,0.1,0.0,0.04,0.0,False,0.001,True,0.0,False,0.1,False,0.0,False,0.04,False,0.0,0.0,0.1,0.14,False,local
772,773,PBS_GROUP_0024,TC_000706,BOM_000753,ITEM_000742,HVAC,0.0,1.0,1.0,0.0,,,,0.1,0.0,0.04,0.0,False,0.0,True,0.0,False,0.1,False,0.0,False,0.04,False,0.0,0.0,0.1,0.14,False,local
773,774,PBS_GROUP_0024,TC_000707,BOM_000754,ITEM_000743,HVAC,0.105,1.0,1.0,0.105,,,,0.1,0.0,0.04,0.0,False,0.105,True,0.0,False,0.1,False,0.0,False,0.04,False,0.0,0.0,0.1,0.14,False,local
774,775,PBS_GROUP_0024,TC_000708,BOM_000755,ITEM_000744,HVAC,0.0,1.0,1.0,0.0,,,,0.1,0.0,0.04,0.0,False,0.0,True,0.0,False,0.1,False,0.0,False,0.04,False,0.0,0.0,0.1,0.14,False,local
775,776,PBS_GROUP_0024,TC_000709,BOM_000756,ITEM_000745,HVAC,0.064,1.0,1.0,0.064,,,,0.1,0.0,0.04,0.0,False,0.064,True,0.0,False,0.1,False,0.0,False,0.04,False,0.0,0.0,0.1,0.14,False,local
776,777,PBS_GROUP_0024,TC_000710,BOM_000757,ITEM_000746,HVAC,0.0,0.9763,1.0,0.0,,,,0.1,0.0,0.04,0.0,False,0.0,True,0.0,False,0.1,False,0.0,False,0.04,False,0.0,0.0,0.1,0.14,False,local
777,778,PBS_GROUP_0024,TC_000711,BOM_000758,ITEM_000747,HVAC,0.035,1.0,1.0,0.035,,,,0.1,0.0,0.04,0.0,False,0.035,True,0.0,False,0.1,False,0.0,False,0.04,False,0.0,0.0,0.1,0.14,False,local
778,779,PBS_GROUP_0024,TC_000712,BOM_000759,ITEM_000748,HVAC,0.051,0.998,1.0,0.050898,,,,0.1,0.0,0.04,0.0,False,0.050898,True,0.0,False,0.1,False,0.0,False,0.04,False,0.0,0.0,0.1,0.14,False,local
779,780,PBS_GROUP_0024,TC_000713,BOM_000760,ITEM_000749,HVAC,0.021,1.0,1.0,0.021,,,,0.1,0.0,0.04,0.0,False,0.021,True,0.0,False,0.1,False,0.0,False,0.04,False,0.0,0.0,0.1,0.14,False,local
780,781,PBS_GROUP_0024,TC_000714,BOM_000761,ITEM_000750,HVAC,0.0,1.0,1.0,0.0,,,,0.1,0.0,0.04,0.0,False,0.0,True,0.0,False,0.1,False,0.0,False,0.04,False,0.0,0.0,0.1,0.14,False,local
781,782,PBS_GROUP_0025,TC_000715,BOM_000762,ITEM_000751,HVAC,0.098,1.0,1.0,0.098,1.0,1.0,0.098,0.1,0.0,0.04,0.0,False,0.098,False,0.098,False,0.1,False,0.0,False,0.04,False,0.0,0.0,0.1,0.14,False,local
782,783,PBS_GROUP_0025,TC_000716,BOM_000763,ITEM_000751,HVAC,0.27,1.0,1.0,0.27,1.0,1.0,0.27,0.1,0.0,0.04,0.0,False,0.27,False,0.27,False,0.1,False,0.0,False,0.04,False,0.0,0.0,0.1,0.14,False,local
783,784,PBS_GROUP_0023,TC_000717,BOM_000764,ITEM_000752,HVAC,0.2,1.0,1.0,0.2,,,,0.1,0.0,0.04,0.0,False,0.2,True,0.0,False,0.1,False,0.0,False,0.04,False,0.0,0.0,0.1,0.14,False,local
784,785,PBS_GROUP_0023,TC_000718,BOM_000765,ITEM_000753,HVAC,0.196,1.0,1.0,0.196,,,,0.1,0.0,0.04,0.0,False,0.196,True,0.0,False,0.1,False,0.0,False,0.04,False,0.0,0.0,0.1,0.14,False,local
785,786,PBS_GROUP_0023,TC_000719,BOM_000766,ITEM_000754,HVAC,0.0,1.0,1.0,0.0,,,,0.1,0.0,0.04,0.0,False,0.0,True,0.0,False,0.1,False,0.0,False,0.04,False,0.0,0.0,0.1,0.14,False,local
786,787,PBS_GROUP_0024,TC_000720,BOM_000767,ITEM_000755,HVAC,0.647,1.0,1.0,0.647,,,,0.1,0.0,0.04,0.0,False,0.647,True,0.0,False,0.1,False,0.0,False,0.04,False,0.0,0.0,0.1,0.14,False,local
787,788,PBS_GROUP_0024,TC_000721,BOM_000768,ITEM_000756,HVAC,0.592,1.0,1.0,0.592,,,,0.1,0.0,0.04,0.0,False,0.592,True,0.0,False,0.1,False,0.0,False,0.04,False,0.0,0.0,0.1,0.14,False,local
788,789,PBS_GROUP_0024,TC_000722,BOM_000769,ITEM_000757,HVAC,0.0,1.0,1.0,0.0,,,,0.1,0.0,0.04,0.0,False,0.0,True,0.0,False,0.1,False,0.0,False,0.04,False,0.0,0.0,0.1,0.14,False,local
789,790,PBS_GROUP_0024,TC_000723,BOM_000770,ITEM_000758,HVAC,0.0,1.0,1.0,0.0,,,,0.1,0.0,0.04,0.0,False,0.0,True,0.0,False,0.1,False,0.0,False,0.04,False,0.0,0.0,0.1,0.14,False,local
790,791,PBS_GROUP_0024,TC_000724,BOM_000771,ITEM_000759,HVAC,0.102,1.0,1.0,0.102,,,,0.1,0.0,0.04,0.0,False,0.102,True,0.0,False,0.1,False,0.0,False,0.04,False,0.0,0.0,0.1,0.14,False,local
791,792,PBS_GROUP_0024,TC_000725,BOM_000772,ITEM_000760,HVAC,0.036,1.0,1.0,0.036,,,,0.1,0.0,0.04,0.0,False,0.036,True,0.0,False,0.1,False,0.0,False,0.04,False,0.0,0.0,0.1,0.14,False,local
792,793,PBS_GROUP_0024,TC_000726,BOM_000773,ITEM_000761,HVAC,0.141,1.0,1.0,0.141,,,,0.1,0.0,0.04,0.0,False,0.141,True,0.0,False,0.1,False,0.0,False,0.04,False,0.0,0.0,0.1,0.14,False,local
793,794,PBS_GROUP_0024,TC_000727,BOM_000774,ITEM_000762,HVAC,0.0,1.0,1.0,0.0,,,,0.1,0.0,0.04,0.0,False,0.0,True,0.0,False,0.1,False,0.0,False,0.04,False,0.0,0.0,0.1,0.14,False,local
794,795,PBS_GROUP_SMALL,TC_000728,BOM_000775,ITEM_000763,HVAC,0.106,1.0,1.0,0.106,1.0,1.0,0.106,0.1,0.15,0.1,0.0,False,0.106,False,0.106,False,0.1,False,0.15,False,0.1,False,0.0,0.15,0.25,0.35,False,local
795,796,PBS_GROUP_SMALL,TC_000729,BOM_000776,ITEM_000764,HVAC,0.0,1.0,1.0,0.0,1.0,1.0,0.0,0.1,0.15,0.1,0.0,False,0.0,False,0.0,False,0.1,False,0.15,False,0.1,False,0.0,0.15,0.25,0.35,False,local
796,797,PBS_GROUP_SMALL,TC_000730,BOM_000777,ITEM_000765,HVAC,0.0,1.0,1.0,0.0,1.0,1.0,0.0,0.1,0.15,0.1,0.0,False,0.0,False,0.0,False,0.1,False,0.15,False,0.1,False,0.0,0.15,0.25,0.35,False,local
797,798,PBS_GROUP_SMALL,TC_000731,BOM_000778,ITEM_000766,HVAC,0.0,1.0,1.0,0.0,0.9778,1.0,0.0,0.1,0.15,0.1,0.0,False,0.0,False,0.0,False,0.1,False,0.15,False,0.1,False,0.0,0.15,0.25,0.35,False,local
798,799,PBS_GROUP_SMALL,TC_000732,BOM_000779,ITEM_000767,HVAC,0.072,1.0,1.0,0.072,0.0,1.0,0.0,0.1,0.15,0.1,0.0,False,0.072,False,0.0,False,0.1,False,0.15,False,0.1,False,0.0,0.15,0.25,0.35,False,local
799,800,PBS_GROUP_SMALL,TC_000733,BOM_000780,ITEM_000768,HVAC,0.482,1.0,1.0,0.482,1.0,1.0,0.482,0.1,0.15,0.1,0.0,False,0.482,False,0.482,False,0.1,False,0.15,False,0.1,False,0.0,0.15,0.25,0.35,False,local
800,801,PBS_GROUP_SMALL,TC_000734,BOM_000781,ITEM_000769,HVAC,0.251,1.0,1.0,0.251,1.0,1.0,0.251,0.1,0.15,0.1,0.0,False,0.251,False,0.251,False,0.1,False,0.15,False,0.1,False,0.0,0.15,0.25,0.35,False,local
801,802,PBS_GROUP_SMALL,TC_000735,BOM_000782,ITEM_000770,HVAC,0.216,1.0,1.0,0.216,1.0,1.0,0.216,0.1,0.15,0.1,0.0,False,0.216,False,0.216,False,0.1,False,0.15,False,0.1,False,0.0,0.15,0.25,0.35,False,local
802,803,PBS_GROUP_SMALL,TC_000736,BOM_000783,ITEM_000771,HVAC,0.341,1.0,1.0,0.341,1.0,1.0,0.341,0.1,0.15,0.1,0.0,False,0.341,False,0.341,False,0.1,False,0.15,False,0.1,False,0.0,0.15,0.25,0.35,False,local
803,804,PBS_GROUP_SMALL,TC_000737,BOM_000784,ITEM_000772,HVAC,0.0,0.9774,1.0,0.0,,,,0.1,0.15,0.1,0.0,False,0.0,True,0.0,False,0.1,False,0.15,False,0.1,False,0.0,0.15,0.25,0.35,False,local
804,805,PBS_GROUP_SMALL,TC_000738,BOM_000785,ITEM_000773,HVAC,0.081,1.0,1.0,0.081,,,,0.1,0.15,0.1,0.0,False,0.081,True,0.0,False,0.1,False,0.15,False,0.1,False,0.0,0.15,0.25,0.35,False,local
805,806,PBS_GROUP_SMALL,TC_000739,BOM_000786,ITEM_000774,HVAC,0.0,1.0,1.0,0.0,1.0,1.0,0.0,0.1,0.15,0.1,0.0,False,0.0,False,0.0,False,0.1,False,0.15,False,0.1,False,0.0,0.15,0.25,0.35,False,local
806,807,PBS_GROUP_SMALL,TC_000740,BOM_000787,ITEM_000775,HVAC,0.0,0.0,1.0,0.0,,,,0.1,0.0,0.04,0.0,False,0.0,True,0.0,False,0.1,False,0.0,False,0.04,False,0.0,0.0,0.1,0.14,False,local
807,808,PBS_GROUP_SMALL,TC_000741,BOM_000788,ITEM_000776,HVAC,0.004,1.0,1.0,0.004,,,,0.1,0.0,0.04,0.0,False,0.004,True,0.0,False,0.1,False,0.0,False,0.04,False,0.0,0.0,0.1,0.14,False,local
808,809,PBS_GROUP_SMALL,TC_000742,BOM_000789,ITEM_000777,HVAC,0.338,1.0,1.0,0.338,1.0,1.0,0.338,0.1,0.15,0.1,0.0,False,0.338,False,0.338,False,0.1,False,0.15,False,0.1,False,0.0,0.15,0.25,0.35,False,local
809,810,PBS_GROUP_0026,TC_000743,BOM_000790,ITEM_000778,HVAC,0.22,1.0,1.0,0.22,,,,0.1,0.0,0.04,0.0,False,0.22,True,0.0,False,0.1,False,0.0,False,0.04,False,0.0,0.0,0.1,0.14,False,local
810,811,PBS_GROUP_0026,TC_000744,BOM_000791,ITEM_000779,HVAC,0.024,1.0,1.0,0.024,,,,0.1,0.0,0.04,0.0,False,0.024,True,0.0,False,0.1,False,0.0,False,0.04,False,0.0,0.0,0.1,0.14,False,local
811,812,PBS_GROUP_0026,TC_000745,BOM_000792,ITEM_000780,HVAC,0.0,1.0,1.0,0.0,,,,0.1,0.0,0.04,0.0,False,0.0,True,0.0,False,0.1,False,0.0,False,0.04,False,0.0,0.0,0.1,0.14,False,local
812,813,PBS_GROUP_0026,TC_000746,BOM_000793,ITEM_000781,HVAC,0.249,1.0,1.0,0.249,,,,0.1,0.0,0.04,0.0,False,0.249,True,0.0,False,0.1,False,0.0,False,0.04,False,0.0,0.0,0.1,0.14,False,local
813,814,PBS_GROUP_0026,TC_000747,BOM_000794,ITEM_000782,HVAC,0.0,1.0,1.0,0.0,,,,0.1,0.0,0.04,0.0,False,0.0,True,0.0,False,0.1,False,0.0,False,0.04,False,0.0,0.0,0.1,0.14,False,local
814,815,PBS_GROUP_0026,TC_000748,BOM_000795,ITEM_000783,HVAC,0.045,1.0,1.0,0.045,,,,0.1,0.0,0.04,0.0,False,0.045,True,0.0,False,0.1,False,0.0,False,0.04,False,0.0,0.0,0.1,0.14,False,local
815,816,PBS_GROUP_0026,TC_000749,BOM_000796,ITEM_000784,HVAC,0.107,1.0,1.0,0.107,,,,0.1,0.0,0.04,0.0,False,0.107,True,0.0,False,0.1,False,0.0,False,0.04,False,0.0,0.0,0.1,0.14,False,local
816,817,PBS_GROUP_0026,TC_000750,BOM_000797,ITEM_000785,HVAC,0.072,1.0,1.0,0.072,,,,0.1,0.0,0.04,0.0,False,0.072,True,0.0,False,0.1,False,0.0,False,0.04,False,0.0,0.0,0.1,0.14,False,local
817,818,PBS_GROUP_SMALL,TC_000751,BOM_000798,ITEM_000786,HVAC,0.0,1.0,1.0,0.0,,,,0.1,0.0,0.04,0.0,False,0.0,True,0.0,False,0.1,False,0.0,False,0.04,False,0.0,0.0,0.1,0.14,False,local
818,819,PBS_GROUP_0023,TC_000752,BOM_000799,ITEM_000787,HVAC,0.504,1.0,1.0,0.504,,,,0.1,0.0,0.04,0.0,False,0.504,True,0.0,False,0.1,False,0.0,False,0.04,False,0.0,0.0,0.1,0.14,False,local
819,820,PBS_GROUP_SMALL,TC_000753,BOM_000800,ITEM_000788,HVAC,18.152,1.0,1.0,18.152,,,,0.1,0.0,0.08,0.0,False,18.152,True,0.0,False,0.1,False,0.0,False,0.08,False,0.0,0.0,0.1,0.18,False,local
819,820,PBS_GROUP_SMALL,TC_000753,BOM_000800,ITEM_000788,CW,157.039,0.7701,1.0,120.93573389999999,0.4751,1.0,74.60922889999999,0.1,0.0,0.08,0.0,False,120.93573389999999,False,74.60922889999999,False,0.1,False,0.0,False,0.08,False,0.0,0.0,0.1,0.18,False,local
820,821,PBS_GROUP_SMALL,TC_000754,BOM_000801,ITEM_000789,HVAC,16.566,1.0,1.0,16.566,,,,0.1,0.0,0.08,0.0,False,16.566,True,0.0,False,0.1,False,0.0,False,0.08,False,0.0,0.0,0.1,0.18,False,local
820,821,PBS_GROUP_SMALL,TC_000754,BOM_000801,ITEM_000789,CW,162.965,0.9781,1.0,159.3960665,0.9433,0.0,0.0,0.1,0.0,0.08,0.0,False,159.3960665,False,0.0,False,0.1,False,0.0,False,0.08,False,0.0,0.0,0.1,0.18,False,local
821,822,PBS_GROUP_SMALL,TC_000755,BOM_000802,ITEM_000790,HVAC,0.0,1.0,1.0,0.0,1.0,1.0,0.0,0.1,0.0,0.04,0.0,False,0.0,False,0.0,False,0.1,False,0.0,False,0.04,False,0.0,0.0,0.1,0.14,False,local
822,823,PBS_GROUP_SMALL,TC_000756,BOM_000803,ITEM_000791,HVAC,0.158,1.0,1.0,0.158,1.0,1.0,0.158,0.1,0.0,0.04,0.0,False,0.158,False,0.158,False,0.1,False,0.0,False,0.04,False,0.0,0.0,0.1,0.14,False,local
823,824,PBS_GROUP_0027,TC_000757,BOM_000804,ITEM_000792,HVAC,23.94,1.0,1.0,23.94,,,,0.1,0.0,0.04,0.0,False,23.94,True,0.0,False,0.1,False,0.0,False,0.04,False,0.0,0.0,0.1,0.14,False,local
824,825,PBS_GROUP_SMALL,TC_000758,BOM_000805,ITEM_000793,HVAC,0.045,1.0,1.0,0.045,1.0,1.0,0.045,0.1,0.0,0.04,0.0,False,0.045,False,0.045,False,0.1,False,0.0,False,0.04,False,0.0,0.0,0.1,0.14,False,local
825,826,PBS_GROUP_0028,TC_000759,BOM_000806,ITEM_000794,HVAC,0.126,1.0,1.0,0.126,,,,0.1,0.0,0.04,0.0,False,0.126,True,0.0,False,0.1,False,0.0,False,0.04,False,0.0,0.0,0.1,0.14,False,local
826,827,PBS_GROUP_0028,TC_000760,BOM_000807,ITEM_000795,HVAC,0.233,1.0,1.0,0.233,,,,0.1,0.0,0.04,0.0,False,0.233,True,0.0,False,0.1,False,0.0,False,0.04,False,0.0,0.0,0.1,0.14,False,local
827,828,PBS_GROUP_0028,TC_000761,BOM_000808,ITEM_000796,HVAC,0.354,1.0,1.0,0.354,,,,0.1,0.0,0.04,0.0,False,0.354,True,0.0,False,0.1,False,0.0,False,0.04,False,0.0,0.0,0.1,0.14,False,local
828,829,PBS_GROUP_0028,TC_000762,BOM_000809,ITEM_000797,HVAC,0.0,1.0,0.0194,0.0,,,,0.1,0.0,0.04,0.0,False,0.0,True,0.0,False,0.1,False,0.0,False,0.04,False,0.0,0.0,0.1,0.14,False,local
829,830,PBS_GROUP_0028,TC_000763,BOM_000810,ITEM_000798,HVAC,0.0,1.0,1.0,0.0,,,,0.1,0.0,0.04,0.0,False,0.0,True,0.0,False,0.1,False,0.0,False,0.04,False,0.0,0.0,0.1,0.14,False,local
830,831,PBS_GROUP_0028,TC_000764,BOM_000811,ITEM_000799,HVAC,0.057,1.0,1.0,0.057,,,,0.1,0.0,0.04,0.0,False,0.057,True,0.0,False,0.1,False,0.0,False,0.04,False,0.0,0.0,0.1,0.14,False,local
831,832,PBS_GROUP_0028,TC_000765,BOM_000812,ITEM_000800,HVAC,0.0,1.0,1.0,0.0,,,,0.1,0.0,0.04,0.0,False,0.0,True,0.0,False,0.1,False,0.0,False,0.04,False,0.0,0.0,0.1,0.14,False,local
832,833,PBS_GROUP_0028,TC_000766,BOM_000813,ITEM_000801,HVAC,0.045,1.0,1.0,0.045,,,,0.1,0.0,0.04,0.0,False,0.045,True,0.0,False,0.1,False,0.0,False,0.04,False,0.0,0.0,0.1,0.14,False,local
833,834,PBS_GROUP_0028,TC_000767,BOM_000814,ITEM_000802,HVAC,0.086,1.0,1.0,0.086,,,,0.1,0.0,0.04,0.0,False,0.086,True,0.0,False,0.1,False,0.0,False,0.04,False,0.0,0.0,0.1,0.14,False,local
834,835,PBS_GROUP_0028,TC_000768,BOM_000815,ITEM_000803,HVAC,0.584,0.9924,1.0,0.5795615999999999,,,,0.1,0.0,0.04,0.0,False,0.5795615999999999,True,0.0,False,0.1,False,0.0,False,0.04,False,0.0,0.0,0.1,0.14,False,local
835,836,PBS_GROUP_0023,TC_000769,BOM_000816,ITEM_000804,HVAC,0.4,1.0,1.0,0.4,,,,0.1,0.0,0.04,0.0,False,0.4,True,0.0,False,0.1,False,0.0,False,0.04,False,0.0,0.0,0.1,0.14,False,local
836,837,PBS_GROUP_0023,TC_000770,BOM_000817,ITEM_000805,HVAC,0.499,1.0,1.0,0.499,,,,0.1,0.0,0.04,0.0,False,0.499,True,0.0,False,0.1,False,0.0,False,0.04,False,0.0,0.0,0.1,0.14,False,local
837,838,PBS_GROUP_0023,TC_000771,BOM_000818,ITEM_000806,HVAC,0.017,1.0,1.0,0.017,,,,0.1,0.0,0.04,0.0,False,0.017,True,0.0,False,0.1,False,0.0,False,0.04,False,0.0,0.0,0.1,0.14,False,local
838,839,PBS_GROUP_0023,TC_000772,BOM_000819,ITEM_000807,HVAC,0.175,1.0,1.0,0.175,,,,0.1,0.0,0.04,0.0,False,0.175,True,0.0,False,0.1,False,0.0,False,0.04,False,0.0,0.0,0.1,0.14,False,local
839,840,PBS_GROUP_0023,TC_000773,BOM_000820,ITEM_000808,HVAC,0.0,1.0,1.0,0.0,,,,0.1,0.0,0.04,0.0,False,0.0,True,0.0,False,0.1,False,0.0,False,0.04,False,0.0,0.0,0.1,0.14,False,local
840,841,PBS_GROUP_0023,TC_000774,BOM_000821,ITEM_000809,HVAC,0.394,0.9637,1.0,0.37969780000000003,,,,0.1,0.0,0.04,0.0,False,0.37969780000000003,True,0.0,False,0.1,False,0.0,False,0.04,False,0.0,0.0,0.1,0.14,False,local
841,842,PBS_GROUP_0023,TC_000775,BOM_000822,ITEM_000810,HVAC,0.493,1.0,1.0,0.493,,,,0.1,0.0,0.04,0.0,False,0.493,True,0.0,False,0.1,False,0.0,False,0.04,False,0.0,0.0,0.1,0.14,False,local
842,843,PBS_GROUP_0023,TC_000776,BOM_000823,ITEM_000811,HVAC,0.336,1.0,1.0,0.336,,,,0.1,0.0,0.04,0.0,False,0.336,True,0.0,False,0.1,False,0.0,False,0.04,False,0.0,0.0,0.1,0.14,False,local
843,844,PBS_GROUP_0023,TC_000777,BOM_000824,ITEM_000812,HVAC,0.039,1.0,1.0,0.039,,,,0.1,0.0,0.04,0.0,False,0.039,True,0.0,False,0.1,False,0.0,False,0.04,False,0.0,0.0,0.1,0.14,False,local
844,845,PBS_GROUP_0023,TC_000778,BOM_000825,ITEM_000813,HVAC,0.169,1.0,1.0,0.169,,,,0.1,0.0,0.04,0.0,False,0.169,True,0.0,False,0.1,False,0.0,False,0.04,False,0.0,0.0,0.1,0.14,False,local
845,846,PBS_GROUP_0023,TC_000779,BOM_000826,ITEM_000814,HVAC,0.11,1.0,1.0,0.11,,,,0.1,0.0,0.04,0.0,False,0.11,True,0.0,False,0.1,False,0.0,False,0.04,False,0.0,0.0,0.1,0.14,False,local
846,847,PBS_GROUP_0023,TC_000780,BOM_000827,ITEM_000815,HVAC,0.134,1.0,1.0,0.134,,,,0.1,0.0,0.04,0.0,False,0.134,True,0.0,False,0.1,False,0.0,False,0.04,False,0.0,0.0,0.1,0.14,False,local
847,848,PBS_GROUP_0023,TC_000781,BOM_000828,ITEM_000816,HVAC,4.075,1.0,1.0,4.075,,,,0.1,0.0,0.04,0.0,False,4.075,True,0.0,False,0.1,False,0.0,False,0.04,False,0.0,0.0,0.1,0.14,False,local
848,849,PBS_GROUP_0023,TC_000782,BOM_000829,ITEM_000817,HVAC,3.928,1.0,1.0,3.928,,,,0.1,0.0,0.04,0.0,False,3.928,True,0.0,False,0.1,False,0.0,False,0.04,False,0.0,0.0,0.1,0.14,False,local
849,850,PBS_GROUP_SMALL,TC_000783,BOM_000830,ITEM_000818,HVAC,0.176,1.0,1.0,0.176,1.0,1.0,0.176,0.1,0.15,0.1,0.0,False,0.176,False,0.176,False,0.1,False,0.15,False,0.1,False,0.0,0.15,0.25,0.35,False,local
850,851,PBS_GROUP_0028,TC_000784,BOM_000831,ITEM_000819,HVAC,0.005,1.0,1.0,0.005,,,,0.1,0.0,0.04,0.0,False,0.005,True,0.0,False,0.1,False,0.0,False,0.04,False,0.0,0.0,0.1,0.14,False,local
851,852,PBS_GROUP_0028,TC_000785,BOM_000832,ITEM_000820,HVAC,0.0,1.0,1.0,0.0,,,,0.1,0.0,0.04,0.0,False,0.0,True,0.0,False,0.1,False,0.0,False,0.04,False,0.0,0.0,0.1,0.14,False,local
852,853,PBS_GROUP_0028,TC_000786,BOM_000833,ITEM_000821,HVAC,0.129,1.0,1.0,0.129,,,,0.1,0.0,0.04,0.0,False,0.129,True,0.0,False,0.1,False,0.0,False,0.04,False,0.0,0.0,0.1,0.14,False,local
853,854,PBS_GROUP_0028,TC_000787,BOM_000834,ITEM_000822,HVAC,0.478,1.0,0.9556,0.4567768,,,,0.1,0.0,0.04,0.0,False,0.4567768,True,0.0,False,0.1,False,0.0,False,0.04,False,0.0,0.0,0.1,0.14,False,local
854,855,PBS_GROUP_0028,TC_000788,BOM_000835,ITEM_000823,HVAC,0.003,1.0,1.0,0.003,,,,0.1,0.0,0.04,0.0,False,0.003,True,0.0,False,0.1,False,0.0,False,0.04,False,0.0,0.0,0.1,0.14,False,local
855,856,PBS_GROUP_0028,TC_000789,BOM_000836,ITEM_000824,HVAC,0.051,1.0,1.0,0.051,,,,0.1,0.0,0.04,0.0,False,0.051,True,0.0,False,0.1,False,0.0,False,0.04,False,0.0,0.0,0.1,0.14,False,local
856,857,PBS_GROUP_0028,TC_000790,BOM_000837,ITEM_000825,HVAC,0.643,1.0,1.0,0.643,,,,0.1,0.0,0.04,0.0,False,0.643,True,0.0,False,0.1,False,0.0,False,0.04,False,0.0,0.0,0.1,0.14,False,local
857,858,PBS_GROUP_0028,TC_000791,BOM_000838,ITEM_000826,HVAC,0.0,1.0,1.0,0.0,,,,0.1,0.0,0.04,0.0,False,0.0,True,0.0,False,0.1,False,0.0,False,0.04,False,0.0,0.0,0.1,0.14,False,local
858,859,PBS_GROUP_0028,TC_000792,BOM_000839,ITEM_000827,HVAC,0.036,1.0,1.0,0.036,,,,0.1,0.0,0.04,0.0,False,0.036,True,0.0,False,0.1,False,0.0,False,0.04,False,0.0,0.0,0.1,0.14,False,local
859,860,PBS_GROUP_0028,TC_000793,BOM_000840,ITEM_000828,HVAC,0.059,1.0,1.0,0.059,,,,0.1,0.0,0.04,0.0,False,0.059,True,0.0,False,0.1,False,0.0,False,0.04,False,0.0,0.0,0.1,0.14,False,local
860,861,PBS_GROUP_0028,TC_000794,BOM_000841,ITEM_000829,HVAC,0.043,1.0,1.0,0.043,,,,0.1,0.0,0.04,0.0,False,0.043,True,0.0,False,0.1,False,0.0,False,0.04,False,0.0,0.0,0.1,0.14,False,local
861,862,PBS_GROUP_0028,TC_000795,BOM_000842,ITEM_000830,HVAC,0.0,1.0,1.0,0.0,,,,0.1,0.0,0.04,0.0,False,0.0,True,0.0,False,0.1,False,0.0,False,0.04,False,0.0,0.0,0.1,0.14,False,local
862,863,PBS_GROUP_0028,TC_000796,BOM_000843,ITEM_000831,HVAC,0.122,0.979,1.0,0.11943799999999999,,,,0.1,0.0,0.04,0.0,False,0.11943799999999999,True,0.0,False,0.1,False,0.0,False,0.04,False,0.0,0.0,0.1,0.14,False,local
863,864,PBS_GROUP_0028,TC_000797,BOM_000844,ITEM_000832,HVAC,0.076,0.7506,1.0,0.0570456,,,,0.1,0.0,0.04,0.0,False,0.0570456,True,0.0,False,0.1,False,0.0,False,0.04,False,0.0,0.0,0.1,0.14,False,local
864,865,PBS_GROUP_0028,TC_000798,BOM_000845,ITEM_000833,HVAC,0.051,1.0,1.0,0.051,,,,0.1,0.0,0.04,0.0,False,0.051,True,0.0,False,0.1,False,0.0,False,0.04,False,0.0,0.0,0.1,0.14,False,local
865,866,PBS_GROUP_0028,TC_000799,BOM_000846,ITEM_000834,HVAC,0.07,1.0,1.0,0.07,,,,0.1,0.0,0.04,0.0,False,0.07,True,0.0,False,0.1,False,0.0,False,0.04,False,0.0,0.0,0.1,0.14,False,local
866,867,PBS_GROUP_0028,TC_000800,BOM_000847,ITEM_000834,HVAC,0.034,1.0,1.0,0.034,,,,0.1,0.0,0.04,0.0,False,0.034,True,0.0,False,0.1,False,0.0,False,0.04,False,0.0,0.0,0.1,0.14,False,local
867,868,PBS_GROUP_0028,TC_000801,BOM_000848,ITEM_000835,HVAC,0.126,1.0,1.0,0.126,,,,0.1,0.0,0.04,0.0,False,0.126,True,0.0,False,0.1,False,0.0,False,0.04,False,0.0,0.0,0.1,0.14,False,local
868,869,PBS_GROUP_0028,TC_000802,BOM_000849,ITEM_000835,HVAC,0.0,1.0,1.0,0.0,,,,0.1,0.0,0.04,0.0,False,0.0,True,0.0,False,0.1,False,0.0,False,0.04,False,0.0,0.0,0.1,0.14,False,local
869,870,PBS_GROUP_SMALL,TC_000803,BOM_000850,ITEM_000836,HVAC,0.045,0.777,1.0,0.034965,1.0,1.0,0.045,0.1,0.15,0.1,0.0,False,0.034965,False,0.045,False,0.1,False,0.15,False,0.1,False,0.0,0.15,0.25,0.35,False,local
870,871,PBS_GROUP_SMALL,TC_000804,BOM_000851,ITEM_000837,HVAC,0.04,1.0,1.0,0.04,1.0,1.0,0.04,0.1,0.15,0.1,0.0,False,0.04,False,0.04,False,0.1,False,0.15,False,0.1,False,0.0,0.15,0.25,0.35,False,local
871,872,PBS_GROUP_0024,TC_000805,BOM_000852,ITEM_000838,HVAC,0.021,0.9445,1.0,0.0198345,,,,0.1,0.0,0.04,0.0,False,0.0198345,True,0.0,False,0.1,False,0.0,False,0.04,False,0.0,0.0,0.1,0.14,False,local
872,873,PBS_GROUP_SMALL,TC_000806,BOM_000853,ITEM_000839,HVAC,0.057,1.0,1.0,0.057,1.0,1.0,0.057,0.1,0.15,0.1,0.0,False,0.057,False,0.057,False,0.1,False,0.15,False,0.1,False,0.0,0.15,0.25,0.35,False,local
873,874,PBS_GROUP_SMALL,TC_000807,BOM_000854,ITEM_000840,HVAC,0.183,1.0,1.0,0.183,1.0,1.0,0.183,0.1,0.15,0.1,0.0,False,0.183,False,0.183,False,0.1,False,0.15,False,0.1,False,0.0,0.15,0.25,0.35,False,local
874,875,PBS_GROUP_0029,TC_000808,BOM_000855,ITEM_000841,HVAC,0.46,1.0,1.0,0.46,1.0,1.0,0.46,0.1,0.15,0.1,0.0,False,0.46,False,0.46,False,0.1,False,0.15,False,0.1,False,0.0,0.15,0.25,0.35,False,local
874,875,PBS_GROUP_0029,TC_000808,BOM_000855,ITEM_000841,CW,0.934,0.6807,1.0,0.6357738000000001,0.0527,0.0242,0.0011911675599999999,0.1,0.15,0.1,0.0,False,0.6357738000000001,False,0.0011911675599999999,False,0.1,False,0.15,False,0.1,False,0.0,0.15,0.25,0.35,False,local
875,876,PBS_GROUP_0029,TC_000809,BOM_000856,ITEM_000842,HVAC,0.284,1.0,1.0,0.284,1.0,1.0,0.284,0.1,0.15,0.1,0.0,False,0.284,False,0.284,False,0.1,False,0.15,False,0.1,False,0.0,0.15,0.25,0.35,False,local
875,876,PBS_GROUP_0029,TC_000809,BOM_000856,ITEM_000842,CW,0.916,1.0,1.0,0.916,1.0,1.0,0.916,0.1,0.15,0.1,0.0,False,0.916,False,0.916,False,0.1,False,0.15,False,0.1,False,0.0,0.15,0.25,0.35,False,local
876,877,PBS_GROUP_0029,TC_000810,BOM_000857,ITEM_000843,HVAC,0.226,1.0,1.0,0.226,1.0,1.0,0.226,0.1,0.15,0.1,0.0,False,0.226,False,0.226,False,0.1,False,0.15,False,0.1,False,0.0,0.15,0.25,0.35,False,local
876,877,PBS_GROUP_0029,TC_000810,BOM_000857,ITEM_000843,CW,1.017,1.0,1.0,1.017,1.0,1.0,1.017,0.1,0.15,0.1,0.0,False,1.017,False,1.017,False,0.1,False,0.15,False,0.1,False,0.0,0.15,0.25,0.35,False,local
877,878,PBS_GROUP_0029,TC_000811,BOM_000858,ITEM_000844,HVAC,0.36,1.0,1.0,0.36,1.0,0.0,0.0,0.1,0.15,0.1,0.0,False,0.36,False,0.0,False,0.1,False,0.15,False,0.1,False,0.0,0.15,0.25,0.35,False,local
877,878,PBS_GROUP_0029,TC_000811,BOM_000858,ITEM_000844,CW,0.978,1.0,1.0,0.978,0.309,1.0,0.30220199999999997,0.1,0.15,0.1,0.0,False,0.978,False,0.30220199999999997,False,0.1,False,0.15,False,0.1,False,0.0,0.15,0.25,0.35,False,local
878,879,PBS_GROUP_0029,TC_000812,BOM_000859,ITEM_000845,HVAC,0.342,1.0,1.0,0.342,1.0,1.0,0.342,0.1,0.15,0.1,0.0,False,0.342,False,0.342,False,0.1,False,0.15,False,0.1,False,0.0,0.15,0.25,0.35,False,local
878,879,PBS_GROUP_0029,TC_000812,BOM_000859,ITEM_000845,CW,1.053,0.4293,1.0,0.4520529,0.9714,0.0,0.0,0.1,0.15,0.1,0.0,False,0.4520529,False,0.0,False,0.1,False,0.15,False,0.1,False,0.0,0.15,0.25,0.35,False,local
879,880,PBS_GROUP_0029,TC_000813,BOM_000860,ITEM_000846,HVAC,0.158,1.0,1.0,0.158,1.0,1.0,0.158,0.1,0.15,0.1,0.0,False,0.158,False,0.158,False,0.1,False,0.15,False,0.1,False,0.0,0.15,0.25,0.35,False,local
879,880,PBS_GROUP_0029,TC_000813,BOM_000860,ITEM_000846,CW,1.0,0.9436,1.0,0.9436,1.0,1.0,1.0,0.1,0.15,0.1,0.0,False,0.9436,False,1.0,False,0.1,False,0.15,False,0.1,False,0.0,0.15,0.25,0.35,False,local
880,881,PBS_GROUP_0029,TC_000814,BOM_000861,ITEM_000847,HVAC,0.372,1.0,1.0,0.372,1.0,1.0,0.372,0.1,0.15,0.1,0.0,False,0.372,False,0.372,False,0.1,False,0.15,False,0.1,False,0.0,0.15,0.25,0.35,False,local
880,881,PBS_GROUP_0029,TC_000814,BOM_000861,ITEM_000847,CW,1.002,1.0,1.0,1.002,0.057,0.9856,0.056291558400000004,0.1,0.15,0.1,0.0,False,1.002,False,0.056291558400000004,False,0.1,False,0.15,False,0.1,False,0.0,0.15,0.25,0.35,False,local
881,882,PBS_GROUP_0029,TC_000815,BOM_000862,ITEM_000848,HVAC,0.36,1.0,1.0,0.36,1.0,1.0,0.36,0.1,0.15,0.1,0.0,False,0.36,False,0.36,False,0.1,False,0.15,False,0.1,False,0.0,0.15,0.25,0.35,False,local
881,882,PBS_GROUP_0029,TC_000815,BOM_000862,ITEM_000848,CW,0.958,1.0,1.0,0.958,0.9267,1.0,0.8877786,0.1,0.15,0.1,0.0,False,0.958,False,0.8877786,False,0.1,False,0.15,False,0.1,False,0.0,0.15,0.25,0.35,False,local
882,883,PBS_GROUP_0029,TC_000816,BOM_000863,ITEM_000849,HVAC,0.294,1.0,1.0,0.294,1.0,1.0,0.294,0.1,0.15,0.1,0.0,False,0.294,False,0.294,False,0.1,False,0.15,False,0.1,False,0.0,0.15,0.25,0.35,False,local
882,883,PBS_GROUP_0029,TC_000816,BOM_000863,ITEM_000849,CW,0.978,1.0,1.0,0.978,0.4506,1.0,0.4406868,0.1,0.15,0.1,0.0,False,0.978,False,0.4406868,False,0.1,False,0.15,False,0.1,False,0.0,0.15,0.25,0.35,False,local
883,884,PBS_GROUP_0029,TC_000817,BOM_000864,ITEM_000850,HVAC,0.315,1.0,1.0,0.315,1.0,0.9839,0.3099285,0.1,0.15,0.1,0.0,False,0.315,False,0.3099285,False,0.1,False,0.15,False,0.1,False,0.0,0.15,0.25,0.35,False,local
883,884,PBS_GROUP_0029,TC_000817,BOM_000864,ITEM_000850,CW,1.012,1.0,1.0,1.012,0.028,0.0,0.0,0.1,0.15,0.1,0.0,False,1.012,False,0.0,False,0.1,False,0.15,False,0.1,False,0.0,0.15,0.25,0.35,False,local
884,885,PBS_GROUP_0029,TC_000818,BOM_000865,ITEM_000851,HVAC,0.706,1.0,1.0,0.706,1.0,1.0,0.706,0.1,0.15,0.1,0.0,False,0.706,False,0.706,False,0.1,False,0.15,False,0.1,False,0.0,0.15,0.25,0.35,False,local
884,885,PBS_GROUP_0029,TC_000818,BOM_000865,ITEM_000851,CW,1.547,1.0,1.0,1.547,0.5065,0.9704,0.7603622571999998,0.1,0.15,0.1,0.0,False,1.547,False,0.7603622571999998,False,0.1,False,0.15,False,0.1,False,0.0,0.15,0.25,0.35,False,local
885,886,PBS_GROUP_0029,TC_000819,BOM_000866,ITEM_000852,HVAC,0.588,1.0,1.0,0.588,1.0,1.0,0.588,0.1,0.15,0.1,0.0,False,0.588,False,0.588,False,0.1,False,0.15,False,0.1,False,0.0,0.15,0.25,0.35,False,local
885,886,PBS_GROUP_0029,TC_000819,BOM_000866,ITEM_000852,CW,1.615,1.0,1.0,1.615,0.4531,1.0,0.7317565,0.1,0.15,0.1,0.0,False,1.615,False,0.7317565,False,0.1,False,0.15,False,0.1,False,0.0,0.15,0.25,0.35,False,local
886,887,PBS_GROUP_0029,TC_000820,BOM_000867,ITEM_000853,HVAC,0.701,0.9804,1.0,0.6872604,1.0,1.0,0.701,0.1,0.15,0.1,0.0,False,0.6872604,False,0.701,False,0.1,False,0.15,False,0.1,False,0.0,0.15,0.25,0.35,False,local
886,887,PBS_GROUP_0029,TC_000820,BOM_000867,ITEM_000853,CW,1.696,1.0,1.0,1.696,1.0,0.0213,0.0361248,0.1,0.15,0.1,0.0,False,1.696,False,0.0361248,False,0.1,False,0.15,False,0.1,False,0.0,0.15,0.25,0.35,False,local
887,888,PBS_GROUP_0029,TC_000821,BOM_000868,ITEM_000854,HVAC,0.827,1.0,1.0,0.827,1.0,1.0,0.827,0.1,0.15,0.1,0.0,False,0.827,False,0.827,False,0.1,False,0.15,False,0.1,False,0.0,0.15,0.25,0.35,False,local
887,888,PBS_GROUP_0029,TC_000821,BOM_000868,ITEM_000854,CW,1.528,1.0,1.0,1.528,0.0,1.0,0.0,0.1,0.15,0.1,0.0,False,1.528,False,0.0,False,0.1,False,0.15,False,0.1,False,0.0,0.15,0.25,0.35,False,local
888,889,PBS_GROUP_0029,TC_000822,BOM_000869,ITEM_000855,HVAC,0.594,1.0,1.0,0.594,1.0,1.0,0.594,0.1,0.15,0.1,0.0,False,0.594,False,0.594,False,0.1,False,0.15,False,0.1,False,0.0,0.15,0.25,0.35,False,local
888,889,PBS_GROUP_0029,TC_000822,BOM_000869,ITEM_000855,CW,1.661,1.0,1.0,1.661,1.0,1.0,1.661,0.1,0.15,0.1,0.0,False,1.661,False,1.661,False,0.1,False,0.15,False,0.1,False,0.0,0.15,0.25,0.35,False,local
889,890,PBS_GROUP_0029,TC_000823,BOM_000870,ITEM_000856,HVAC,0.706,1.0,1.0,0.706,0.9601,1.0,0.6778306,0.1,0.15,0.1,0.0,False,0.706,False,0.6778306,False,0.1,False,0.15,False,0.1,False,0.0,0.15,0.25,0.35,False,local
889,890,PBS_GROUP_0029,TC_000823,BOM_000870,ITEM_000856,CW,1.73,1.0,1.0,1.73,1.0,0.0,0.0,0.1,0.15,0.1,0.0,False,1.73,False,0.0,False,0.1,False,0.15,False,0.1,False,0.0,0.15,0.25,0.35,False,local
890,891,PBS_GROUP_0029,TC_000824,BOM_000871,ITEM_000857,HVAC,0.705,1.0,1.0,0.705,1.0,0.973,0.6859649999999999,0.1,0.15,0.1,0.0,False,0.705,False,0.6859649999999999,False,0.1,False,0.15,False,0.1,False,0.0,0.15,0.25,0.35,False,local
890,891,PBS_GROUP_0029,TC_000824,BOM_000871,ITEM_000857,CW,1.726,0.1537,1.0,0.2652862,0.0,0.0,0.0,0.1,0.15,0.1,0.0,False,0.2652862,False,0.0,False,0.1,False,0.15,False,0.1,False,0.0,0.15,0.25,0.35,False,local
891,892,PBS_GROUP_0029,TC_000825,BOM_000872,ITEM_000858,HVAC,0.741,1.0,1.0,0.741,1.0,1.0,0.741,0.1,0.15,0.1,0.0,False,0.741,False,0.741,False,0.1,False,0.15,False,0.1,False,0.0,0.15,0.25,0.35,False,local
891,892,PBS_GROUP_0029,TC_000825,BOM_000872,ITEM_000858,CW,1.791,1.0,1.0,1.791,0.9923,0.9669,1.7183836721699997,0.1,0.15,0.1,0.0,False,1.791,False,1.7183836721699997,False,0.1,False,0.15,False,0.1,False,0.0,0.15,0.25,0.35,False,local
892,893,PBS_GROUP_0030,TC_000826,BOM_000873,ITEM_000859,HVAC,0.898,1.0,1.0,0.898,1.0,1.0,0.898,0.1,0.15,0.1,0.0,False,0.898,False,0.898,False,0.1,False,0.15,False,0.1,False,0.0,0.15,0.25,0.35,False,local
893,894,PBS_GROUP_0030,TC_000827,BOM_000874,ITEM_000860,HVAC,0.036,1.0,1.0,0.036,1.0,1.0,0.036,0.1,0.15,0.1,0.0,False,0.036,False,0.036,False,0.1,False,0.15,False,0.1,False,0.0,0.15,0.25,0.35,False,local
894,895,PBS_GROUP_0030,TC_000828,BOM_000875,ITEM_000861,HVAC,0.036,1.0,1.0,0.036,1.0,1.0,0.036,0.1,0.15,0.1,0.0,False,0.036,False,0.036,False,0.1,False,0.15,False,0.1,False,0.0,0.15,0.25,0.35,False,local
895,896,PBS_GROUP_0030,TC_000829,BOM_000876,ITEM_000862,HVAC,0.168,1.0,1.0,0.168,1.0,1.0,0.168,0.1,0.15,0.1,0.0,False,0.168,False,0.168,False,0.1,False,0.15,False,0.1,False,0.0,0.15,0.25,0.35,False,local
896,897,PBS_GROUP_0030,TC_000830,BOM_000877,ITEM_000863,HVAC,0.084,1.0,1.0,0.084,1.0,1.0,0.084,0.1,0.15,0.1,0.0,False,0.084,False,0.084,False,0.1,False,0.15,False,0.1,False,0.0,0.15,0.25,0.35,False,local
897,898,PBS_GROUP_0030,TC_000831,BOM_000878,ITEM_000864,HVAC,0.075,1.0,1.0,0.075,1.0,1.0,0.075,0.1,0.15,0.1,0.0,False,0.075,False,0.075,False,0.1,False,0.15,False,0.1,False,0.0,0.15,0.25,0.35,False,local
898,899,PBS_GROUP_0030,TC_000832,BOM_000879,ITEM_000865,HVAC,0.078,1.0,1.0,0.078,1.0,1.0,0.078,0.1,0.15,0.1,0.0,False,0.078,False,0.078,False,0.1,False,0.15,False,0.1,False,0.0,0.15,0.25,0.35,False,local
899,900,PBS_GROUP_SMALL,TC_000833,BOM_000880,ITEM_000866,HVAC,0.181,1.0,1.0,0.181,1.0,1.0,0.181,0.1,0.15,0.1,0.0,False,0.181,False,0.181,False,0.1,False,0.15,False,0.1,False,0.0,0.15,0.25,0.35,False,local
900,901,PBS_GROUP_SMALL,TC_000834,BOM_000881,ITEM_000867,HVAC,0.158,1.0,1.0,0.158,1.0,1.0,0.158,0.1,0.15,0.1,0.0,False,0.158,False,0.158,False,0.1,False,0.15,False,0.1,False,0.0,0.15,0.25,0.35,False,local
901,902,PBS_GROUP_SMALL,TC_000835,BOM_000882,ITEM_000868,HVAC,0.242,1.0,1.0,0.242,1.0,1.0,0.242,0.1,0.15,0.1,0.0,False,0.242,False,0.242,False,0.1,False,0.15,False,0.1,False,0.0,0.15,0.25,0.35,False,local
902,903,PBS_GROUP_SMALL,TC_000836,BOM_000883,ITEM_000869,HVAC,0.236,1.0,1.0,0.236,1.0,1.0,0.236,0.1,0.15,0.1,0.0,False,0.236,False,0.236,False,0.1,False,0.15,False,0.1,False,0.0,0.15,0.25,0.35,False,local
903,904,,TC_000837,BOM_000884,ITEM_000870,HVAC,0.126,1.0,1.0,0.126,1.0,1.0,0.126,0.1,0.15,0.1,0.0,False,0.126,False,0.126,False,0.1,False,0.15,False,0.1,False,0.0,0.15,0.25,0.35,False,local
903,904,,TC_000837,BOM_000884,ITEM_000870,CW,3.35,1.0,1.0,3.35,0.9244,1.0,3.09674,0.1,0.15,0.1,0.0,False,3.35,False,3.09674,False,0.1,False,0.15,False,0.1,False,0.0,0.15,0.25,0.35,False,local
904,905,,TC_000838,BOM_000885,ITEM_000871,HVAC,0.004,1.0,1.0,0.004,1.0,1.0,0.004,0.1,0.15,0.1,0.0,False,0.004,False,0.004,False,0.1,False,0.15,False,0.1,False,0.0,0.15,0.25,0.35,False,local
904,905,,TC_000838,BOM_000885,ITEM_000871,CW,7.869,0.9877,1.0,7.7722113,0.8008,0.0,0.0,0.1,0.15,0.1,0.0,False,7.7722113,False,0.0,False,0.1,False,0.15,False,0.1,False,0.0,0.15,0.25,0.35,False,local
905,906,PBS_GROUP_0024,TC_000839,BOM_000886,ITEM_000872,HVAC,0.538,1.0,1.0,0.538,,,,0.1,0.0,0.04,0.0,False,0.538,True,0.0,False,0.1,False,0.0,False,0.04,False,0.0,0.0,0.1,0.14,False,local
906,907,PBS_GROUP_0024,TC_000840,BOM_000887,ITEM_000873,HVAC,0.545,1.0,1.0,0.545,,,,0.1,0.0,0.04,0.0,False,0.545,True,0.0,False,0.1,False,0.0,False,0.04,False,0.0,0.0,0.1,0.14,False,local
907,908,PBS_GROUP_0024,TC_000841,BOM_000888,ITEM_000874,HVAC,0.015,1.0,1.0,0.015,,,,0.1,0.0,0.04,0.0,False,0.015,True,0.0,False,0.1,False,0.0,False,0.04,False,0.0,0.0,0.1,0.14,False,local
908,909,PBS_GROUP_0024,TC_000842,BOM_000889,ITEM_000875,HVAC,0.133,0.9877,1.0,0.1313641,,,,0.1,0.0,0.04,0.0,False,0.1313641,True,0.0,False,0.1,False,0.0,False,0.04,False,0.0,0.0,0.1,0.14,False,local
909,910,PBS_GROUP_0024,TC_000843,BOM_000890,ITEM_000876,HVAC,0.0,1.0,1.0,0.0,,,,0.1,0.0,0.04,0.0,False,0.0,True,0.0,False,0.1,False,0.0,False,0.04,False,0.0,0.0,0.1,0.14,False,local
910,911,PBS_GROUP_0024,TC_000844,BOM_000891,ITEM_000877,HVAC,0.134,1.0,1.0,0.134,,,,0.1,0.0,0.04,0.0,False,0.134,True,0.0,False,0.1,False,0.0,False,0.04,False,0.0,0.0,0.1,0.14,False,local
911,912,PBS_GROUP_0024,TC_000845,BOM_000892,ITEM_000878,HVAC,0.0,1.0,1.0,0.0,,,,0.1,0.0,0.04,0.0,False,0.0,True,0.0,False,0.1,False,0.0,False,0.04,False,0.0,0.0,0.1,0.14,False,local
912,913,PBS_GROUP_0024,TC_000846,BOM_000893,ITEM_000879,HVAC,0.0,1.0,1.0,0.0,,,,0.1,0.0,0.04,0.0,False,0.0,True,0.0,False,0.1,False,0.0,False,0.04,False,0.0,0.0,0.1,0.14,False,local
913,914,PBS_GROUP_0024,TC_000847,BOM_000894,ITEM_000880,HVAC,0.0,1.0,1.0,0.0,,,,0.1,0.0,0.04,0.0,False,0.0,True,0.0,False,0.1,False,0.0,False,0.04,False,0.0,0.0,0.1,0.14,False,local
914,915,PBS_GROUP_0024,TC_000848,BOM_000895,ITEM_000881,HVAC,0.104,1.0,1.0,0.104,,,,0.1,0.0,0.04,0.0,False,0.104,True,0.0,False,0.1,False,0.0,False,0.04,False,0.0,0.0,0.1,0.14,False,local
915,916,PBS_GROUP_0024,TC_000849,BOM_000896,ITEM_000882,HVAC,0.047,1.0,1.0,0.047,,,,0.1,0.0,0.04,0.0,False,0.047,True,0.0,False,0.1,False,0.0,False,0.04,False,0.0,0.0,0.1,0.14,False,local
916,917,PBS_GROUP_0024,TC_000850,BOM_000897,ITEM_000883,HVAC,0.002,1.0,1.0,0.002,,,,0.1,0.0,0.04,0.0,False,0.002,True,0.0,False,0.1,False,0.0,False,0.04,False,0.0,0.0,0.1,0.14,False,local
917,918,PBS_GROUP_0024,TC_000851,BOM_000898,ITEM_000884,HVAC,0.148,1.0,1.0,0.148,,,,0.1,0.0,0.04,0.0,False,0.148,True,0.0,False,0.1,False,0.0,False,0.04,False,0.0,0.0,0.1,0.14,False,local
918,919,PBS_GROUP_0025,TC_000852,BOM_000899,ITEM_000751,HVAC,0.019,1.0,1.0,0.019,1.0,1.0,0.019,0.1,0.0,0.04,0.0,False,0.019,False,0.019,False,0.1,False,0.0,False,0.04,False,0.0,0.0,0.1,0.14,False,local
919,920,PBS_GROUP_0023,TC_000853,BOM_000900,ITEM_000885,HVAC,0.176,1.0,1.0,0.176,,,,0.1,0.0,0.04,0.0,False,0.176,True,0.0,False,0.1,False,0.0,False,0.04,False,0.0,0.0,0.1,0.14,False,local
920,921,PBS_GROUP_0023,TC_000854,BOM_000901,ITEM_000886,HVAC,0.029,1.0,1.0,0.029,,,,0.1,0.0,0.04,0.0,False,0.029,True,0.0,False,0.1,False,0.0,False,0.04,False,0.0,0.0,0.1,0.14,False,local
921,922,PBS_GROUP_0028,TC_000855,BOM_000902,ITEM_000887,HVAC,0.483,1.0,1.0,0.483,,,,0.1,0.0,0.04,0.0,False,0.483,True,0.0,False,0.1,False,0.0,False,0.04,False,0.0,0.0,0.1,0.14,False,local
922,923,PBS_GROUP_0028,TC_000856,BOM_000903,ITEM_000888,HVAC,2.203,1.0,1.0,2.203,,,,0.1,0.0,0.04,0.0,False,2.203,True,0.0,False,0.1,False,0.0,False,0.04,False,0.0,0.0,0.1,0.14,False,local
923,924,PBS_GROUP_0028,TC_000857,BOM_000904,ITEM_000889,HVAC,0.454,1.0,1.0,0.454,,,,0.1,0.0,0.04,0.0,False,0.454,True,0.0,False,0.1,False,0.0,False,0.04,False,0.0,0.0,0.1,0.14,False,local
924,925,PBS_GROUP_0028,TC_000858,BOM_000905,ITEM_000890,HVAC,0.085,1.0,1.0,0.085,,,,0.1,0.0,0.04,0.0,False,0.085,True,0.0,False,0.1,False,0.0,False,0.04,False,0.0,0.0,0.1,0.14,False,local
925,926,PBS_GROUP_0028,TC_000859,BOM_000906,ITEM_000891,HVAC,0.0,1.0,1.0,0.0,,,,0.1,0.0,0.04,0.0,False,0.0,True,0.0,False,0.1,False,0.0,False,0.04,False,0.0,0.0,0.1,0.14,False,local
926,927,PBS_GROUP_0028,TC_000860,BOM_000907,ITEM_000892,HVAC,0.107,1.0,1.0,0.107,,,,0.1,0.0,0.04,0.0,False,0.107,True,0.0,False,0.1,False,0.0,False,0.04,False,0.0,0.0,0.1,0.14,False,local
927,928,PBS_GROUP_0028,TC_000861,BOM_000908,ITEM_000893,HVAC,0.453,1.0,1.0,0.453,,,,0.1,0.0,0.04,0.0,False,0.453,True,0.0,False,0.1,False,0.0,False,0.04,False,0.0,0.0,0.1,0.14,False,local
928,929,PBS_GROUP_0028,TC_000862,BOM_000909,ITEM_000894,HVAC,0.47,1.0,1.0,0.47,,,,0.1,0.0,0.04,0.0,False,0.47,True,0.0,False,0.1,False,0.0,False,0.04,False,0.0,0.0,0.1,0.14,False,local
929,930,PBS_GROUP_0028,TC_000863,BOM_000910,ITEM_000895,HVAC,0.45,1.0,1.0,0.45,,,,0.1,0.0,0.04,0.0,False,0.45,True,0.0,False,0.1,False,0.0,False,0.04,False,0.0,0.0,0.1,0.14,False,local
930,931,PBS_GROUP_0028,TC_000864,BOM_000911,ITEM_000896,HVAC,0.221,1.0,1.0,0.221,,,,0.1,0.0,0.04,0.0,False,0.221,True,0.0,False,0.1,False,0.0,False,0.04,False,0.0,0.0,0.1,0.14,False,local
931,932,PBS_GROUP_0028,TC_000865,BOM_000912,ITEM_000897,HVAC,0.483,1.0,1.0,0.483,,,,0.1,0.0,0.04,0.0,False,0.483,True,0.0,False,0.1,False,0.0,False,0.04,False,0.0,0.0,0.1,0.14,False,local
932,933,PBS_GROUP_0028,TC_000866,BOM_000913,ITEM_000898,HVAC,0.203,1.0,1.0,0.203,,,,0.1,0.0,0.04,0.0,False,0.203,True,0.0,False,0.1,False,0.0,False,0.04,False,0.0,0.0,0.1,0.14,False,local
933,934,PBS_GROUP_0028,TC_000867,BOM_000914,ITEM_000899,HVAC,0.402,1.0,1.0,0.402,,,,0.1,0.0,0.04,0.0,False,0.402,True,0.0,False,0.1,False,0.0,False,0.04,False,0.0,0.0,0.1,0.14,False,local
934,935,PBS_GROUP_0028,TC_000868,BOM_000915,ITEM_000900,HVAC,0.283,0.9622,1.0,0.2723026,,,,0.1,0.0,0.04,0.0,False,0.2723026,True,0.0,False,0.1,False,0.0,False,0.04,False,0.0,0.0,0.1,0.14,False,local
935,936,PBS_GROUP_0028,TC_000869,BOM_000916,ITEM_000901,HVAC,0.605,1.0,1.0,0.605,,,,0.1,0.0,0.04,0.0,False,0.605,True,0.0,False,0.1,False,0.0,False,0.04,False,0.0,0.0,0.1,0.14,False,local
936,937,PBS_GROUP_0028,TC_000870,BOM_000917,ITEM_000890,HVAC,0.045,1.0,1.0,0.045,,,,0.1,0.0,0.04,0.0,False,0.045,True,0.0,False,0.1,False,0.0,False,0.04,False,0.0,0.0,0.1,0.14,False,local
937,938,PBS_GROUP_0028,TC_000871,BOM_000918,ITEM_000902,HVAC,0.0,1.0,1.0,0.0,,,,0.1,0.0,0.04,0.0,False,0.0,True,0.0,False,0.1,False,0.0,False,0.04,False,0.0,0.0,0.1,0.14,False,local
938,939,PBS_GROUP_0028,TC_000872,BOM_000919,ITEM_000903,HVAC,0.093,1.0,1.0,0.093,,,,0.1,0.0,0.04,0.0,False,0.093,True,0.0,False,0.1,False,0.0,False,0.04,False,0.0,0.0,0.1,0.14,False,local
939,940,PBS_GROUP_0028,TC_000873,BOM_000920,ITEM_000904,HVAC,0.0,0.9168,1.0,0.0,,,,0.1,0.0,0.04,0.0,False,0.0,True,0.0,False,0.1,False,0.0,False,0.04,False,0.0,0.0,0.1,0.14,False,local
940,941,PBS_GROUP_0028,TC_000874,BOM_000921,ITEM_000905,HVAC,0.0,1.0,1.0,0.0,,,,0.1,0.0,0.04,0.0,False,0.0,True,0.0,False,0.1,False,0.0,False,0.04,False,0.0,0.0,0.1,0.14,False,local
941,942,PBS_GROUP_0028,TC_000875,BOM_000922,ITEM_000906,HVAC,0.0,1.0,1.0,0.0,,,,0.1,0.0,0.04,0.0,False,0.0,True,0.0,False,0.1,False,0.0,False,0.04,False,0.0,0.0,0.1,0.14,False,local
942,943,PBS_GROUP_0028,TC_000876,BOM_000923,ITEM_000907,HVAC,0.324,1.0,1.0,0.324,,,,0.1,0.0,0.04,0.0,False,0.324,True,0.0,False,0.1,False,0.0,False,0.04,False,0.0,0.0,0.1,0.14,False,local
943,944,PBS_GROUP_0028,TC_000877,BOM_000924,ITEM_000908,HVAC,0.498,1.0,1.0,0.498,,,,0.1,0.0,0.04,0.0,False,0.498,True,0.0,False,0.1,False,0.0,False,0.04,False,0.0,0.0,0.1,0.14,False,local
944,945,PBS_GROUP_0028,TC_000878,BOM_000925,ITEM_000909,HVAC,0.125,1.0,1.0,0.125,,,,0.1,0.0,0.04,0.0,False,0.125,True,0.0,False,0.1,False,0.0,False,0.04,False,0.0,0.0,0.1,0.14,False,local
945,946,PBS_GROUP_0028,TC_000879,BOM_000926,ITEM_000910,HVAC,0.0,1.0,1.0,0.0,,,,0.1,0.0,0.04,0.0,False,0.0,True,0.0,False,0.1,False,0.0,False,0.04,False,0.0,0.0,0.1,0.14,False,local
946,947,PBS_GROUP_0028,TC_000880,BOM_000927,ITEM_000911,HVAC,0.017,1.0,1.0,0.017,,,,0.1,0.0,0.04,0.0,False,0.017,True,0.0,False,0.1,False,0.0,False,0.04,False,0.0,0.0,0.1,0.14,False,local
947,948,PBS_GROUP_0028,TC_000881,BOM_000928,ITEM_000912,HVAC,0.099,1.0,1.0,0.099,,,,0.1,0.0,0.04,0.0,False,0.099,True,0.0,False,0.1,False,0.0,False,0.04,False,0.0,0.0,0.1,0.14,False,local
948,949,PBS_GROUP_0028,TC_000882,BOM_000929,ITEM_000912,HVAC,0.0,0.7139,1.0,0.0,,,,0.1,0.0,0.04,0.0,False,0.0,True,0.0,False,0.1,False,0.0,False,0.04,False,0.0,0.0,0.1,0.14,False,local
949,950,PBS_GROUP_0028,TC_000883,BOM_000930,ITEM_000913,HVAC,0.0,1.0,1.0,0.0,,,,0.1,0.0,0.04,0.0,False,0.0,True,0.0,False,0.1,False,0.0,False,0.04,False,0.0,0.0,0.1,0.14,False,local
950,951,PBS_GROUP_0028,TC_000884,BOM_000931,ITEM_000914,HVAC,0.101,0.9744,1.0,0.09841440000000001,,,,0.1,0.0,0.04,0.0,False,0.09841440000000001,True,0.0,False,0.1,False,0.0,False,0.04,False,0.0,0.0,0.1,0.14,False,local
951,952,PBS_GROUP_0028,TC_000885,BOM_000932,ITEM_000915,HVAC,0.0,1.0,1.0,0.0,,,,0.1,0.0,0.04,0.0,False,0.0,True,0.0,False,0.1,False,0.0,False,0.04,False,0.0,0.0,0.1,0.14,False,local
952,953,PBS_GROUP_SMALL,TC_000886,BOM_000933,ITEM_000916,HVAC,1.996,1.0,1.0,1.996,1.0,1.0,1.996,0.1,0.0,0.04,0.0,False,1.996,False,1.996,False,0.1,False,0.0,False,0.04,False,0.0,0.0,0.1,0.14,False,local
953,954,PBS_GROUP_0023,TC_000887,BOM_000934,ITEM_000917,HVAC,0.339,1.0,1.0,0.339,,,,0.1,0.0,0.04,0.0,False,0.339,True,0.0,False,0.1,False,0.0,False,0.04,False,0.0,0.0,0.1,0.14,False,local
954,955,PBS_GROUP_SMALL,TC_000888,BOM_000935,ITEM_000918,HVAC,0.0,1.0,1.0,0.0,,,,0.1,0.0,0.04,0.0,False,0.0,True,0.0,False,0.1,False,0.0,False,0.04,False,0.0,0.0,0.1,0.14,False,local
955,956,PBS_GROUP_SMALL,TC_000889,BOM_000936,ITEM_000919,HVAC,0.0,1.0,1.0,0.0,,,,0.1,0.0,0.04,0.0,False,0.0,True,0.0,False,0.1,False,0.0,False,0.04,False,0.0,0.0,0.1,0.14,False,local
956,957,PBS_GROUP_0023,TC_000890,BOM_000937,ITEM_000920,HVAC,0.478,1.0,1.0,0.478,,,,0.1,0.0,0.04,0.0,False,0.478,True,0.0,False,0.1,False,0.0,False,0.04,False,0.0,0.0,0.1,0.14,False,local
957,958,PBS_GROUP_0023,TC_000891,BOM_000938,ITEM_000921,HVAC,0.539,1.0,1.0,0.539,,,,0.1,0.0,0.04,0.0,False,0.539,True,0.0,False,0.1,False,0.0,False,0.04,False,0.0,0.0,0.1,0.14,False,local
958,959,PBS_GROUP_0028,TC_000892,BOM_000939,ITEM_000922,HVAC,0.174,0.9862,1.0,0.1715988,,,,0.1,0.0,0.04,0.0,False,0.1715988,True,0.0,False,0.1,False,0.0,False,0.04,False,0.0,0.0,0.1,0.14,False,local
959,960,PBS_GROUP_0028,TC_000893,BOM_000940,ITEM_000923,HVAC,0.0,1.0,1.0,0.0,,,,0.1,0.0,0.04,0.0,False,0.0,True,0.0,False,0.1,False,0.0,False,0.04,False,0.0,0.0,0.1,0.14,False,local
960,961,PBS_GROUP_0028,TC_000894,BOM_000941,ITEM_000924,HVAC,0.081,1.0,1.0,0.081,,,,0.1,0.0,0.04,0.0,False,0.081,True,0.0,False,0.1,False,0.0,False,0.04,False,0.0,0.0,0.1,0.14,False,local
961,962,PBS_GROUP_0028,TC_000895,BOM_000942,ITEM_000925,HVAC,0.401,1.0,1.0,0.401,,,,0.1,0.0,0.04,0.0,False,0.401,True,0.0,False,0.1,False,0.0,False,0.04,False,0.0,0.0,0.1,0.14,False,local
962,963,PBS_GROUP_0028,TC_000896,BOM_000943,ITEM_000926,HVAC,0.425,1.0,1.0,0.425,,,,0.1,0.0,0.04,0.0,False,0.425,True,0.0,False,0.1,False,0.0,False,0.04,False,0.0,0.0,0.1,0.14,False,local
963,964,PBS_GROUP_0028,TC_000897,BOM_000944,ITEM_000927,HVAC,0.103,1.0,1.0,0.103,,,,0.1,0.0,0.04,0.0,False,0.103,True,0.0,False,0.1,False,0.0,False,0.04,False,0.0,0.0,0.1,0.14,False,local
964,965,PBS_GROUP_0028,TC_000898,BOM_000945,ITEM_000928,HVAC,0.0,1.0,1.0,0.0,,,,0.1,0.0,0.04,0.0,False,0.0,True,0.0,False,0.1,False,0.0,False,0.04,False,0.0,0.0,0.1,0.14,False,local
965,966,PBS_GROUP_0028,TC_000899,BOM_000946,ITEM_000929,HVAC,0.0,1.0,1.0,0.0,,,,0.1,0.0,0.04,0.0,False,0.0,True,0.0,False,0.1,False,0.0,False,0.04,False,0.0,0.0,0.1,0.14,False,local
966,967,PBS_GROUP_0028,TC_000900,BOM_000947,ITEM_000930,HVAC,0.0,1.0,1.0,0.0,,,,0.1,0.0,0.04,0.0,False,0.0,True,0.0,False,0.1,False,0.0,False,0.04,False,0.0,0.0,0.1,0.14,False,local
967,968,PBS_GROUP_0028,TC_000901,BOM_000948,ITEM_000931,HVAC,0.0,1.0,1.0,0.0,,,,0.1,0.0,0.04,0.0,False,0.0,True,0.0,False,0.1,False,0.0,False,0.04,False,0.0,0.0,0.1,0.14,False,local
968,969,PBS_GROUP_0028,TC_000902,BOM_000949,ITEM_000932,HVAC,0.0,1.0,1.0,0.0,,,,0.1,0.0,0.04,0.0,False,0.0,True,0.0,False,0.1,False,0.0,False,0.04,False,0.0,0.0,0.1,0.14,False,local
969,970,PBS_GROUP_0031,TC_000903,BOM_000950,ITEM_000933,HVAC,0.13,1.0,1.0,0.13,1.0,1.0,0.13,0.1,0.0,0.04,0.0,False,0.13,False,0.13,False,0.1,False,0.0,False,0.04,False,0.0,0.0,0.1,0.14,False,local
970,971,PBS_GROUP_SMALL,TC_000904,BOM_000951,ITEM_000934,HVAC,6.43,1.0,1.0,6.43,1.0,1.0,6.43,0.1,0.0,0.04,0.0,False,6.43,False,6.43,False,0.1,False,0.0,False,0.04,False,0.0,0.0,0.1,0.14,False,local
971,972,PBS_GROUP_0002,TC_000905,BOM_000095,ITEM_000935,HVAC,7.451,1.0,1.0,7.451,1.0,1.0,7.451,0.1,0.0,0.08,0.0,False,7.451,False,7.451,False,0.1,False,0.0,False,0.08,False,0.0,0.0,0.1,0.18,False,local
972,973,PBS_GROUP_0031,TC_000906,BOM_000952,ITEM_000936,HVAC,6.683,0.9692,1.0,6.4771636,1.0,1.0,6.683,0.1,0.0,0.04,0.0,False,6.4771636,False,6.683,False,0.1,False,0.0,False,0.04,False,0.0,0.0,0.1,0.14,False,local
973,974,PBS_GROUP_0031,TC_000907,BOM_000953,ITEM_000937,HVAC,0.0,1.0,1.0,0.0,1.0,1.0,0.0,0.1,0.0,0.04,0.0,False,0.0,False,0.0,False,0.1,False,0.0,False,0.04,False,0.0,0.0,0.1,0.14,False,local
974,975,PBS_GROUP_0031,TC_000908,BOM_000954,ITEM_000938,HVAC,0.0,1.0,1.0,0.0,1.0,1.0,0.0,0.1,0.0,0.04,0.0,False,0.0,False,0.0,False,0.1,False,0.0,False,0.04,False,0.0,0.0,0.1,0.14,False,local
975,976,PBS_GROUP_0031,TC_000909,BOM_000955,ITEM_000939,HVAC,0.17,0.7619,1.0,0.129523,1.0,1.0,0.17,0.1,0.0,0.04,0.0,False,0.129523,False,0.17,False,0.1,False,0.0,False,0.04,False,0.0,0.0,0.1,0.14,False,local
976,977,PBS_GROUP_SMALL,TC_000910,BOM_000956,ITEM_000940,HVAC,0.224,0.7908,1.0,0.1771392,,,,0.1,0.0,0.04,0.0,False,0.1771392,True,0.0,False,0.1,False,0.0,False,0.04,False,0.0,0.0,0.1,0.14,False,local
977,978,PBS_GROUP_SMALL,TC_000911,BOM_000957,ITEM_000941,HVAC,0.136,1.0,1.0,0.136,,,,0.1,0.0,0.04,0.0,False,0.136,True,0.0,False,0.1,False,0.0,False,0.04,False,0.0,0.0,0.1,0.14,False,local
978,979,PBS_GROUP_SMALL,TC_000912,BOM_000958,ITEM_000942,HVAC,0.242,1.0,1.0,0.242,,,,0.1,0.0,0.04,0.0,False,0.242,True,0.0,False,0.1,False,0.0,False,0.04,False,0.0,0.0,0.1,0.14,False,local
979,980,PBS_GROUP_0032,TC_000913,BOM_000959,ITEM_000943,HVAC,0.0,0.9912,1.0,0.0,,,,0.1,0.0,0.04,0.0,False,0.0,True,0.0,False,0.1,False,0.0,False,0.04,False,0.0,0.0,0.1,0.14,False,local
980,981,PBS_GROUP_0032,TC_000914,BOM_000960,ITEM_000943,HVAC,0.01,1.0,1.0,0.01,,,,0.1,0.0,0.04,0.0,False,0.01,True,0.0,False,0.1,False,0.0,False,0.04,False,0.0,0.0,0.1,0.14,False,local
981,982,PBS_GROUP_0032,TC_000915,BOM_000961,ITEM_000944,HVAC,0.0,1.0,1.0,0.0,,,,0.1,0.0,0.04,0.0,False,0.0,True,0.0,False,0.1,False,0.0,False,0.04,False,0.0,0.0,0.1,0.14,False,local
982,983,PBS_GROUP_0032,TC_000916,BOM_000962,ITEM_000944,HVAC,0.0,0.9383,1.0,0.0,,,,0.1,0.0,0.04,0.0,False,0.0,True,0.0,False,0.1,False,0.0,False,0.04,False,0.0,0.0,0.1,0.14,False,local
983,984,PBS_GROUP_0032,TC_000917,BOM_000963,ITEM_000945,HVAC,0.214,1.0,1.0,0.214,,,,0.1,0.0,0.04,0.0,False,0.214,True,0.0,False,0.1,False,0.0,False,0.04,False,0.0,0.0,0.1,0.14,False,local
984,985,PBS_GROUP_0032,TC_000918,BOM_000964,ITEM_000945,HVAC,0.086,0.7631,1.0,0.0656266,,,,0.1,0.0,0.04,0.0,False,0.0656266,True,0.0,False,0.1,False,0.0,False,0.04,False,0.0,0.0,0.1,0.14,False,local
985,986,PBS_GROUP_0032,TC_000919,BOM_000965,ITEM_000946,HVAC,0.0,1.0,1.0,0.0,,,,0.1,0.0,0.04,0.0,False,0.0,True,0.0,False,0.1,False,0.0,False,0.04,False,0.0,0.0,0.1,0.14,False,local
986,987,PBS_GROUP_0010,TC_000920,BOM_000966,ITEM_000947,HVAC,0.095,0.9756,1.0,0.092682,,,,0.1,0.0,0.04,0.0,False,0.092682,True,0.0,False,0.1,False,0.0,False,0.04,False,0.0,0.0,0.1,0.14,False,local
987,988,PBS_GROUP_0010,TC_000921,BOM_000967,ITEM_000948,HVAC,0.0,1.0,1.0,0.0,,,,0.1,0.0,0.04,0.0,False,0.0,True,0.0,False,0.1,False,0.0,False,0.04,False,0.0,0.0,0.1,0.14,False,local
988,989,PBS_GROUP_0010,TC_000922,BOM_000968,ITEM_000949,HVAC,10.601,0.9011,1.0,9.5525611,,,,0.1,0.0,0.04,0.0,False,9.5525611,True,0.0,False,0.1,False,0.0,False,0.04,False,0.0,0.0,0.1,0.14,False,local
989,990,PBS_GROUP_0010,TC_000923,BOM_000969,ITEM_000950,HVAC,10.138,1.0,1.0,10.138,,,,0.1,0.0,0.04,0.0,False,10.138,True,0.0,False,0.1,False,0.0,False,0.04,False,0.0,0.0,0.1,0.14,False,local
990,991,PBS_GROUP_0003,TC_000924,BOM_000970,ITEM_000951,CW,55.05,1.0,1.0,55.05,1.0,1.0,55.05,0.0,0.0,0.0,0.0,False,55.05,False,55.05,False,0.0,False,0.0,False,0.0,False,0.0,0.0,0.0,0.0,False,local
991,992,PBS_GROUP_0003,TC_000925,BOM_000971,ITEM_000952,CW,63.061,1.0,1.0,63.061,1.0,1.0,63.061,0.0,0.0,0.0,0.0,False,63.061,False,63.061,False,0.0,False,0.0,False,0.0,False,0.0,0.0,0.0,0.0,False,local
992,993,PBS_GROUP_0003,TC_000926,BOM_000972,ITEM_000953,CW,70.274,1.0,0.9666,67.9268484,1.0,0.0,0.0,0.0,0.0,0.0,0.0,False,67.9268484,False,0.0,False,0.0,False,0.0,False,0.0,False,0.0,0.0,0.0,0.0,False,local
993,994,PBS_GROUP_0003,TC_000927,BOM_000973,ITEM_000954,CW,61.016,1.0,1.0,61.016,1.0,1.0,61.016,0.0,0.0,0.0,0.0,False,61.016,False,61.016,False,0.0,False,0.0,False,0.0,False,0.0,0.0,0.0,0.0,False,local
994,995,PBS_GROUP_0003,TC_000928,BOM_000974,ITEM_001729,CW,262.013,1.0,1.0,262.013,1.0,0.0,0.0,0.0,0.0,0.0,0.0,False,262.013,False,0.0,False,0.0,False,0.0,False,0.0,False,0.0,0.0,0.0,0.0,False,local
995,996,PBS_GROUP_0003,TC_000929,BOM_000975,ITEM_000955,CW,1026.76,1.0,1.0,1026.76,0.2994,1.0,307.29,0.0,0.0,0.0,0.0,False,1026.76,False,307.29,False,0.0,False,0.0,False,0.0,False,0.0,0.0,0.0,0.0,True,hvac_to_cw
996,997,PBS_GROUP_0003,TC_000930,BOM_000976,ITEM_000956,CW,314.683,1.0,1.0,314.683,0.0,1.0,0.0,0.0,0.0,0.0,0.0,False,314.683,False,0.0,False,0.0,False,0.0,False,0.0,False,0.0,0.0,0.0,0.0,False,local
997,998,PBS_GROUP_0003,TC_000931,BOM_000977,ITEM_000957,CW,179.822,1.0,1.0,179.822,0.0,0.0,0.0,0.0,0.0,0.0,0.0,False,179.822,False,0.0,False,0.0,False,0.0,False,0.0,False,0.0,0.0,0.0,0.0,False,local
998,999,PBS_GROUP_0003,TC_000932,BOM_000978,ITEM_000958,CW,31.818,1.0,1.0,31.818,0.4947,0.0592,0.9318295843200001,0.0,0.0,0.0,0.0,False,31.818,False,0.9318295843200001,False,0.0,False,0.0,False,0.0,False,0.0,0.0,0.0,0.0,False,local
999,1000,PBS_GROUP_0003,TC_000933,BOM_000979,ITEM_000959,CW,5.182,1.0,0.9977,5.170081400000001,0.024,1.0,0.124368,0.0,0.0,0.0,0.0,False,5.170081400000001,False,0.124368,False,0.0,False,0.0,False,0.0,False,0.0,0.0,0.0,0.0,False,local
1000,1001,PBS_GROUP_0003,TC_000934,BOM_000980,ITEM_000960,CW,55.96,1.0,1.0,55.96,0.0,1.0,0.0,0.0,0.0,0.0,0.0,False,55.96,False,0.0,False,0.0,False,0.0,False,0.0,False,0.0,0.0,0.0,0.0,False,local
1001,1002,PBS_GROUP_0003,TC_000935,BOM_000981,ITEM_000961,CW,68.016,1.0,1.0,68.016,1.0,1.0,68.016,0.0,0.0,0.0,0.0,False,68.016,False,68.016,False,0.0,False,0.0,False,0.0,False,0.0,0.0,0.0,0.0,False,local
1002,1003,PBS_GROUP_0003,TC_000936,BOM_000982,ITEM_000962,CW,9.253,1.0,1.0,9.253,0.0,1.0,0.0,0.0,0.0,0.0,0.0,False,9.253,False,0.0,False,0.0,False,0.0,False,0.0,False,0.0,0.0,0.0,0.0,False,local
1003,1004,PBS_GROUP_0003,TC_000937,BOM_000983,ITEM_000963,CW,4.624,0.8435,0.9568,3.7318491391999995,0.967,1.0,4.471407999999999,0.0,0.0,0.0,0.0,False,3.7318491391999995,False,4.471407999999999,False,0.0,False,0.0,False,0.0,False,0.0,0.0,0.0,0.0,False,local
1004,1005,PBS_GROUP_0003,TC_000938,BOM_000984,ITEM_000964,CW,96.387,0.9848,1.0,94.9219176,0.0,0.0,0.0,0.0,0.0,0.0,0.0,False,94.9219176,False,0.0,False,0.0,False,0.0,False,0.0,False,0.0,0.0,0.0,0.0,False,local
1005,1006,PBS_GROUP_0003,TC_000939,BOM_000985,ITEM_000965,CW,30.431,1.0,1.0,30.431,1.0,1.0,30.431,0.0,0.0,0.0,0.0,False,30.431,False,30.431,False,0.0,False,0.0,False,0.0,False,0.0,0.0,0.0,0.0,False,local
1006,1007,PBS_GROUP_0003,TC_000940,BOM_000986,ITEM_000966,CW,29.285,1.0,1.0,29.285,1.0,0.0102,0.298707,0.0,0.0,0.0,0.0,False,29.285,False,0.298707,False,0.0,False,0.0,False,0.0,False,0.0,0.0,0.0,0.0,False,local
1007,1008,PBS_GROUP_0003,TC_000941,BOM_000987,ITEM_000967,CW,4.53,1.0,1.0,4.53,0.0,0.0398,0.0,0.0,0.0,0.0,0.0,False,4.53,False,0.0,False,0.0,False,0.0,False,0.0,False,0.0,0.0,0.0,0.0,False,local
1008,1009,PBS_GROUP_0003,TC_000942,BOM_000988,ITEM_000968,CW,4.303,1.0,1.0,4.303,1.0,0.0,0.0,0.0,0.0,0.0,0.0,False,4.303,False,0.0,False,0.0,False,0.0,False,0.0,False,0.0,0.0,0.0,0.0,False,local
1009,1010,PBS_GROUP_0003,TC_000943,BOM_000989,ITEM_000969,CW,5.519,1.0,1.0,5.519,1.0,1.0,5.519,0.0,0.0,0.0,0.0,False,5.519,False,5.519,False,0.0,False,0.0,False,0.0,False,0.0,0.0,0.0,0.0,False,local
1010,1011,PBS_GROUP_0003,TC_000944,BOM_000990,ITEM_000970,CW,180.839,1.0,1.0,180.839,0.0,0.0,0.0,0.0,0.0,0.0,0.0,False,180.839,False,0.0,False,0.0,False,0.0,False,0.0,False,0.0,0.0,0.0,0.0,False,local
1011,1012,PBS_GROUP_0003,TC_000945,BOM_000991,ITEM_000971,CW,30.928,1.0,1.0,30.928,1.0,1.0,30.928,0.0,0.0,0.0,0.0,False,30.928,False,30.928,False,0.0,False,0.0,False,0.0,False,0.0,0.0,0.0,0.0,False,local
1012,1013,PBS_GROUP_0003,TC_000946,BOM_000992,ITEM_000972,CW,5.008,0.9846,1.0,4.9308768,0.0,1.0,0.0,0.0,0.0,0.0,0.0,False,4.9308768,False,0.0,False,0.0,False,0.0,False,0.0,False,0.0,0.0,0.0,0.0,False,local
1013,1014,PBS_GROUP_0003,TC_000947,BOM_000993,ITEM_000973,CW,5.189,1.0,1.0,5.189,1.0,1.0,5.189,0.0,0.0,0.0,0.0,False,5.189,False,5.189,False,0.0,False,0.0,False,0.0,False,0.0,0.0,0.0,0.0,False,local
1014,1015,PBS_GROUP_0013,TC_000948,BOM_000994,ITEM_000974,HVAC,0.0,1.0,0.9451,0.0,,,,0.1,0.0,0.04,0.0,False,0.0,True,0.0,False,0.1,False,0.0,False,0.04,False,0.0,0.0,0.1,0.14,False,local
1015,1016,PBS_GROUP_0013,TC_000949,BOM_000995,ITEM_000975,HVAC,0.0,1.0,1.0,0.0,,,,0.1,0.0,0.04,0.0,False,0.0,True,0.0,False,0.1,False,0.0,False,0.04,False,0.0,0.0,0.1,0.14,False,local
1016,1017,PBS_GROUP_0013,TC_000950,BOM_000996,ITEM_000976,HVAC,0.0,1.0,1.0,0.0,,,,0.1,0.0,0.04,0.0,False,0.0,True,0.0,False,0.1,False,0.0,False,0.04,False,0.0,0.0,0.1,0.14,False,local
1017,1018,PBS_GROUP_0013,TC_000951,BOM_000997,ITEM_000977,HVAC,0.012,1.0,1.0,0.012,,,,0.1,0.0,0.04,0.0,False,0.012,True,0.0,False,0.1,False,0.0,False,0.04,False,0.0,0.0,0.1,0.14,False,local
1018,1019,PBS_GROUP_0013,TC_000952,BOM_000998,ITEM_000978,HVAC,0.028,1.0,1.0,0.028,,,,0.1,0.0,0.04,0.0,False,0.028,True,0.0,False,0.1,False,0.0,False,0.04,False,0.0,0.0,0.1,0.14,False,local
1019,1020,PBS_GROUP_0013,TC_000953,BOM_000999,ITEM_000979,HVAC,0.0,1.0,1.0,0.0,,,,0.1,0.0,0.04,0.0,False,0.0,True,0.0,False,0.1,False,0.0,False,0.04,False,0.0,0.0,0.1,0.14,False,local
1020,1021,PBS_GROUP_SMALL,TC_000954,BOM_001000,ITEM_000980,HVAC,0.015,1.0,1.0,0.015,1.0,1.0,0.015,0.1,0.0,0.04,0.0,False,0.015,False,0.015,False,0.1,False,0.0,False,0.04,False,0.0,0.0,0.1,0.14,False,local
1021,1022,PBS_GROUP_SMALL,TC_000955,BOM_001001,ITEM_000981,HVAC,0.13,1.0,1.0,0.13,,,,0.1,0.0,0.04,0.0,False,0.13,True,0.0,False,0.1,False,0.0,False,0.04,False,0.0,0.0,0.1,0.14,False,local
1022,1023,PBS_GROUP_SMALL,TC_000956,BOM_001002,ITEM_000982,HVAC,0.121,0.9462,1.0,0.1144902,,,,0.1,0.0,0.04,0.0,False,0.1144902,True,0.0,False,0.1,False,0.0,False,0.04,False,0.0,0.0,0.1,0.14,False,local
1023,1024,PBS_GROUP_SMALL,TC_000957,BOM_001003,ITEM_000983,HVAC,13.433,1.0,1.0,13.433,,,,0.1,0.0,0.04,0.0,False,13.433,True,0.0,False,0.1,False,0.0,False,0.04,False,0.0,0.0,0.1,0.14,False,local
1023,1024,PBS_GROUP_SMALL,TC_000957,BOM_001003,ITEM_000983,CW,64.127,0.3586,1.0,22.995942199999998,1.0,1.0,64.127,0.1,0.0,0.04,0.0,False,22.995942199999998,False,64.127,False,0.1,False,0.0,False,0.04,False,0.0,0.0,0.1,0.14,False,local
1024,1025,PBS_GROUP_SMALL,TC_000958,BOM_001004,ITEM_000984,HVAC,11.981,1.0,1.0,11.981,1.0,1.0,11.981,0.1,0.0,0.04,0.0,False,11.981,False,11.981,False,0.1,False,0.0,False,0.04,False,0.0,0.0,0.1,0.14,False,local
1024,1025,PBS_GROUP_SMALL,TC_000958,BOM_001004,ITEM_000984,CW,59.805,1.0,1.0,59.805,1.0,1.0,59.805,0.1,0.0,0.04,0.0,False,59.805,False,59.805,False,0.1,False,0.0,False,0.04,False,0.0,0.0,0.1,0.14,False,local
1025,1026,,TC_000959,BOM_001005,ITEM_000985,FW,8.032,0.0,1.0,0.0,1.0,1.0,8.032,0.0,0.0,0.03,0.0,False,0.0,False,8.032,False,0.0,False,0.0,False,0.03,False,0.0,0.0,0.0,0.03,False,local
1026,1027,,TC_000960,BOM_001006,ITEM_000986,FW,8.359,0.998,1.0,8.342281999999999,0.9524,0.0,0.0,0.0,0.0,0.03,0.0,False,8.342281999999999,False,0.0,False,0.0,False,0.0,False,0.03,False,0.0,0.0,0.0,0.03,False,local
1027,1028,,TC_000961,BOM_001007,ITEM_000987,FW,8.235,0.3262,1.0,2.686257,0.0889,0.0,0.0,0.0,0.0,0.03,0.0,False,2.686257,False,0.0,False,0.0,False,0.0,False,0.03,False,0.0,0.0,0.0,0.03,False,local
1028,1029,,TC_000962,BOM_001008,ITEM_000988,FW,9.371,0.9346,1.0,8.7581366,0.0,1.0,0.0,0.0,0.0,0.03,0.0,False,8.7581366,False,0.0,False,0.0,False,0.0,False,0.03,False,0.0,0.0,0.0,0.03,False,local
1029,1030,,TC_000963,BOM_001009,ITEM_000989,FW,8.413,0.3008,1.0,2.5306304,0.072,1.0,0.6057359999999999,0.0,0.0,0.03,0.0,False,2.5306304,False,0.6057359999999999,False,0.0,False,0.0,False,0.03,False,0.0,0.0,0.0,0.03,False,local
1030,1031,PBS_GROUP_SMALL,TC_000964,BOM_001010,ITEM_000990,HVAC,0.151,1.0,1.0,0.151,,,,0.1,0.0,0.04,0.0,False,0.151,True,0.0,False,0.1,False,0.0,False,0.04,False,0.0,0.0,0.1,0.14,False,local
1031,1032,PBS_GROUP_0028,TC_000965,BOM_001011,ITEM_000991,HVAC,0.0,1.0,1.0,0.0,,,,0.1,0.0,0.04,0.0,False,0.0,True,0.0,False,0.1,False,0.0,False,0.04,False,0.0,0.0,0.1,0.14,False,local
1032,1033,PBS_GROUP_0028,TC_000966,BOM_001012,ITEM_000992,HVAC,0.126,1.0,1.0,0.126,,,,0.1,0.0,0.04,0.0,False,0.126,True,0.0,False,0.1,False,0.0,False,0.04,False,0.0,0.0,0.1,0.14,False,local
1033,1034,PBS_GROUP_0028,TC_000967,BOM_001013,ITEM_000993,HVAC,0.0,1.0,1.0,0.0,,,,0.1,0.0,0.04,0.0,False,0.0,True,0.0,False,0.1,False,0.0,False,0.04,False,0.0,0.0,0.1,0.14,False,local
1034,1035,PBS_GROUP_0028,TC_000968,BOM_001014,ITEM_000994,HVAC,0.076,0.9554,0.0,0.0,,,,0.1,0.0,0.04,0.0,False,0.0,True,0.0,False,0.1,False,0.0,False,0.04,False,0.0,0.0,0.1,0.14,False,local
1035,1036,PBS_GROUP_0028,TC_000969,BOM_001015,ITEM_000995,HVAC,0.001,1.0,1.0,0.001,,,,0.1,0.0,0.04,0.0,False,0.001,True,0.0,False,0.1,False,0.0,False,0.04,False,0.0,0.0,0.1,0.14,False,local
1036,1037,PBS_GROUP_0028,TC_000970,BOM_001016,ITEM_000996,HVAC,0.036,1.0,1.0,0.036,,,,0.1,0.0,0.04,0.0,False,0.036,True,0.0,False,0.1,False,0.0,False,0.04,False,0.0,0.0,0.1,0.14,False,local
1037,1038,PBS_GROUP_0028,TC_000971,BOM_001017,ITEM_000997,HVAC,0.094,1.0,1.0,0.094,,,,0.1,0.0,0.04,0.0,False,0.094,True,0.0,False,0.1,False,0.0,False,0.04,False,0.0,0.0,0.1,0.14,False,local
1038,1039,PBS_GROUP_SMALL,TC_000972,BOM_001018,ITEM_000998,HVAC,0.158,1.0,1.0,0.158,,,,0.1,0.0,0.04,0.0,False,0.158,True,0.0,False,0.1,False,0.0,False,0.04,False,0.0,0.0,0.1,0.14,False,local
1039,1040,PBS_GROUP_0033,TC_000973,BOM_001019,ITEM_000999,FW,11.52,1.0,1.0,11.52,0.4838,1.0,5.573376,0.0,0.0,0.08,0.05,False,11.52,False,5.573376,False,0.0,False,0.0,False,0.08,False,0.05,0.0,0.0,0.13,False,local
1040,1041,PBS_GROUP_SMALL,TC_000974,BOM_001020,ITEM_001000,CW,33.576,1.0,1.0,33.576,0.6711,1.0,22.532853600000003,0.1,0.0,0.04,0.0,False,33.576,False,22.532853600000003,False,0.1,False,0.0,False,0.04,False,0.0,0.0,0.1,0.14,False,local
1041,1042,PBS_GROUP_SMALL,TC_000975,BOM_001021,ITEM_001001,HVAC,2.745,1.0,1.0,2.745,1.0,1.0,2.745,0.1,0.0,0.04,0.0,False,2.745,False,2.745,False,0.1,False,0.0,False,0.04,False,0.0,0.0,0.1,0.14,False,local
1041,1042,PBS_GROUP_SMALL,TC_000975,BOM_001021,ITEM_001001,FW,68.774,0.4668,1.0,32.1037032,0.0,1.0,0.0,0.0,0.0,0.08,0.05,False,32.1037032,False,0.0,False,0.0,False,0.0,False,0.08,False,0.05,0.0,0.0,0.13,False,local
1042,1043,PBS_GROUP_SMALL,TC_000976,BOM_001022,ITEM_001002,HVAC,2.657,1.0,1.0,2.657,1.0,1.0,2.657,0.1,0.0,0.04,0.0,False,2.657,False,2.657,False,0.1,False,0.0,False,0.04,False,0.0,0.0,0.1,0.14,False,local
1042,1043,PBS_GROUP_SMALL,TC_000976,BOM_001022,ITEM_001002,FW,68.318,0.0,1.0,0.0,0.0,1.0,0.0,0.0,0.0,0.08,0.05,False,0.0,False,0.0,False,0.0,False,0.0,False,0.08,False,0.05,0.0,0.0,0.13,False,local
1043,1044,PBS_GROUP_SMALL,TC_000977,BOM_001023,ITEM_001003,HVAC,0.0,1.0,1.0,0.0,,,,0.1,0.0,0.04,0.0,False,0.0,True,0.0,False,0.1,False,0.0,False,0.04,False,0.0,0.0,0.1,0.14,False,local
1044,1045,PBS_GROUP_0034,TC_000978,BOM_001024,ITEM_001004,HVAC,0.846,1.0,1.0,0.846,1.0,1.0,0.846,0.1,0.0,0.04,0.0,False,0.846,False,0.846,False,0.1,False,0.0,False,0.04,False,0.0,0.0,0.1,0.14,False,local
1045,1046,PBS_GROUP_SMALL,TC_000979,BOM_001025,ITEM_001005,HVAC,0.691,1.0,1.0,0.691,1.0,1.0,0.691,0.1,0.0,0.04,0.0,False,0.691,False,0.691,False,0.1,False,0.0,False,0.04,False,0.0,0.0,0.1,0.14,False,local
1046,1047,PBS_GROUP_SMALL,TC_000980,BOM_001026,ITEM_001006,HVAC,0.018,1.0,1.0,0.018,,,,0.1,0.0,0.04,0.0,False,0.018,True,0.0,False,0.1,False,0.0,False,0.04,False,0.0,0.0,0.1,0.14,False,local
1047,1048,PBS_GROUP_SMALL,TC_000981,BOM_001027,ITEM_001007,HVAC,0.029,1.0,1.0,0.029,,,,0.1,0.0,0.04,0.0,False,0.029,True,0.0,False,0.1,False,0.0,False,0.04,False,0.0,0.0,0.1,0.14,False,local
1048,1049,PBS_GROUP_SMALL,TC_000982,BOM_001028,ITEM_001008,HVAC,0.223,1.0,1.0,0.223,1.0,1.0,0.223,0.1,0.0,0.04,0.0,False,0.223,False,0.223,False,0.1,False,0.0,False,0.04,False,0.0,0.0,0.1,0.14,False,local
1048,1049,PBS_GROUP_SMALL,TC_000982,BOM_001028,ITEM_001008,CW,0.259,1.0,1.0,0.259,1.0,1.0,0.259,0.1,0.0,0.04,0.0,False,0.259,False,0.259,False,0.1,False,0.0,False,0.04,False,0.0,0.0,0.1,0.14,False,local
1049,1050,PBS_GROUP_0023,TC_000983,BOM_001029,ITEM_001009,HVAC,0.0,1.0,1.0,0.0,,,,0.1,0.0,0.04,0.0,False,0.0,True,0.0,False,0.1,False,0.0,False,0.04,False,0.0,0.0,0.1,0.14,False,local
1050,1051,PBS_GROUP_0023,TC_000984,BOM_001030,ITEM_001010,HVAC,0.165,1.0,1.0,0.165,,,,0.1,0.0,0.04,0.0,False,0.165,True,0.0,False,0.1,False,0.0,False,0.04,False,0.0,0.0,0.1,0.14,False,local
1051,1052,PBS_GROUP_0035,TC_000985,BOM_001031,ITEM_001011,HVAC,0.0,1.0,1.0,0.0,,,,0.1,0.0,0.04,0.0,False,0.0,True,0.0,False,0.1,False,0.0,False,0.04,False,0.0,0.0,0.1,0.14,False,local
1052,1053,PBS_GROUP_0035,TC_000986,BOM_001032,ITEM_001012,HVAC,0.0,1.0,1.0,0.0,,,,0.1,0.0,0.04,0.0,False,0.0,True,0.0,False,0.1,False,0.0,False,0.04,False,0.0,0.0,0.1,0.14,False,local
1053,1054,PBS_GROUP_0035,TC_000987,BOM_001033,ITEM_001013,HVAC,0.004,1.0,1.0,0.004,,,,0.1,0.0,0.04,0.0,False,0.004,True,0.0,False,0.1,False,0.0,False,0.04,False,0.0,0.0,0.1,0.14,False,local
1054,1055,PBS_GROUP_0035,TC_000988,BOM_001034,ITEM_001014,HVAC,0.0,1.0,1.0,0.0,,,,0.1,0.0,0.04,0.0,False,0.0,True,0.0,False,0.1,False,0.0,False,0.04,False,0.0,0.0,0.1,0.14,False,local
1055,1056,PBS_GROUP_0035,TC_000989,BOM_001035,ITEM_001015,HVAC,0.0,1.0,0.9821,0.0,,,,0.1,0.0,0.04,0.0,False,0.0,True,0.0,False,0.1,False,0.0,False,0.04,False,0.0,0.0,0.1,0.14,False,local
1056,1057,PBS_GROUP_0035,TC_000990,BOM_001036,ITEM_001016,HVAC,0.036,1.0,1.0,0.036,,,,0.1,0.0,0.04,0.0,False,0.036,True,0.0,False,0.1,False,0.0,False,0.04,False,0.0,0.0,0.1,0.14,False,local
1057,1058,PBS_GROUP_0035,TC_000991,BOM_001037,ITEM_001017,HVAC,0.0,1.0,1.0,0.0,,,,0.1,0.0,0.04,0.0,False,0.0,True,0.0,False,0.1,False,0.0,False,0.04,False,0.0,0.0,0.1,0.14,False,local
1058,1059,PBS_GROUP_0035,TC_000992,BOM_001038,ITEM_001018,HVAC,0.033,1.0,1.0,0.033,,,,0.1,0.0,0.04,0.0,False,0.033,True,0.0,False,0.1,False,0.0,False,0.04,False,0.0,0.0,0.1,0.14,False,local
1059,1060,PBS_GROUP_0035,TC_000993,BOM_001039,ITEM_001019,HVAC,0.0,1.0,1.0,0.0,,,,0.1,0.0,0.04,0.0,False,0.0,True,0.0,False,0.1,False,0.0,False,0.04,False,0.0,0.0,0.1,0.14,False,local
1060,1061,PBS_GROUP_0035,TC_000994,BOM_001040,ITEM_001020,HVAC,0.0,1.0,1.0,0.0,,,,0.1,0.0,0.04,0.0,False,0.0,True,0.0,False,0.1,False,0.0,False,0.04,False,0.0,0.0,0.1,0.14,False,local
1061,1062,PBS_GROUP_0035,TC_000995,BOM_001041,ITEM_001021,HVAC,0.0,1.0,1.0,0.0,,,,0.1,0.0,0.04,0.0,False,0.0,True,0.0,False,0.1,False,0.0,False,0.04,False,0.0,0.0,0.1,0.14,False,local
1062,1063,PBS_GROUP_0035,TC_000996,BOM_001042,ITEM_001022,HVAC,0.0,1.0,1.0,0.0,,,,0.1,0.0,0.04,0.0,False,0.0,True,0.0,False,0.1,False,0.0,False,0.04,False,0.0,0.0,0.1,0.14,False,local
1063,1064,PBS_GROUP_0035,TC_000997,BOM_001043,ITEM_001023,HVAC,0.067,1.0,1.0,0.067,,,,0.1,0.0,0.04,0.0,False,0.067,True,0.0,False,0.1,False,0.0,False,0.04,False,0.0,0.0,0.1,0.14,False,local
1064,1065,PBS_GROUP_0035,TC_000998,BOM_001044,ITEM_001024,HVAC,0.0,1.0,1.0,0.0,,,,0.1,0.0,0.04,0.0,False,0.0,True,0.0,False,0.1,False,0.0,False,0.04,False,0.0,0.0,0.1,0.14,False,local
1065,1066,PBS_GROUP_0035,TC_000999,BOM_001045,ITEM_001025,HVAC,0.029,1.0,1.0,0.029,,,,0.1,0.0,0.04,0.0,False,0.029,True,0.0,False,0.1,False,0.0,False,0.04,False,0.0,0.0,0.1,0.14,False,local
1066,1067,PBS_GROUP_0035,TC_001000,BOM_001046,ITEM_001026,HVAC,0.0,1.0,1.0,0.0,,,,0.1,0.0,0.04,0.0,False,0.0,True,0.0,False,0.1,False,0.0,False,0.04,False,0.0,0.0,0.1,0.14,False,local
1067,1068,PBS_GROUP_0035,TC_001001,BOM_001047,ITEM_001027,HVAC,0.073,0.9913,1.0,0.0723649,,,,0.1,0.0,0.04,0.0,False,0.0723649,True,0.0,False,0.1,False,0.0,False,0.04,False,0.0,0.0,0.1,0.14,False,local
1068,1069,PBS_GROUP_0035,TC_001002,BOM_001048,ITEM_001028,HVAC,0.058,0.0,1.0,0.0,,,,0.1,0.0,0.04,0.0,False,0.0,True,0.0,False,0.1,False,0.0,False,0.04,False,0.0,0.0,0.1,0.14,False,local
1069,1070,PBS_GROUP_0036,TC_001003,BOM_001049,ITEM_001029,HVAC,0.103,1.0,1.0,0.103,,,,0.1,0.0,0.04,0.0,False,0.103,True,0.0,False,0.1,False,0.0,False,0.04,False,0.0,0.0,0.1,0.14,False,local
1070,1071,PBS_GROUP_0036,TC_001004,BOM_001050,ITEM_001030,HVAC,0.0,1.0,1.0,0.0,,,,0.1,0.0,0.04,0.0,False,0.0,True,0.0,False,0.1,False,0.0,False,0.04,False,0.0,0.0,0.1,0.14,False,local
1071,1072,PBS_GROUP_0036,TC_001005,BOM_001051,ITEM_001031,HVAC,0.0,1.0,1.0,0.0,,,,0.1,0.0,0.04,0.0,False,0.0,True,0.0,False,0.1,False,0.0,False,0.04,False,0.0,0.0,0.1,0.14,False,local
1072,1073,PBS_GROUP_0036,TC_001006,BOM_001052,ITEM_001032,HVAC,0.005,1.0,1.0,0.005,,,,0.1,0.0,0.04,0.0,False,0.005,True,0.0,False,0.1,False,0.0,False,0.04,False,0.0,0.0,0.1,0.14,False,local
1073,1074,PBS_GROUP_0036,TC_001007,BOM_001053,ITEM_001033,HVAC,0.082,1.0,1.0,0.082,,,,0.1,0.0,0.04,0.0,False,0.082,True,0.0,False,0.1,False,0.0,False,0.04,False,0.0,0.0,0.1,0.14,False,local
1074,1075,PBS_GROUP_0036,TC_001008,BOM_001054,ITEM_001034,HVAC,3.884,1.0,1.0,3.884,,,,0.1,0.0,0.04,0.0,False,3.884,True,0.0,False,0.1,False,0.0,False,0.04,False,0.0,0.0,0.1,0.14,False,local
1075,1076,PBS_GROUP_0036,TC_001009,BOM_001055,ITEM_001035,HVAC,4.644,1.0,1.0,4.644,,,,0.1,0.0,0.04,0.0,False,4.644,True,0.0,False,0.1,False,0.0,False,0.04,False,0.0,0.0,0.1,0.14,False,local
1076,1077,PBS_GROUP_0036,TC_001010,BOM_001056,ITEM_001036,HVAC,4.156,1.0,1.0,4.156,,,,0.1,0.0,0.04,0.0,False,4.156,True,0.0,False,0.1,False,0.0,False,0.04,False,0.0,0.0,0.1,0.14,False,local
1077,1078,PBS_GROUP_0036,TC_001011,BOM_001057,ITEM_001037,HVAC,0.0,1.0,1.0,0.0,,,,0.1,0.0,0.04,0.0,False,0.0,True,0.0,False,0.1,False,0.0,False,0.04,False,0.0,0.0,0.1,0.14,False,local
1078,1079,PBS_GROUP_0036,TC_001012,BOM_001058,ITEM_001038,HVAC,0.102,0.5838,1.0,0.05954759999999999,,,,0.1,0.0,0.04,0.0,False,0.05954759999999999,True,0.0,False,0.1,False,0.0,False,0.04,False,0.0,0.0,0.1,0.14,False,local
1079,1080,PBS_GROUP_0036,TC_001013,BOM_001059,ITEM_001039,HVAC,0.0,1.0,1.0,0.0,,,,0.1,0.0,0.04,0.0,False,0.0,True,0.0,False,0.1,False,0.0,False,0.04,False,0.0,0.0,0.1,0.14,False,local
1080,1081,PBS_GROUP_0036,TC_001014,BOM_001060,ITEM_001040,HVAC,0.0,1.0,0.9482,0.0,,,,0.1,0.0,0.04,0.0,False,0.0,True,0.0,False,0.1,False,0.0,False,0.04,False,0.0,0.0,0.1,0.14,False,local
1081,1082,PBS_GROUP_0036,TC_001015,BOM_001061,ITEM_001041,HVAC,4.887,0.993,1.0,4.852791,,,,0.1,0.0,0.04,0.0,False,4.852791,True,0.0,False,0.1,False,0.0,False,0.04,False,0.0,0.0,0.1,0.14,False,local
1082,1083,PBS_GROUP_0036,TC_001016,BOM_001062,ITEM_001042,HVAC,4.645,1.0,1.0,4.645,,,,0.1,0.0,0.04,0.0,False,4.645,True,0.0,False,0.1,False,0.0,False,0.04,False,0.0,0.0,0.1,0.14,False,local
1083,1084,PBS_GROUP_0025,TC_001017,BOM_001063,ITEM_001043,HVAC,0.06,1.0,1.0,0.06,,,,0.1,0.0,0.04,0.0,False,0.06,True,0.0,False,0.1,False,0.0,False,0.04,False,0.0,0.0,0.1,0.14,False,local
1084,1085,PBS_GROUP_0025,TC_001018,BOM_001064,ITEM_001043,HVAC,0.0,1.0,1.0,0.0,,,,0.1,0.0,0.04,0.0,False,0.0,True,0.0,False,0.1,False,0.0,False,0.04,False,0.0,0.0,0.1,0.14,False,local
1085,1086,PBS_GROUP_0025,TC_001019,BOM_001065,ITEM_001043,HVAC,0.0,1.0,1.0,0.0,,,,0.1,0.0,0.04,0.0,False,0.0,True,0.0,False,0.1,False,0.0,False,0.04,False,0.0,0.0,0.1,0.14,False,local
1086,1087,PBS_GROUP_0025,TC_001020,BOM_001066,ITEM_001043,HVAC,0.044,1.0,1.0,0.044,,,,0.1,0.0,0.04,0.0,False,0.044,True,0.0,False,0.1,False,0.0,False,0.04,False,0.0,0.0,0.1,0.14,False,local
1087,1088,PBS_GROUP_0025,TC_001021,BOM_001067,ITEM_001043,HVAC,0.0,1.0,1.0,0.0,,,,0.1,0.0,0.04,0.0,False,0.0,True,0.0,False,0.1,False,0.0,False,0.04,False,0.0,0.0,0.1,0.14,False,local
1088,1089,PBS_GROUP_0025,TC_001022,BOM_001068,ITEM_001043,HVAC,0.02,1.0,1.0,0.02,,,,0.1,0.0,0.04,0.0,False,0.02,True,0.0,False,0.1,False,0.0,False,0.04,False,0.0,0.0,0.1,0.14,False,local
1089,1090,PBS_GROUP_0025,TC_001023,BOM_001069,ITEM_001043,HVAC,0.0,1.0,1.0,0.0,,,,0.1,0.0,0.04,0.0,False,0.0,True,0.0,False,0.1,False,0.0,False,0.04,False,0.0,0.0,0.1,0.14,False,local
1090,1091,PBS_GROUP_0025,TC_001024,BOM_001070,ITEM_001043,HVAC,0.0,1.0,1.0,0.0,,,,0.1,0.0,0.04,0.0,False,0.0,True,0.0,False,0.1,False,0.0,False,0.04,False,0.0,0.0,0.1,0.14,False,local
1091,1092,PBS_GROUP_0025,TC_001025,BOM_001071,ITEM_001043,HVAC,0.2,1.0,1.0,0.2,,,,0.1,0.0,0.04,0.0,False,0.2,True,0.0,False,0.1,False,0.0,False,0.04,False,0.0,0.0,0.1,0.14,False,local
1092,1093,PBS_GROUP_0025,TC_001026,BOM_001072,ITEM_001043,HVAC,0.0,1.0,1.0,0.0,,,,0.1,0.0,0.04,0.0,False,0.0,True,0.0,False,0.1,False,0.0,False,0.04,False,0.0,0.0,0.1,0.14,False,local
1093,1094,PBS_GROUP_0025,TC_001027,BOM_001073,ITEM_001043,HVAC,0.142,1.0,1.0,0.142,,,,0.1,0.0,0.04,0.0,False,0.142,True,0.0,False,0.1,False,0.0,False,0.04,False,0.0,0.0,0.1,0.14,False,local
1094,1095,PBS_GROUP_0025,TC_001028,BOM_001074,ITEM_001043,HVAC,0.0,0.9929,1.0,0.0,,,,0.1,0.0,0.04,0.0,False,0.0,True,0.0,False,0.1,False,0.0,False,0.04,False,0.0,0.0,0.1,0.14,False,local
1095,1096,PBS_GROUP_0025,TC_001029,BOM_001075,ITEM_001043,HVAC,0.0,0.7849,1.0,0.0,,,,0.1,0.0,0.04,0.0,False,0.0,True,0.0,False,0.1,False,0.0,False,0.04,False,0.0,0.0,0.1,0.14,False,local
1096,1097,PBS_GROUP_0025,TC_001030,BOM_001076,ITEM_001043,HVAC,0.028,0.7723,1.0,0.0216244,,,,0.1,0.0,0.04,0.0,False,0.0216244,True,0.0,False,0.1,False,0.0,False,0.04,False,0.0,0.0,0.1,0.14,False,local
1097,1098,PBS_GROUP_0025,TC_001031,BOM_001077,ITEM_001043,HVAC,0.128,0.7264,1.0,0.09297920000000001,,,,0.1,0.0,0.04,0.0,False,0.09297920000000001,True,0.0,False,0.1,False,0.0,False,0.04,False,0.0,0.0,0.1,0.14,False,local
1098,1099,PBS_GROUP_0025,TC_001032,BOM_001078,ITEM_001043,HVAC,0.074,1.0,1.0,0.074,,,,0.1,0.0,0.04,0.0,False,0.074,True,0.0,False,0.1,False,0.0,False,0.04,False,0.0,0.0,0.1,0.14,False,local
1099,1100,PBS_GROUP_0025,TC_001033,BOM_001079,ITEM_001043,HVAC,0.107,1.0,1.0,0.107,,,,0.1,0.0,0.04,0.0,False,0.107,True,0.0,False,0.1,False,0.0,False,0.04,False,0.0,0.0,0.1,0.14,False,local
1100,1101,PBS_GROUP_0025,TC_001034,BOM_001080,ITEM_001043,HVAC,0.058,1.0,1.0,0.058,,,,0.1,0.0,0.04,0.0,False,0.058,True,0.0,False,0.1,False,0.0,False,0.04,False,0.0,0.0,0.1,0.14,False,local
1101,1102,PBS_GROUP_0025,TC_001035,BOM_001081,ITEM_001043,HVAC,0.063,1.0,1.0,0.063,,,,0.1,0.0,0.04,0.0,False,0.063,True,0.0,False,0.1,False,0.0,False,0.04,False,0.0,0.0,0.1,0.14,False,local
1102,1103,PBS_GROUP_0025,TC_001036,BOM_001082,ITEM_001043,HVAC,0.184,1.0,1.0,0.184,,,,0.1,0.0,0.04,0.0,False,0.184,True,0.0,False,0.1,False,0.0,False,0.04,False,0.0,0.0,0.1,0.14,False,local
1103,1104,PBS_GROUP_0025,TC_001037,BOM_001083,ITEM_001043,HVAC,0.0,1.0,1.0,0.0,,,,0.1,0.0,0.04,0.0,False,0.0,True,0.0,False,0.1,False,0.0,False,0.04,False,0.0,0.0,0.1,0.14,False,local
1104,1105,PBS_GROUP_0025,TC_001038,BOM_001084,ITEM_001043,HVAC,0.007,1.0,1.0,0.007,,,,0.1,0.0,0.04,0.0,False,0.007,True,0.0,False,0.1,False,0.0,False,0.04,False,0.0,0.0,0.1,0.14,False,local
1105,1106,PBS_GROUP_0025,TC_001039,BOM_001085,ITEM_001043,HVAC,0.0,1.0,1.0,0.0,,,,0.1,0.0,0.04,0.0,False,0.0,True,0.0,False,0.1,False,0.0,False,0.04,False,0.0,0.0,0.1,0.14,False,local
1106,1107,PBS_GROUP_0025,TC_001040,BOM_001086,ITEM_001043,HVAC,0.0,1.0,1.0,0.0,,,,0.1,0.0,0.04,0.0,False,0.0,True,0.0,False,0.1,False,0.0,False,0.04,False,0.0,0.0,0.1,0.14,False,local
1107,1108,PBS_GROUP_0025,TC_001041,BOM_001087,ITEM_001043,HVAC,0.064,1.0,1.0,0.064,,,,0.1,0.0,0.04,0.0,False,0.064,True,0.0,False,0.1,False,0.0,False,0.04,False,0.0,0.0,0.1,0.14,False,local
1108,1109,PBS_GROUP_0025,TC_001042,BOM_001088,ITEM_001043,HVAC,0.268,1.0,1.0,0.268,,,,0.1,0.0,0.04,0.0,False,0.268,True,0.0,False,0.1,False,0.0,False,0.04,False,0.0,0.0,0.1,0.14,False,local
1109,1110,PBS_GROUP_0025,TC_001043,BOM_001089,ITEM_001043,HVAC,0.0,1.0,1.0,0.0,,,,0.1,0.0,0.04,0.0,False,0.0,True,0.0,False,0.1,False,0.0,False,0.04,False,0.0,0.0,0.1,0.14,False,local
1110,1111,PBS_GROUP_0025,TC_001044,BOM_001090,ITEM_001043,HVAC,0.025,1.0,1.0,0.025,,,,0.1,0.0,0.04,0.0,False,0.025,True,0.0,False,0.1,False,0.0,False,0.04,False,0.0,0.0,0.1,0.14,False,local
1111,1112,PBS_GROUP_0025,TC_001045,BOM_001091,ITEM_001043,HVAC,0.088,0.7864,1.0,0.06920319999999999,,,,0.1,0.0,0.04,0.0,False,0.06920319999999999,True,0.0,False,0.1,False,0.0,False,0.04,False,0.0,0.0,0.1,0.14,False,local
1112,1113,PBS_GROUP_0025,TC_001046,BOM_001092,ITEM_001043,HVAC,0.0,1.0,1.0,0.0,,,,0.1,0.0,0.04,0.0,False,0.0,True,0.0,False,0.1,False,0.0,False,0.04,False,0.0,0.0,0.1,0.14,False,local
1113,1114,PBS_GROUP_0025,TC_001047,BOM_001093,ITEM_001043,HVAC,0.071,1.0,1.0,0.071,,,,0.1,0.0,0.04,0.0,False,0.071,True,0.0,False,0.1,False,0.0,False,0.04,False,0.0,0.0,0.1,0.14,False,local
1114,1115,PBS_GROUP_0025,TC_001048,BOM_001094,ITEM_001043,HVAC,0.0,1.0,1.0,0.0,,,,0.1,0.0,0.04,0.0,False,0.0,True,0.0,False,0.1,False,0.0,False,0.04,False,0.0,0.0,0.1,0.14,False,local
1115,1116,PBS_GROUP_0025,TC_001049,BOM_001095,ITEM_001043,HVAC,0.063,1.0,1.0,0.063,,,,0.1,0.0,0.04,0.0,False,0.063,True,0.0,False,0.1,False,0.0,False,0.04,False,0.0,0.0,0.1,0.14,False,local
1116,1117,PBS_GROUP_0025,TC_001050,BOM_001096,ITEM_001043,HVAC,0.112,1.0,1.0,0.112,,,,0.1,0.0,0.04,0.0,False,0.112,True,0.0,False,0.1,False,0.0,False,0.04,False,0.0,0.0,0.1,0.14,False,local
1117,1118,PBS_GROUP_0025,TC_001051,BOM_001097,ITEM_001043,HVAC,0.157,1.0,1.0,0.157,,,,0.1,0.0,0.04,0.0,False,0.157,True,0.0,False,0.1,False,0.0,False,0.04,False,0.0,0.0,0.1,0.14,False,local
1118,1119,PBS_GROUP_0025,TC_001052,BOM_001098,ITEM_001043,HVAC,0.002,1.0,1.0,0.002,,,,0.1,0.0,0.04,0.0,False,0.002,True,0.0,False,0.1,False,0.0,False,0.04,False,0.0,0.0,0.1,0.14,False,local
1119,1120,PBS_GROUP_0025,TC_001053,BOM_001099,ITEM_001043,HVAC,0.044,1.0,1.0,0.044,,,,0.1,0.0,0.04,0.0,False,0.044,True,0.0,False,0.1,False,0.0,False,0.04,False,0.0,0.0,0.1,0.14,False,local
1120,1121,PBS_GROUP_0025,TC_001054,BOM_001100,ITEM_001043,HVAC,0.088,1.0,1.0,0.088,,,,0.1,0.0,0.04,0.0,False,0.088,True,0.0,False,0.1,False,0.0,False,0.04,False,0.0,0.0,0.1,0.14,False,local
1121,1122,PBS_GROUP_0025,TC_001055,BOM_001101,ITEM_001043,HVAC,0.0,0.9949,1.0,0.0,,,,0.1,0.0,0.04,0.0,False,0.0,True,0.0,False,0.1,False,0.0,False,0.04,False,0.0,0.0,0.1,0.14,False,local
1122,1123,PBS_GROUP_0025,TC_001056,BOM_001102,ITEM_001043,HVAC,0.102,1.0,1.0,0.102,,,,0.1,0.0,0.04,0.0,False,0.102,True,0.0,False,0.1,False,0.0,False,0.04,False,0.0,0.0,0.1,0.14,False,local
1123,1124,PBS_GROUP_0025,TC_001057,BOM_001103,ITEM_001043,HVAC,0.0,1.0,1.0,0.0,,,,0.1,0.0,0.04,0.0,False,0.0,True,0.0,False,0.1,False,0.0,False,0.04,False,0.0,0.0,0.1,0.14,False,local
1124,1125,PBS_GROUP_0025,TC_001058,BOM_001104,ITEM_001043,HVAC,0.029,1.0,0.9624,0.027909600000000003,,,,0.1,0.0,0.04,0.0,False,0.027909600000000003,True,0.0,False,0.1,False,0.0,False,0.04,False,0.0,0.0,0.1,0.14,False,local
1125,1126,PBS_GROUP_0025,TC_001059,BOM_001105,ITEM_001043,HVAC,0.0,1.0,1.0,0.0,,,,0.1,0.0,0.04,0.0,False,0.0,True,0.0,False,0.1,False,0.0,False,0.04,False,0.0,0.0,0.1,0.14,False,local
1126,1127,PBS_GROUP_0025,TC_001060,BOM_001106,ITEM_001043,HVAC,0.0,1.0,1.0,0.0,,,,0.1,0.0,0.04,0.0,False,0.0,True,0.0,False,0.1,False,0.0,False,0.04,False,0.0,0.0,0.1,0.14,False,local
1127,1128,PBS_GROUP_0025,TC_001061,BOM_001107,ITEM_001043,HVAC,0.0,1.0,1.0,0.0,,,,0.1,0.0,0.04,0.0,False,0.0,True,0.0,False,0.1,False,0.0,False,0.04,False,0.0,0.0,0.1,0.14,False,local
1128,1129,PBS_GROUP_0025,TC_001062,BOM_001108,ITEM_001043,HVAC,0.058,1.0,1.0,0.058,,,,0.1,0.0,0.04,0.0,False,0.058,True,0.0,False,0.1,False,0.0,False,0.04,False,0.0,0.0,0.1,0.14,False,local
1129,1130,PBS_GROUP_0025,TC_001063,BOM_001109,ITEM_001043,HVAC,0.0,1.0,1.0,0.0,,,,0.1,0.0,0.04,0.0,False,0.0,True,0.0,False,0.1,False,0.0,False,0.04,False,0.0,0.0,0.1,0.14,False,local
1130,1131,PBS_GROUP_0018,TC_001064,BOM_001110,ITEM_001044,HVAC,0.552,1.0,1.0,0.552,1.0,1.0,0.552,0.1,0.15,0.1,0.0,False,0.552,False,0.552,False,0.1,False,0.15,False,0.1,False,0.0,0.15,0.25,0.35,False,local
1131,1132,PBS_GROUP_0010,TC_001065,BOM_001111,ITEM_001045,HVAC,0.0,1.0,1.0,0.0,,,,0.1,0.0,0.04,0.0,False,0.0,True,0.0,False,0.1,False,0.0,False,0.04,False,0.0,0.0,0.1,0.14,False,local
1132,1133,PBS_GROUP_SMALL,TC_001066,BOM_001112,ITEM_001046,HVAC,10.34,0.9496,1.0,9.818864,1.0,1.0,10.34,,,,,False,9.818864,False,10.34,True,0.0,True,0.0,True,0.0,True,0.0,0.0,0.0,0.0,False,local
1133,1134,PBS_GROUP_0035,TC_001067,BOM_001113,ITEM_001047,HVAC,0.397,1.0,1.0,0.397,,,,0.1,0.0,0.04,0.0,False,0.397,True,0.0,False,0.1,False,0.0,False,0.04,False,0.0,0.0,0.1,0.14,False,local
1134,1135,PBS_GROUP_0035,TC_001068,BOM_001114,ITEM_001048,HVAC,0.47,0.967,1.0,0.45448999999999995,,,,0.1,0.0,0.04,0.0,False,0.45448999999999995,True,0.0,False,0.1,False,0.0,False,0.04,False,0.0,0.0,0.1,0.14,False,local
1135,1136,,TC_001069,BOM_001115,ITEM_001049,FW,2.517,0.7259,1.0,1.8270902999999998,0.0,0.0,0.0,0.0,0.0,0.08,0.05,False,1.8270902999999998,False,0.0,False,0.0,False,0.0,False,0.08,False,0.05,0.0,0.0,0.13,False,local
1136,1137,,TC_001070,BOM_001116,ITEM_001050,FW,2.908,0.9608,1.0,2.7940064,0.0,1.0,0.0,0.0,0.0,0.08,0.05,False,2.7940064,False,0.0,False,0.0,False,0.0,False,0.08,False,0.05,0.0,0.0,0.13,False,local
1137,1138,PBS_GROUP_0037,TC_001071,BOM_001117,ITEM_001051,HVAC,0.0,1.0,1.0,0.0,,,,0.1,0.0,0.04,0.0,False,0.0,True,0.0,False,0.1,False,0.0,False,0.04,False,0.0,0.0,0.1,0.14,False,local
1138,1139,PBS_GROUP_0037,TC_001072,BOM_001118,ITEM_001052,HVAC,0.033,0.8226,1.0,0.0271458,,,,0.1,0.0,0.04,0.0,False,0.0271458,True,0.0,False,0.1,False,0.0,False,0.04,False,0.0,0.0,0.1,0.14,False,local
1139,1140,PBS_GROUP_0028,TC_001073,BOM_001119,ITEM_001053,HVAC,0.152,1.0,0.9943,0.15113359999999998,,,,0.1,0.0,0.04,0.0,False,0.15113359999999998,True,0.0,False,0.1,False,0.0,False,0.04,False,0.0,0.0,0.1,0.14,False,local
1140,1141,PBS_GROUP_0028,TC_001074,BOM_001120,ITEM_001053,HVAC,0.111,1.0,1.0,0.111,,,,0.1,0.0,0.04,0.0,False,0.111,True,0.0,False,0.1,False,0.0,False,0.04,False,0.0,0.0,0.1,0.14,False,local
1141,1142,PBS_GROUP_0028,TC_001075,BOM_001121,ITEM_000834,HVAC,0.0,1.0,1.0,0.0,,,,0.1,0.0,0.04,0.0,False,0.0,True,0.0,False,0.1,False,0.0,False,0.04,False,0.0,0.0,0.1,0.14,False,local
1142,1143,PBS_GROUP_0028,TC_001076,BOM_001122,ITEM_000834,HVAC,0.0,1.0,1.0,0.0,,,,0.1,0.0,0.04,0.0,False,0.0,True,0.0,False,0.1,False,0.0,False,0.04,False,0.0,0.0,0.1,0.14,False,local
1143,1144,PBS_GROUP_0028,TC_001077,BOM_001123,ITEM_001054,HVAC,0.203,0.9747,1.0,0.19786410000000001,,,,0.1,0.0,0.04,0.0,False,0.19786410000000001,True,0.0,False,0.1,False,0.0,False,0.04,False,0.0,0.0,0.1,0.14,False,local
1144,1145,PBS_GROUP_0028,TC_001078,BOM_001124,ITEM_001054,HVAC,0.011,1.0,1.0,0.011,,,,0.1,0.0,0.04,0.0,False,0.011,True,0.0,False,0.1,False,0.0,False,0.04,False,0.0,0.0,0.1,0.14,False,local
1145,1146,PBS_GROUP_0028,TC_001079,BOM_001125,ITEM_001055,HVAC,0.25,1.0,1.0,0.25,,,,0.1,0.0,0.04,0.0,False,0.25,True,0.0,False,0.1,False,0.0,False,0.04,False,0.0,0.0,0.1,0.14,False,local
1146,1147,PBS_GROUP_0023,TC_001080,BOM_001126,ITEM_001056,HVAC,0.079,1.0,1.0,0.079,,,,0.1,0.0,0.04,0.0,False,0.079,True,0.0,False,0.1,False,0.0,False,0.04,False,0.0,0.0,0.1,0.14,False,local
1147,1148,PBS_GROUP_0023,TC_001081,BOM_001127,ITEM_001057,HVAC,0.079,1.0,1.0,0.079,,,,0.1,0.0,0.04,0.0,False,0.079,True,0.0,False,0.1,False,0.0,False,0.04,False,0.0,0.0,0.1,0.14,False,local
1148,1149,PBS_GROUP_0023,TC_001082,BOM_001128,ITEM_001058,HVAC,0.04,1.0,1.0,0.04,,,,0.1,0.0,0.04,0.0,False,0.04,True,0.0,False,0.1,False,0.0,False,0.04,False,0.0,0.0,0.1,0.14,False,local
1149,1150,PBS_GROUP_0023,TC_001083,BOM_001129,ITEM_001059,HVAC,0.044,1.0,1.0,0.044,,,,0.1,0.0,0.04,0.0,False,0.044,True,0.0,False,0.1,False,0.0,False,0.04,False,0.0,0.0,0.1,0.14,False,local
1150,1151,PBS_GROUP_0023,TC_001084,BOM_001130,ITEM_001060,HVAC,0.082,1.0,1.0,0.082,,,,0.1,0.0,0.04,0.0,False,0.082,True,0.0,False,0.1,False,0.0,False,0.04,False,0.0,0.0,0.1,0.14,False,local
1151,1152,PBS_GROUP_0023,TC_001085,BOM_001131,ITEM_001061,HVAC,0.115,0.0,0.9878,0.0,,,,0.1,0.0,0.04,0.0,False,0.0,True,0.0,False,0.1,False,0.0,False,0.04,False,0.0,0.0,0.1,0.14,False,local
1152,1153,PBS_GROUP_0023,TC_001086,BOM_001132,ITEM_001062,HVAC,0.151,0.9788,1.0,0.1477988,,,,0.1,0.0,0.04,0.0,False,0.1477988,True,0.0,False,0.1,False,0.0,False,0.04,False,0.0,0.0,0.1,0.14,False,local
1153,1154,PBS_GROUP_0023,TC_001087,BOM_001133,ITEM_001063,HVAC,0.079,1.0,1.0,0.079,,,,0.1,0.0,0.04,0.0,False,0.079,True,0.0,False,0.1,False,0.0,False,0.04,False,0.0,0.0,0.1,0.14,False,local
1154,1155,PBS_GROUP_0023,TC_001088,BOM_001134,ITEM_001064,HVAC,0.032,1.0,1.0,0.032,,,,0.1,0.0,0.04,0.0,False,0.032,True,0.0,False,0.1,False,0.0,False,0.04,False,0.0,0.0,0.1,0.14,False,local
1155,1156,PBS_GROUP_0023,TC_001089,BOM_001135,ITEM_001065,HVAC,0.029,1.0,1.0,0.029,,,,0.1,0.0,0.04,0.0,False,0.029,True,0.0,False,0.1,False,0.0,False,0.04,False,0.0,0.0,0.1,0.14,False,local
1156,1157,PBS_GROUP_0023,TC_001090,BOM_001136,ITEM_001066,HVAC,0.122,1.0,1.0,0.122,,,,0.1,0.0,0.04,0.0,False,0.122,True,0.0,False,0.1,False,0.0,False,0.04,False,0.0,0.0,0.1,0.14,False,local
1157,1158,PBS_GROUP_0023,TC_001091,BOM_001137,ITEM_001067,HVAC,0.04,1.0,1.0,0.04,,,,0.1,0.0,0.04,0.0,False,0.04,True,0.0,False,0.1,False,0.0,False,0.04,False,0.0,0.0,0.1,0.14,False,local
1158,1159,PBS_GROUP_0023,TC_001092,BOM_001138,ITEM_001068,HVAC,0.022,0.7649,1.0,0.0168278,,,,0.1,0.0,0.04,0.0,False,0.0168278,True,0.0,False,0.1,False,0.0,False,0.04,False,0.0,0.0,0.1,0.14,False,local
1159,1160,PBS_GROUP_0023,TC_001093,BOM_001139,ITEM_001069,HVAC,0.0,1.0,1.0,0.0,,,,0.1,0.0,0.04,0.0,False,0.0,True,0.0,False,0.1,False,0.0,False,0.04,False,0.0,0.0,0.1,0.14,False,local
1160,1161,PBS_GROUP_0023,TC_001094,BOM_001140,ITEM_001070,HVAC,0.0,1.0,1.0,0.0,,,,0.1,0.0,0.04,0.0,False,0.0,True,0.0,False,0.1,False,0.0,False,0.04,False,0.0,0.0,0.1,0.14,False,local
1161,1162,PBS_GROUP_0023,TC_001095,BOM_001141,ITEM_001071,HVAC,0.0,1.0,1.0,0.0,,,,0.1,0.0,0.04,0.0,False,0.0,True,0.0,False,0.1,False,0.0,False,0.04,False,0.0,0.0,0.1,0.14,False,local
1162,1163,PBS_GROUP_0023,TC_001096,BOM_001142,ITEM_001072,HVAC,0.0,0.7883,1.0,0.0,,,,0.1,0.0,0.04,0.0,False,0.0,True,0.0,False,0.1,False,0.0,False,0.04,False,0.0,0.0,0.1,0.14,False,local
1163,1164,PBS_GROUP_0023,TC_001097,BOM_001143,ITEM_001073,HVAC,0.0,1.0,1.0,0.0,,,,0.1,0.0,0.04,0.0,False,0.0,True,0.0,False,0.1,False,0.0,False,0.04,False,0.0,0.0,0.1,0.14,False,local
1164,1165,PBS_GROUP_0023,TC_001098,BOM_001144,ITEM_001074,HVAC,0.091,1.0,1.0,0.091,,,,0.1,0.0,0.04,0.0,False,0.091,True,0.0,False,0.1,False,0.0,False,0.04,False,0.0,0.0,0.1,0.14,False,local
1165,1166,PBS_GROUP_0023,TC_001099,BOM_001145,ITEM_001075,HVAC,0.024,1.0,1.0,0.024,,,,0.1,0.0,0.04,0.0,False,0.024,True,0.0,False,0.1,False,0.0,False,0.04,False,0.0,0.0,0.1,0.14,False,local
1166,1167,PBS_GROUP_0023,TC_001100,BOM_001146,ITEM_001076,HVAC,0.071,1.0,1.0,0.071,,,,0.1,0.0,0.04,0.0,False,0.071,True,0.0,False,0.1,False,0.0,False,0.04,False,0.0,0.0,0.1,0.14,False,local
1167,1168,PBS_GROUP_0023,TC_001101,BOM_001147,ITEM_001077,HVAC,0.0,1.0,1.0,0.0,,,,0.1,0.0,0.04,0.0,False,0.0,True,0.0,False,0.1,False,0.0,False,0.04,False,0.0,0.0,0.1,0.14,False,local
1168,1169,PBS_GROUP_0023,TC_001102,BOM_001148,ITEM_001078,HVAC,0.199,1.0,1.0,0.199,,,,0.1,0.0,0.04,0.0,False,0.199,True,0.0,False,0.1,False,0.0,False,0.04,False,0.0,0.0,0.1,0.14,False,local
1169,1170,PBS_GROUP_0028,TC_001103,BOM_001149,ITEM_001079,HVAC,0.054,1.0,1.0,0.054,,,,0.1,0.0,0.04,0.0,False,0.054,True,0.0,False,0.1,False,0.0,False,0.04,False,0.0,0.0,0.1,0.14,False,local
1170,1171,PBS_GROUP_0028,TC_001104,BOM_001150,ITEM_001080,HVAC,0.0,1.0,1.0,0.0,,,,0.1,0.0,0.04,0.0,False,0.0,True,0.0,False,0.1,False,0.0,False,0.04,False,0.0,0.0,0.1,0.14,False,local
1171,1172,PBS_GROUP_0028,TC_001105,BOM_001151,ITEM_001081,HVAC,0.0,0.9739,1.0,0.0,,,,0.1,0.0,0.04,0.0,False,0.0,True,0.0,False,0.1,False,0.0,False,0.04,False,0.0,0.0,0.1,0.14,False,local
1172,1173,PBS_GROUP_0028,TC_001106,BOM_001152,ITEM_001082,HVAC,0.148,1.0,1.0,0.148,,,,0.1,0.0,0.04,0.0,False,0.148,True,0.0,False,0.1,False,0.0,False,0.04,False,0.0,0.0,0.1,0.14,False,local
1173,1174,PBS_GROUP_0028,TC_001107,BOM_001153,ITEM_001083,HVAC,0.123,1.0,1.0,0.123,,,,0.1,0.0,0.04,0.0,False,0.123,True,0.0,False,0.1,False,0.0,False,0.04,False,0.0,0.0,0.1,0.14,False,local
1174,1175,PBS_GROUP_0028,TC_001108,BOM_001154,ITEM_001084,HVAC,0.0,1.0,1.0,0.0,,,,0.1,0.0,0.04,0.0,False,0.0,True,0.0,False,0.1,False,0.0,False,0.04,False,0.0,0.0,0.1,0.14,False,local
1175,1176,PBS_GROUP_0028,TC_001109,BOM_001155,ITEM_001085,HVAC,0.065,1.0,1.0,0.065,,,,0.1,0.0,0.04,0.0,False,0.065,True,0.0,False,0.1,False,0.0,False,0.04,False,0.0,0.0,0.1,0.14,False,local
1176,1177,PBS_GROUP_0028,TC_001110,BOM_001156,ITEM_001086,HVAC,0.0,1.0,1.0,0.0,,,,0.1,0.0,0.04,0.0,False,0.0,True,0.0,False,0.1,False,0.0,False,0.04,False,0.0,0.0,0.1,0.14,False,local
1177,1178,PBS_GROUP_0028,TC_001111,BOM_001157,ITEM_001087,HVAC,0.054,1.0,1.0,0.054,,,,0.1,0.0,0.04,0.0,False,0.054,True,0.0,False,0.1,False,0.0,False,0.04,False,0.0,0.0,0.1,0.14,False,local
1178,1179,PBS_GROUP_0028,TC_001112,BOM_001158,ITEM_001087,HVAC,0.161,1.0,1.0,0.161,,,,0.1,0.0,0.04,0.0,False,0.161,True,0.0,False,0.1,False,0.0,False,0.04,False,0.0,0.0,0.1,0.14,False,local
1179,1180,PBS_GROUP_0028,TC_001113,BOM_001159,ITEM_001088,HVAC,0.03,1.0,1.0,0.03,,,,0.1,0.0,0.04,0.0,False,0.03,True,0.0,False,0.1,False,0.0,False,0.04,False,0.0,0.0,0.1,0.14,False,local
1180,1181,PBS_GROUP_0023,TC_001114,BOM_001160,ITEM_001089,HVAC,0.086,0.9465,1.0,0.081399,,,,0.1,0.0,0.04,0.0,False,0.081399,True,0.0,False,0.1,False,0.0,False,0.04,False,0.0,0.0,0.1,0.14,False,local
1181,1182,PBS_GROUP_0023,TC_001115,BOM_001161,ITEM_001090,HVAC,0.05,1.0,1.0,0.05,,,,0.1,0.0,0.04,0.0,False,0.05,True,0.0,False,0.1,False,0.0,False,0.04,False,0.0,0.0,0.1,0.14,False,local
1182,1183,PBS_GROUP_0023,TC_001116,BOM_001162,ITEM_001091,HVAC,0.024,1.0,1.0,0.024,,,,0.1,0.0,0.04,0.0,False,0.024,True,0.0,False,0.1,False,0.0,False,0.04,False,0.0,0.0,0.1,0.14,False,local
1183,1184,PBS_GROUP_0023,TC_001117,BOM_001163,ITEM_001092,HVAC,0.0,1.0,1.0,0.0,,,,0.1,0.0,0.04,0.0,False,0.0,True,0.0,False,0.1,False,0.0,False,0.04,False,0.0,0.0,0.1,0.14,False,local
1184,1185,PBS_GROUP_0023,TC_001118,BOM_001164,ITEM_001093,HVAC,0.025,1.0,1.0,0.025,,,,0.1,0.0,0.04,0.0,False,0.025,True,0.0,False,0.1,False,0.0,False,0.04,False,0.0,0.0,0.1,0.14,False,local
1185,1186,PBS_GROUP_0023,TC_001119,BOM_001165,ITEM_001094,HVAC,0.0,1.0,1.0,0.0,,,,0.1,0.0,0.04,0.0,False,0.0,True,0.0,False,0.1,False,0.0,False,0.04,False,0.0,0.0,0.1,0.14,False,local
1186,1187,PBS_GROUP_0023,TC_001120,BOM_001166,ITEM_001095,HVAC,0.145,1.0,1.0,0.145,,,,0.1,0.0,0.04,0.0,False,0.145,True,0.0,False,0.1,False,0.0,False,0.04,False,0.0,0.0,0.1,0.14,False,local
1187,1188,PBS_GROUP_0023,TC_001121,BOM_001167,ITEM_001096,HVAC,0.0,1.0,1.0,0.0,,,,0.1,0.0,0.04,0.0,False,0.0,True,0.0,False,0.1,False,0.0,False,0.04,False,0.0,0.0,0.1,0.14,False,local
1188,1189,PBS_GROUP_0023,TC_001122,BOM_001168,ITEM_001097,HVAC,0.0,1.0,1.0,0.0,,,,0.1,0.0,0.04,0.0,False,0.0,True,0.0,False,0.1,False,0.0,False,0.04,False,0.0,0.0,0.1,0.14,False,local
1189,1190,PBS_GROUP_0034,TC_001123,BOM_001169,ITEM_001098,CW,83.136,1.0,1.0,83.136,1.0,1.0,83.136,0.1,0.0,0.04,0.0,False,83.136,False,83.136,False,0.1,False,0.0,False,0.04,False,0.0,0.0,0.1,0.14,False,local
1190,1191,PBS_GROUP_0034,TC_001124,BOM_001024,ITEM_001099,CW,76.13,1.0,1.0,76.13,0.0,0.0482,0.0,0.1,0.0,0.04,0.0,False,76.13,False,0.0,False,0.1,False,0.0,False,0.04,False,0.0,0.0,0.1,0.14,False,local
1191,1192,PBS_GROUP_0034,TC_001125,BOM_001170,ITEM_001100,FW,903.652,0.9867,0.0,0.0,0.0,1.0,0.0,0.0,0.0,0.0,0.0,False,0.0,False,0.0,False,0.0,False,0.0,False,0.0,False,0.0,0.0,0.0,0.0,False,local
1192,1193,PBS_GROUP_0034,TC_001126,BOM_001171,ITEM_001101,FW,857.363,0.7981,1.0,684.2614103000001,0.0,1.0,0.0,0.0,0.0,0.0,0.0,False,684.2614103000001,False,0.0,False,0.0,False,0.0,False,0.0,False,0.0,0.0,0.0,0.0,False,local
1193,1194,PBS_GROUP_0034,TC_001127,BOM_001172,ITEM_001102,FW,827.091,1.0,1.0,827.091,1.0,1.0,827.091,0.0,0.0,0.0,0.0,False,827.091,False,827.091,False,0.0,False,0.0,False,0.0,False,0.0,0.0,0.0,0.0,False,local
1194,1195,PBS_GROUP_0034,TC_001128,BOM_001173,ITEM_001103,FW,3814.64,1.0,1.0,3814.64,0.3294,1.0,1256.64,0.0,0.0,0.0,0.0,False,3814.64,False,1256.64,False,0.0,False,0.0,False,0.0,False,0.0,0.0,0.0,0.0,True,cw_to_fw
1195,1196,PBS_GROUP_0006,TC_001129,BOM_001174,ITEM_001104,FW,4.727,0.0,1.0,0.0,0.9419,1.0,4.4523613,0.0,0.0,0.08,0.05,False,0.0,False,4.4523613,False,0.0,False,0.0,False,0.08,False,0.05,0.0,0.0,0.13,False,local
1196,1197,PBS_GROUP_0008,TC_001130,BOM_000061,ITEM_001105,HVAC,0.274,1.0,1.0,0.274,,,,0.1,0.0,0.04,0.0,False,0.274,True,0.0,False,0.1,False,0.0,False,0.04,False,0.0,0.0,0.1,0.14,False,local
1197,1198,PBS_GROUP_0006,TC_001131,BOM_001175,ITEM_001106,HVAC,0.12,1.0,1.0,0.12,,,,0.1,0.0,0.04,0.0,False,0.12,True,0.0,False,0.1,False,0.0,False,0.04,False,0.0,0.0,0.1,0.14,False,local
1198,1199,PBS_GROUP_0008,TC_001132,BOM_000061,ITEM_001107,HVAC,0.295,1.0,1.0,0.295,,,,0.1,0.0,0.04,0.0,False,0.295,True,0.0,False,0.1,False,0.0,False,0.04,False,0.0,0.0,0.1,0.14,False,local
1199,1200,PBS_GROUP_0033,TC_001133,BOM_001176,ITEM_001108,FW,86.85,1.0,1.0,86.85,0.0,1.0,0.0,0.0,0.0,0.03,0.05,False,86.85,False,0.0,False,0.0,False,0.0,False,0.03,False,0.05,0.0,0.0,0.08,False,local
1200,1201,PBS_GROUP_0033,TC_001134,BOM_001177,ITEM_001109,FW,76.558,1.0,1.0,76.558,1.0,1.0,76.558,0.0,0.0,0.03,0.05,False,76.558,False,76.558,False,0.0,False,0.0,False,0.03,False,0.05,0.0,0.0,0.08,False,local
1201,1202,PBS_GROUP_SMALL,TC_001135,BOM_001178,ITEM_001110,HVAC,0.315,1.0,1.0,0.315,,,,,,,,False,0.315,True,0.0,True,0.0,True,0.0,True,0.0,True,0.0,0.0,0.0,0.0,False,local
1202,1203,PBS_GROUP_0033,TC_001136,BOM_001179,ITEM_001111,FW,10.697,1.0,1.0,10.697,0.0614,0.0,0.0,0.0,0.0,0.08,0.05,False,10.697,False,0.0,False,0.0,False,0.0,False,0.08,False,0.05,0.0,0.0,0.13,False,local
1203,1204,PBS_GROUP_SMALL,TC_001137,BOM_001180,ITEM_001112,HVAC,5.475,1.0,1.0,5.475,,,,,,,,False,5.475,True,0.0,True,0.0,True,0.0,True,0.0,True,0.0,0.0,0.0,0.0,False,local
1204,1205,PBS_GROUP_0023,TC_001138,BOM_001181,ITEM_001113,HVAC,0.023,0.9929,1.0,0.0228367,,,,0.1,0.0,0.04,0.0,False,0.0228367,True,0.0,False,0.1,False,0.0,False,0.04,False,0.0,0.0,0.1,0.14,False,local
1205,1206,PBS_GROUP_0023,TC_001139,BOM_001182,ITEM_001113,HVAC,0.109,1.0,1.0,0.109,,,,0.1,0.0,0.04,0.0,False,0.109,True,0.0,False,0.1,False,0.0,False,0.04,False,0.0,0.0,0.1,0.14,False,local
1206,1207,PBS_GROUP_0023,TC_001140,BOM_001183,ITEM_001113,HVAC,0.167,0.9351,1.0,0.15616170000000001,,,,0.1,0.0,0.04,0.0,False,0.15616170000000001,True,0.0,False,0.1,False,0.0,False,0.04,False,0.0,0.0,0.1,0.14,False,local
1207,1208,PBS_GROUP_0023,TC_001141,BOM_001184,ITEM_001113,HVAC,0.0,1.0,1.0,0.0,,,,0.1,0.0,0.04,0.0,False,0.0,True,0.0,False,0.1,False,0.0,False,0.04,False,0.0,0.0,0.1,0.14,False,local
1208,1209,PBS_GROUP_0023,TC_001142,BOM_001185,ITEM_001114,HVAC,0.557,1.0,1.0,0.557,,,,0.1,0.0,0.04,0.0,False,0.557,True,0.0,False,0.1,False,0.0,False,0.04,False,0.0,0.0,0.1,0.14,False,local
1209,1210,PBS_GROUP_0023,TC_001143,BOM_001186,ITEM_001115,HVAC,0.409,1.0,1.0,0.409,,,,0.1,0.0,0.04,0.0,False,0.409,True,0.0,False,0.1,False,0.0,False,0.04,False,0.0,0.0,0.1,0.14,False,local
1210,1211,PBS_GROUP_0023,TC_001144,BOM_001187,ITEM_001116,HVAC,0.398,1.0,1.0,0.398,,,,0.1,0.0,0.04,0.0,False,0.398,True,0.0,False,0.1,False,0.0,False,0.04,False,0.0,0.0,0.1,0.14,False,local
1211,1212,PBS_GROUP_0023,TC_001145,BOM_001188,ITEM_001117,HVAC,0.487,1.0,1.0,0.487,,,,0.1,0.0,0.04,0.0,False,0.487,True,0.0,False,0.1,False,0.0,False,0.04,False,0.0,0.0,0.1,0.14,False,local
1212,1213,PBS_GROUP_0023,TC_001146,BOM_001189,ITEM_001118,HVAC,0.52,1.0,1.0,0.52,,,,0.1,0.0,0.04,0.0,False,0.52,True,0.0,False,0.1,False,0.0,False,0.04,False,0.0,0.0,0.1,0.14,False,local
1213,1214,PBS_GROUP_0023,TC_001147,BOM_001190,ITEM_001119,HVAC,0.514,1.0,1.0,0.514,,,,0.1,0.0,0.04,0.0,False,0.514,True,0.0,False,0.1,False,0.0,False,0.04,False,0.0,0.0,0.1,0.14,False,local
1214,1215,PBS_GROUP_0023,TC_001148,BOM_001191,ITEM_001120,HVAC,0.392,1.0,1.0,0.392,,,,0.1,0.0,0.04,0.0,False,0.392,True,0.0,False,0.1,False,0.0,False,0.04,False,0.0,0.0,0.1,0.14,False,local
1215,1216,PBS_GROUP_0023,TC_001149,BOM_001192,ITEM_001121,HVAC,0.564,1.0,1.0,0.564,,,,0.1,0.0,0.04,0.0,False,0.564,True,0.0,False,0.1,False,0.0,False,0.04,False,0.0,0.0,0.1,0.14,False,local
1216,1217,PBS_GROUP_0024,TC_001150,BOM_001193,ITEM_001122,HVAC,0.0,1.0,1.0,0.0,,,,0.1,0.0,0.04,0.0,False,0.0,True,0.0,False,0.1,False,0.0,False,0.04,False,0.0,0.0,0.1,0.14,False,local
1217,1218,PBS_GROUP_0023,TC_001151,BOM_001194,ITEM_001123,HVAC,0.398,1.0,1.0,0.398,,,,0.1,0.0,0.04,0.0,False,0.398,True,0.0,False,0.1,False,0.0,False,0.04,False,0.0,0.0,0.1,0.14,False,local
1218,1219,PBS_GROUP_0023,TC_001152,BOM_001195,ITEM_001124,HVAC,0.519,1.0,1.0,0.519,,,,0.1,0.0,0.04,0.0,False,0.519,True,0.0,False,0.1,False,0.0,False,0.04,False,0.0,0.0,0.1,0.14,False,local
1219,1220,PBS_GROUP_0023,TC_001153,BOM_001196,ITEM_001125,HVAC,0.649,1.0,1.0,0.649,,,,0.1,0.0,0.04,0.0,False,0.649,True,0.0,False,0.1,False,0.0,False,0.04,False,0.0,0.0,0.1,0.14,False,local
1220,1221,PBS_GROUP_0023,TC_001154,BOM_001197,ITEM_001126,HVAC,0.514,1.0,1.0,0.514,,,,0.1,0.0,0.04,0.0,False,0.514,True,0.0,False,0.1,False,0.0,False,0.04,False,0.0,0.0,0.1,0.14,False,local
1221,1222,PBS_GROUP_0035,TC_001155,BOM_001198,ITEM_001127,HVAC,0.205,1.0,1.0,0.205,,,,0.1,0.0,0.04,0.0,False,0.205,True,0.0,False,0.1,False,0.0,False,0.04,False,0.0,0.0,0.1,0.14,False,local
1222,1223,PBS_GROUP_0038,TC_001156,BOM_001199,ITEM_001128,HVAC,0.075,1.0,1.0,0.075,1.0,1.0,0.075,,,,,False,0.075,False,0.075,True,0.0,True,0.0,True,0.0,True,0.0,0.0,0.0,0.0,False,local
1223,1224,PBS_GROUP_0038,TC_001157,BOM_001200,ITEM_001128,HVAC,0.026,1.0,1.0,0.026,1.0,1.0,0.026,,,,,False,0.026,False,0.026,True,0.0,True,0.0,True,0.0,True,0.0,0.0,0.0,0.0,False,local
1224,1225,PBS_GROUP_0038,TC_001158,BOM_001201,ITEM_001128,HVAC,0.0,1.0,1.0,0.0,1.0,1.0,0.0,,,,,False,0.0,False,0.0,True,0.0,True,0.0,True,0.0,True,0.0,0.0,0.0,0.0,False,local
1225,1226,PBS_GROUP_0038,TC_001159,BOM_001202,ITEM_001129,HVAC,0.0,1.0,1.0,0.0,1.0,1.0,0.0,,,,,False,0.0,False,0.0,True,0.0,True,0.0,True,0.0,True,0.0,0.0,0.0,0.0,False,local
1226,1227,PBS_GROUP_0038,TC_001160,BOM_001203,ITEM_001129,HVAC,0.005,1.0,1.0,0.005,0.9344,1.0,0.004672,,,,,False,0.005,False,0.004672,True,0.0,True,0.0,True,0.0,True,0.0,0.0,0.0,0.0,False,local
1227,1228,PBS_GROUP_0038,TC_001161,BOM_001204,ITEM_001129,HVAC,0.0,1.0,1.0,0.0,1.0,1.0,0.0,,,,,False,0.0,False,0.0,True,0.0,True,0.0,True,0.0,True,0.0,0.0,0.0,0.0,False,local
1228,1229,PBS_GROUP_0038,TC_001162,BOM_001205,ITEM_001129,HVAC,0.03,1.0,0.995,0.029849999999999998,1.0,1.0,0.03,,,,,False,0.029849999999999998,False,0.03,True,0.0,True,0.0,True,0.0,True,0.0,0.0,0.0,0.0,False,local
1229,1230,PBS_GROUP_0038,TC_001163,BOM_001206,ITEM_001129,HVAC,0.009,1.0,1.0,0.009,1.0,1.0,0.009,,,,,False,0.009,False,0.009,True,0.0,True,0.0,True,0.0,True,0.0,0.0,0.0,0.0,False,local
1230,1231,PBS_GROUP_0038,TC_001164,BOM_001207,ITEM_001129,HVAC,0.0,1.0,1.0,0.0,1.0,1.0,0.0,,,,,False,0.0,False,0.0,True,0.0,True,0.0,True,0.0,True,0.0,0.0,0.0,0.0,False,local
1231,1232,PBS_GROUP_0038,TC_001165,BOM_001208,ITEM_001129,HVAC,0.0,1.0,1.0,0.0,1.0,1.0,0.0,,,,,False,0.0,False,0.0,True,0.0,True,0.0,True,0.0,True,0.0,0.0,0.0,0.0,False,local
1232,1233,PBS_GROUP_0038,TC_001166,BOM_001209,ITEM_001129,HVAC,0.081,1.0,1.0,0.081,1.0,1.0,0.081,,,,,False,0.081,False,0.081,True,0.0,True,0.0,True,0.0,True,0.0,0.0,0.0,0.0,False,local
1233,1234,PBS_GROUP_0038,TC_001167,BOM_001210,ITEM_001129,HVAC,0.0,1.0,1.0,0.0,1.0,1.0,0.0,,,,,False,0.0,False,0.0,True,0.0,True,0.0,True,0.0,True,0.0,0.0,0.0,0.0,False,local
1234,1235,PBS_GROUP_0038,TC_001168,BOM_001211,ITEM_001129,HVAC,0.045,1.0,1.0,0.045,1.0,1.0,0.045,,,,,False,0.045,False,0.045,True,0.0,True,0.0,True,0.0,True,0.0,0.0,0.0,0.0,False,local
1235,1236,PBS_GROUP_0038,TC_001169,BOM_001212,ITEM_001129,HVAC,0.008,1.0,1.0,0.008,1.0,1.0,0.008,,,,,False,0.008,False,0.008,True,0.0,True,0.0,True,0.0,True,0.0,0.0,0.0,0.0,False,local
1236,1237,PBS_GROUP_0038,TC_001170,BOM_001213,ITEM_001129,HVAC,0.005,1.0,1.0,0.005,1.0,1.0,0.005,,,,,False,0.005,False,0.005,True,0.0,True,0.0,True,0.0,True,0.0,0.0,0.0,0.0,False,local
1237,1238,PBS_GROUP_0038,TC_001171,BOM_001214,ITEM_001130,HVAC,0.047,1.0,1.0,0.047,1.0,1.0,0.047,,,,,False,0.047,False,0.047,True,0.0,True,0.0,True,0.0,True,0.0,0.0,0.0,0.0,False,local
1238,1239,PBS_GROUP_0038,TC_001172,BOM_001215,ITEM_001130,HVAC,0.094,1.0,1.0,0.094,1.0,1.0,0.094,,,,,False,0.094,False,0.094,True,0.0,True,0.0,True,0.0,True,0.0,0.0,0.0,0.0,False,local
1239,1240,PBS_GROUP_0038,TC_001173,BOM_001216,ITEM_001130,HVAC,0.0,1.0,1.0,0.0,1.0,1.0,0.0,,,,,False,0.0,False,0.0,True,0.0,True,0.0,True,0.0,True,0.0,0.0,0.0,0.0,False,local
1240,1241,PBS_GROUP_0038,TC_001174,BOM_001217,ITEM_001130,HVAC,0.055,1.0,1.0,0.055,1.0,1.0,0.055,,,,,False,0.055,False,0.055,True,0.0,True,0.0,True,0.0,True,0.0,0.0,0.0,0.0,False,local
1241,1242,PBS_GROUP_0038,TC_001175,BOM_001218,ITEM_001131,HVAC,0.034,1.0,1.0,0.034,1.0,1.0,0.034,,,,,False,0.034,False,0.034,True,0.0,True,0.0,True,0.0,True,0.0,0.0,0.0,0.0,False,local
1242,1243,PBS_GROUP_0038,TC_001176,BOM_001219,ITEM_001131,HVAC,0.0,1.0,1.0,0.0,1.0,1.0,0.0,,,,,False,0.0,False,0.0,True,0.0,True,0.0,True,0.0,True,0.0,0.0,0.0,0.0,False,local
1243,1244,PBS_GROUP_0038,TC_001177,BOM_001220,ITEM_001131,HVAC,0.103,1.0,1.0,0.103,1.0,1.0,0.103,,,,,False,0.103,False,0.103,True,0.0,True,0.0,True,0.0,True,0.0,0.0,0.0,0.0,False,local
1244,1245,PBS_GROUP_0038,TC_001178,BOM_001221,ITEM_001131,HVAC,0.12,1.0,1.0,0.12,1.0,1.0,0.12,,,,,False,0.12,False,0.12,True,0.0,True,0.0,True,0.0,True,0.0,0.0,0.0,0.0,False,local
1245,1246,PBS_GROUP_0038,TC_001179,BOM_001222,ITEM_001131,HVAC,0.037,1.0,1.0,0.037,1.0,1.0,0.037,,,,,False,0.037,False,0.037,True,0.0,True,0.0,True,0.0,True,0.0,0.0,0.0,0.0,False,local
1246,1247,PBS_GROUP_0038,TC_001180,BOM_001223,ITEM_001131,HVAC,0.06,1.0,0.0196,0.001176,1.0,1.0,0.06,,,,,False,0.001176,False,0.06,True,0.0,True,0.0,True,0.0,True,0.0,0.0,0.0,0.0,False,local
1247,1248,PBS_GROUP_0038,TC_001181,BOM_001224,ITEM_001131,HVAC,0.063,0.9318,1.0,0.058703399999999996,1.0,0.9447,0.0595161,,,,,False,0.058703399999999996,False,0.0595161,True,0.0,True,0.0,True,0.0,True,0.0,0.0,0.0,0.0,False,local
1248,1249,PBS_GROUP_0038,TC_001182,BOM_001225,ITEM_001131,HVAC,0.051,1.0,1.0,0.051,1.0,1.0,0.051,,,,,False,0.051,False,0.051,True,0.0,True,0.0,True,0.0,True,0.0,0.0,0.0,0.0,False,local
1249,1250,PBS_GROUP_0038,TC_001183,BOM_001226,ITEM_001131,HVAC,0.067,1.0,1.0,0.067,1.0,1.0,0.067,,,,,False,0.067,False,0.067,True,0.0,True,0.0,True,0.0,True,0.0,0.0,0.0,0.0,False,local
1250,1251,PBS_GROUP_0038,TC_001184,BOM_001227,ITEM_001131,HVAC,0.092,1.0,1.0,0.092,1.0,1.0,0.092,,,,,False,0.092,False,0.092,True,0.0,True,0.0,True,0.0,True,0.0,0.0,0.0,0.0,False,local
1251,1252,PBS_GROUP_0038,TC_001185,BOM_001228,ITEM_001131,HVAC,0.032,0.9198,1.0,0.0294336,1.0,1.0,0.032,,,,,False,0.0294336,False,0.032,True,0.0,True,0.0,True,0.0,True,0.0,0.0,0.0,0.0,False,local
1252,1253,PBS_GROUP_0038,TC_001186,BOM_001229,ITEM_001131,HVAC,0.045,1.0,1.0,0.045,1.0,1.0,0.045,,,,,False,0.045,False,0.045,True,0.0,True,0.0,True,0.0,True,0.0,0.0,0.0,0.0,False,local
1253,1254,PBS_GROUP_0038,TC_001187,BOM_001230,ITEM_001131,HVAC,0.049,1.0,1.0,0.049,1.0,1.0,0.049,,,,,False,0.049,False,0.049,True,0.0,True,0.0,True,0.0,True,0.0,0.0,0.0,0.0,False,local
1254,1255,PBS_GROUP_0038,TC_001188,BOM_001231,ITEM_001130,HVAC,0.0,1.0,1.0,0.0,1.0,1.0,0.0,,,,,False,0.0,False,0.0,True,0.0,True,0.0,True,0.0,True,0.0,0.0,0.0,0.0,False,local
1255,1256,PBS_GROUP_0038,TC_001189,BOM_001232,ITEM_001130,HVAC,0.183,1.0,1.0,0.183,1.0,1.0,0.183,,,,,False,0.183,False,0.183,True,0.0,True,0.0,True,0.0,True,0.0,0.0,0.0,0.0,False,local
1256,1257,PBS_GROUP_0038,TC_001190,BOM_001233,ITEM_001130,HVAC,0.096,1.0,1.0,0.096,1.0,1.0,0.096,,,,,False,0.096,False,0.096,True,0.0,True,0.0,True,0.0,True,0.0,0.0,0.0,0.0,False,local
1257,1258,PBS_GROUP_0038,TC_001191,BOM_001234,ITEM_001128,HVAC,0.0,1.0,1.0,0.0,1.0,1.0,0.0,,,,,False,0.0,False,0.0,True,0.0,True,0.0,True,0.0,True,0.0,0.0,0.0,0.0,False,local
1258,1259,PBS_GROUP_0038,TC_001192,BOM_001235,ITEM_001128,HVAC,0.025,1.0,1.0,0.025,0.9326,1.0,0.023315000000000002,,,,,False,0.025,False,0.023315000000000002,True,0.0,True,0.0,True,0.0,True,0.0,0.0,0.0,0.0,False,local
1259,1260,PBS_GROUP_0038,TC_001193,BOM_001236,ITEM_001128,HVAC,0.0,1.0,1.0,0.0,1.0,1.0,0.0,,,,,False,0.0,False,0.0,True,0.0,True,0.0,True,0.0,True,0.0,0.0,0.0,0.0,False,local
1260,1261,PBS_GROUP_0038,TC_001194,BOM_001237,ITEM_001132,HVAC,0.0,1.0,1.0,0.0,1.0,1.0,0.0,,,,,False,0.0,False,0.0,True,0.0,True,0.0,True,0.0,True,0.0,0.0,0.0,0.0,False,local
1261,1262,PBS_GROUP_0038,TC_001195,BOM_001238,ITEM_001132,HVAC,0.106,1.0,1.0,0.106,1.0,1.0,0.106,,,,,False,0.106,False,0.106,True,0.0,True,0.0,True,0.0,True,0.0,0.0,0.0,0.0,False,local
1262,1263,PBS_GROUP_0038,TC_001196,BOM_001239,ITEM_001132,HVAC,0.115,1.0,1.0,0.115,1.0,0.9821,0.1129415,,,,,False,0.115,False,0.1129415,True,0.0,True,0.0,True,0.0,True,0.0,0.0,0.0,0.0,False,local
1263,1264,PBS_GROUP_0038,TC_001197,BOM_001240,ITEM_001132,HVAC,0.011,0.9885,1.0,0.0108735,1.0,1.0,0.011,,,,,False,0.0108735,False,0.011,True,0.0,True,0.0,True,0.0,True,0.0,0.0,0.0,0.0,False,local
1264,1265,PBS_GROUP_0038,TC_001198,BOM_001241,ITEM_001132,HVAC,0.0,1.0,1.0,0.0,1.0,1.0,0.0,,,,,False,0.0,False,0.0,True,0.0,True,0.0,True,0.0,True,0.0,0.0,0.0,0.0,False,local
1265,1266,PBS_GROUP_0038,TC_001199,BOM_001242,ITEM_001132,HVAC,0.0,1.0,1.0,0.0,1.0,1.0,0.0,,,,,False,0.0,False,0.0,True,0.0,True,0.0,True,0.0,True,0.0,0.0,0.0,0.0,False,local
1266,1267,PBS_GROUP_0038,TC_001200,BOM_001243,ITEM_001132,HVAC,0.033,1.0,1.0,0.033,1.0,1.0,0.033,,,,,False,0.033,False,0.033,True,0.0,True,0.0,True,0.0,True,0.0,0.0,0.0,0.0,False,local
1267,1268,PBS_GROUP_0038,TC_001201,BOM_001244,ITEM_001132,HVAC,0.133,1.0,1.0,0.133,0.9981,1.0,0.1327473,,,,,False,0.133,False,0.1327473,True,0.0,True,0.0,True,0.0,True,0.0,0.0,0.0,0.0,False,local
1268,1269,PBS_GROUP_0038,TC_001202,BOM_001245,ITEM_001132,HVAC,0.027,1.0,0.9927,0.0268029,1.0,1.0,0.027,,,,,False,0.0268029,False,0.027,True,0.0,True,0.0,True,0.0,True,0.0,0.0,0.0,0.0,False,local
1269,1270,PBS_GROUP_0038,TC_001203,BOM_001246,ITEM_001132,HVAC,0.0,1.0,1.0,0.0,0.9773,1.0,0.0,,,,,False,0.0,False,0.0,True,0.0,True,0.0,True,0.0,True,0.0,0.0,0.0,0.0,False,local
1270,1271,PBS_GROUP_0038,TC_001204,BOM_001247,ITEM_001130,HVAC,0.017,1.0,1.0,0.017,1.0,1.0,0.017,,,,,False,0.017,False,0.017,True,0.0,True,0.0,True,0.0,True,0.0,0.0,0.0,0.0,False,local
1271,1272,PBS_GROUP_0038,TC_001205,BOM_001248,ITEM_001130,HVAC,0.024,1.0,1.0,0.024,1.0,1.0,0.024,,,,,False,0.024,False,0.024,True,0.0,True,0.0,True,0.0,True,0.0,0.0,0.0,0.0,False,local
1272,1273,PBS_GROUP_0038,TC_001206,BOM_001249,ITEM_001130,HVAC,0.046,1.0,1.0,0.046,1.0,1.0,0.046,,,,,False,0.046,False,0.046,True,0.0,True,0.0,True,0.0,True,0.0,0.0,0.0,0.0,False,local
1273,1274,PBS_GROUP_0038,TC_001207,BOM_001250,ITEM_001130,HVAC,0.0,1.0,1.0,0.0,1.0,1.0,0.0,,,,,False,0.0,False,0.0,True,0.0,True,0.0,True,0.0,True,0.0,0.0,0.0,0.0,False,local
1274,1275,PBS_GROUP_0038,TC_001208,BOM_001251,ITEM_001130,HVAC,0.027,1.0,0.9526,0.0257202,1.0,1.0,0.027,,,,,False,0.0257202,False,0.027,True,0.0,True,0.0,True,0.0,True,0.0,0.0,0.0,0.0,False,local
1275,1276,PBS_GROUP_0038,TC_001209,BOM_001252,ITEM_001130,HVAC,0.019,1.0,1.0,0.019,1.0,0.9917,0.0188423,,,,,False,0.019,False,0.0188423,True,0.0,True,0.0,True,0.0,True,0.0,0.0,0.0,0.0,False,local
1276,1277,PBS_GROUP_0038,TC_001210,BOM_001253,ITEM_001130,HVAC,0.174,1.0,1.0,0.174,1.0,1.0,0.174,,,,,False,0.174,False,0.174,True,0.0,True,0.0,True,0.0,True,0.0,0.0,0.0,0.0,False,local
1277,1278,PBS_GROUP_0038,TC_001211,BOM_001254,ITEM_001130,HVAC,0.0,1.0,1.0,0.0,1.0,1.0,0.0,,,,,False,0.0,False,0.0,True,0.0,True,0.0,True,0.0,True,0.0,0.0,0.0,0.0,False,local
1278,1279,PBS_GROUP_0038,TC_001212,BOM_001255,ITEM_001130,HVAC,0.03,0.9992,1.0,0.029976,1.0,1.0,0.03,,,,,False,0.029976,False,0.03,True,0.0,True,0.0,True,0.0,True,0.0,0.0,0.0,0.0,False,local
1279,1280,PBS_GROUP_0038,TC_001213,BOM_001256,ITEM_001130,HVAC,0.146,1.0,1.0,0.146,1.0,1.0,0.146,,,,,False,0.146,False,0.146,True,0.0,True,0.0,True,0.0,True,0.0,0.0,0.0,0.0,False,local
1280,1281,PBS_GROUP_0038,TC_001214,BOM_001257,ITEM_001133,HVAC,0.0,0.9989,1.0,0.0,,,,,,,,False,0.0,True,0.0,True,0.0,True,0.0,True,0.0,True,0.0,0.0,0.0,0.0,False,local
1281,1282,PBS_GROUP_SMALL,TC_001215,BOM_001258,ITEM_001134,FW,29.137,1.0,1.0,29.137,0.9881,0.9832,28.30659316904,0.0,0.0,0.03,0.05,False,29.137,False,28.30659316904,False,0.0,False,0.0,False,0.03,False,0.05,0.0,0.0,0.08,False,local
1282,1283,PBS_GROUP_0038,TC_001216,BOM_001259,ITEM_001133,HVAC,0.074,1.0,1.0,0.074,,,,,,,,False,0.074,True,0.0,True,0.0,True,0.0,True,0.0,True,0.0,0.0,0.0,0.0,False,local
1283,1284,PBS_GROUP_0038,TC_001217,BOM_001260,ITEM_001135,HVAC,0.071,1.0,1.0,0.071,,,,,,,,False,0.071,True,0.0,True,0.0,True,0.0,True,0.0,True,0.0,0.0,0.0,0.0,False,local
1284,1285,PBS_GROUP_0038,TC_001218,BOM_001261,ITEM_001136,HVAC,0.0,1.0,1.0,0.0,,,,,,,,False,0.0,True,0.0,True,0.0,True,0.0,True,0.0,True,0.0,0.0,0.0,0.0,False,local
1285,1286,PBS_GROUP_0038,TC_001219,BOM_001262,ITEM_001135,HVAC,0.0,1.0,1.0,0.0,,,,,,,,False,0.0,True,0.0,True,0.0,True,0.0,True,0.0,True,0.0,0.0,0.0,0.0,False,local
1286,1287,PBS_GROUP_0038,TC_001220,BOM_001263,ITEM_001135,HVAC,0.077,0.9806,1.0,0.0755062,,,,,,,,False,0.0755062,True,0.0,True,0.0,True,0.0,True,0.0,True,0.0,0.0,0.0,0.0,False,local
1287,1288,PBS_GROUP_0038,TC_001221,BOM_001264,ITEM_001133,HVAC,0.0,1.0,1.0,0.0,,,,,,,,False,0.0,True,0.0,True,0.0,True,0.0,True,0.0,True,0.0,0.0,0.0,0.0,False,local
1288,1289,PBS_GROUP_0038,TC_001222,BOM_001265,ITEM_001135,HVAC,0.029,1.0,1.0,0.029,,,,,,,,False,0.029,True,0.0,True,0.0,True,0.0,True,0.0,True,0.0,0.0,0.0,0.0,False,local
1289,1290,PBS_GROUP_0038,TC_001223,BOM_001266,ITEM_001135,HVAC,0.0,1.0,1.0,0.0,,,,,,,,False,0.0,True,0.0,True,0.0,True,0.0,True,0.0,True,0.0,0.0,0.0,0.0,False,local
1290,1291,PBS_GROUP_0038,TC_001224,BOM_001267,ITEM_001135,HVAC,0.023,1.0,1.0,0.023,,,,,,,,False,0.023,True,0.0,True,0.0,True,0.0,True,0.0,True,0.0,0.0,0.0,0.0,False,local
1291,1292,PBS_GROUP_0038,TC_001225,BOM_001268,ITEM_001135,HVAC,0.0,0.7067,1.0,0.0,,,,,,,,False,0.0,True,0.0,True,0.0,True,0.0,True,0.0,True,0.0,0.0,0.0,0.0,False,local
1292,1293,PBS_GROUP_0038,TC_001226,BOM_001269,ITEM_001135,HVAC,0.209,1.0,1.0,0.209,,,,,,,,False,0.209,True,0.0,True,0.0,True,0.0,True,0.0,True,0.0,0.0,0.0,0.0,False,local
1293,1294,PBS_GROUP_0038,TC_001227,BOM_001270,ITEM_001135,HVAC,0.147,1.0,1.0,0.147,,,,,,,,False,0.147,True,0.0,True,0.0,True,0.0,True,0.0,True,0.0,0.0,0.0,0.0,False,local
1294,1295,PBS_GROUP_0038,TC_001228,BOM_001271,ITEM_001135,HVAC,0.115,1.0,1.0,0.115,,,,,,,,False,0.115,True,0.0,True,0.0,True,0.0,True,0.0,True,0.0,0.0,0.0,0.0,False,local
1295,1296,PBS_GROUP_0038,TC_001229,BOM_001272,ITEM_001135,HVAC,0.08,0.9959,1.0,0.079672,,,,,,,,False,0.079672,True,0.0,True,0.0,True,0.0,True,0.0,True,0.0,0.0,0.0,0.0,False,local
1296,1297,PBS_GROUP_0038,TC_001230,BOM_001273,ITEM_001135,HVAC,0.0,0.0433,1.0,0.0,,,,,,,,False,0.0,True,0.0,True,0.0,True,0.0,True,0.0,True,0.0,0.0,0.0,0.0,False,local
1297,1298,PBS_GROUP_0038,TC_001231,BOM_001274,ITEM_001135,HVAC,0.064,0.7366,1.0,0.0471424,,,,,,,,False,0.0471424,True,0.0,True,0.0,True,0.0,True,0.0,True,0.0,0.0,0.0,0.0,False,local
1298,1299,PBS_GROUP_0038,TC_001232,BOM_001275,ITEM_001135,HVAC,0.0,1.0,1.0,0.0,,,,,,,,False,0.0,True,0.0,True,0.0,True,0.0,True,0.0,True,0.0,0.0,0.0,0.0,False,local
1299,1300,PBS_GROUP_0038,TC_001233,BOM_001276,ITEM_001137,HVAC,0.0,1.0,1.0,0.0,,,,,,,,False,0.0,True,0.0,True,0.0,True,0.0,True,0.0,True,0.0,0.0,0.0,0.0,False,local
1300,1301,PBS_GROUP_0038,TC_001234,BOM_001277,ITEM_001138,HVAC,0.0,1.0,1.0,0.0,,,,,,,,False,0.0,True,0.0,True,0.0,True,0.0,True,0.0,True,0.0,0.0,0.0,0.0,False,local
1301,1302,PBS_GROUP_0038,TC_001235,BOM_001278,ITEM_001137,HVAC,0.006,1.0,1.0,0.006,,,,,,,,False,0.006,True,0.0,True,0.0,True,0.0,True,0.0,True,0.0,0.0,0.0,0.0,False,local
1302,1303,PBS_GROUP_0038,TC_001236,BOM_001279,ITEM_001138,HVAC,0.056,1.0,1.0,0.056,,,,,,,,False,0.056,True,0.0,True,0.0,True,0.0,True,0.0,True,0.0,0.0,0.0,0.0,False,local
1303,1304,PBS_GROUP_0038,TC_001237,BOM_001280,ITEM_001139,HVAC,0.016,1.0,1.0,0.016,,,,,,,,False,0.016,True,0.0,True,0.0,True,0.0,True,0.0,True,0.0,0.0,0.0,0.0,False,local
1304,1305,PBS_GROUP_0038,TC_001238,BOM_001281,ITEM_001139,HVAC,0.0,1.0,1.0,0.0,,,,,,,,False,0.0,True,0.0,True,0.0,True,0.0,True,0.0,True,0.0,0.0,0.0,0.0,False,local
1305,1306,PBS_GROUP_0038,TC_001239,BOM_001282,ITEM_001139,HVAC,0.223,1.0,1.0,0.223,,,,,,,,False,0.223,True,0.0,True,0.0,True,0.0,True,0.0,True,0.0,0.0,0.0,0.0,False,local
1306,1307,PBS_GROUP_0038,TC_001240,BOM_001283,ITEM_001139,HVAC,0.0,1.0,1.0,0.0,,,,,,,,False,0.0,True,0.0,True,0.0,True,0.0,True,0.0,True,0.0,0.0,0.0,0.0,False,local
1307,1308,PBS_GROUP_0038,TC_001241,BOM_001284,ITEM_001140,HVAC,0.0,0.9695,1.0,0.0,,,,,,,,False,0.0,True,0.0,True,0.0,True,0.0,True,0.0,True,0.0,0.0,0.0,0.0,False,local
1308,1309,PBS_GROUP_0038,TC_001242,BOM_001285,ITEM_001140,HVAC,0.112,1.0,1.0,0.112,,,,,,,,False,0.112,True,0.0,True,0.0,True,0.0,True,0.0,True,0.0,0.0,0.0,0.0,False,local
1309,1310,PBS_GROUP_0038,TC_001243,BOM_001286,ITEM_001140,HVAC,0.046,1.0,1.0,0.046,,,,,,,,False,0.046,True,0.0,True,0.0,True,0.0,True,0.0,True,0.0,0.0,0.0,0.0,False,local
1310,1311,PBS_GROUP_0038,TC_001244,BOM_001287,ITEM_001140,HVAC,0.0,1.0,1.0,0.0,,,,,,,,False,0.0,True,0.0,True,0.0,True,0.0,True,0.0,True,0.0,0.0,0.0,0.0,False,local
1311,1312,PBS_GROUP_0038,TC_001245,BOM_001288,ITEM_001140,HVAC,0.0,1.0,1.0,0.0,,,,,,,,False,0.0,True,0.0,True,0.0,True,0.0,True,0.0,True,0.0,0.0,0.0,0.0,False,local
1312,1313,PBS_GROUP_0038,TC_001246,BOM_001289,ITEM_001136,HVAC,0.04,1.0,1.0,0.04,,,,,,,,False,0.04,True,0.0,True,0.0,True,0.0,True,0.0,True,0.0,0.0,0.0,0.0,False,local
1313,1314,PBS_GROUP_0038,TC_001247,BOM_001290,ITEM_001141,HVAC,0.03,1.0,1.0,0.03,,,,,,,,False,0.03,True,0.0,True,0.0,True,0.0,True,0.0,True,0.0,0.0,0.0,0.0,False,local
1314,1315,PBS_GROUP_0038,TC_001248,BOM_001291,ITEM_001141,HVAC,0.0,1.0,1.0,0.0,,,,,,,,False,0.0,True,0.0,True,0.0,True,0.0,True,0.0,True,0.0,0.0,0.0,0.0,False,local
1315,1316,PBS_GROUP_0038,TC_001249,BOM_001292,ITEM_001141,HVAC,0.215,1.0,1.0,0.215,,,,,,,,False,0.215,True,0.0,True,0.0,True,0.0,True,0.0,True,0.0,0.0,0.0,0.0,False,local
1316,1317,PBS_GROUP_0038,TC_001250,BOM_001293,ITEM_001136,HVAC,0.0,1.0,1.0,0.0,,,,,,,,False,0.0,True,0.0,True,0.0,True,0.0,True,0.0,True,0.0,0.0,0.0,0.0,False,local
1317,1318,PBS_GROUP_0038,TC_001251,BOM_001294,ITEM_001141,HVAC,0.0,1.0,1.0,0.0,,,,,,,,False,0.0,True,0.0,True,0.0,True,0.0,True,0.0,True,0.0,0.0,0.0,0.0,False,local
1318,1319,PBS_GROUP_0038,TC_001252,BOM_001295,ITEM_001142,HVAC,0.186,1.0,1.0,0.186,,,,,,,,False,0.186,True,0.0,True,0.0,True,0.0,True,0.0,True,0.0,0.0,0.0,0.0,False,local
1319,1320,PBS_GROUP_0038,TC_001253,BOM_001296,ITEM_001142,HVAC,0.0,1.0,1.0,0.0,,,,,,,,False,0.0,True,0.0,True,0.0,True,0.0,True,0.0,True,0.0,0.0,0.0,0.0,False,local
1320,1321,PBS_GROUP_0038,TC_001254,BOM_001297,ITEM_001142,HVAC,0.073,1.0,1.0,0.073,,,,,,,,False,0.073,True,0.0,True,0.0,True,0.0,True,0.0,True,0.0,0.0,0.0,0.0,False,local
1321,1322,PBS_GROUP_0038,TC_001255,BOM_001298,ITEM_001142,HVAC,0.0,1.0,1.0,0.0,,,,,,,,False,0.0,True,0.0,True,0.0,True,0.0,True,0.0,True,0.0,0.0,0.0,0.0,False,local
1322,1323,PBS_GROUP_0038,TC_001256,BOM_001299,ITEM_001130,HVAC,0.0,1.0,1.0,0.0,1.0,0.9533,0.0,,,,,False,0.0,False,0.0,True,0.0,True,0.0,True,0.0,True,0.0,0.0,0.0,0.0,False,local
1323,1324,PBS_GROUP_0038,TC_001257,BOM_001300,ITEM_001143,HVAC,0.101,0.9859,1.0,0.09957590000000001,,,,,,,,False,0.09957590000000001,True,0.0,True,0.0,True,0.0,True,0.0,True,0.0,0.0,0.0,0.0,False,local
1324,1325,PBS_GROUP_0038,TC_001258,BOM_001301,ITEM_001144,HVAC,0.0,1.0,1.0,0.0,,,,,,,,False,0.0,True,0.0,True,0.0,True,0.0,True,0.0,True,0.0,0.0,0.0,0.0,False,local
1325,1326,PBS_GROUP_0038,TC_001259,BOM_001302,ITEM_001144,HVAC,0.131,1.0,1.0,0.131,,,,,,,,False,0.131,True,0.0,True,0.0,True,0.0,True,0.0,True,0.0,0.0,0.0,0.0,False,local
1326,1327,PBS_GROUP_0038,TC_001260,BOM_001303,ITEM_001136,HVAC,0.0,1.0,1.0,0.0,,,,,,,,False,0.0,True,0.0,True,0.0,True,0.0,True,0.0,True,0.0,0.0,0.0,0.0,False,local
1327,1328,PBS_GROUP_0012,TC_001261,BOM_001304,ITEM_000119,HVAC,0.149,0.9627,1.0,0.1434423,,,,0.1,0.0,0.04,0.0,False,0.1434423,True,0.0,False,0.1,False,0.0,False,0.04,False,0.0,0.0,0.1,0.14,False,local
1327,1328,PBS_GROUP_0012,TC_001261,BOM_001304,ITEM_000119,CW,0.269,1.0,1.0,0.269,,,,0.1,0.0,0.04,0.0,False,0.269,True,0.0,False,0.1,False,0.0,False,0.04,False,0.0,0.0,0.1,0.14,False,local
1328,1329,PBS_GROUP_0012,TC_001262,BOM_001305,ITEM_000119,HVAC,0.021,1.0,1.0,0.021,,,,0.1,0.0,0.04,0.0,False,0.021,True,0.0,False,0.1,False,0.0,False,0.04,False,0.0,0.0,0.1,0.14,False,local
1328,1329,PBS_GROUP_0012,TC_001262,BOM_001305,ITEM_000119,CW,0.281,1.0,1.0,0.281,,,,0.1,0.0,0.04,0.0,False,0.281,True,0.0,False,0.1,False,0.0,False,0.04,False,0.0,0.0,0.1,0.14,False,local
1329,1330,PBS_GROUP_0012,TC_001263,BOM_001306,ITEM_000119,HVAC,0.24,0.9928,1.0,0.23827199999999998,,,,0.1,0.0,0.04,0.0,False,0.23827199999999998,True,0.0,False,0.1,False,0.0,False,0.04,False,0.0,0.0,0.1,0.14,False,local
1329,1330,PBS_GROUP_0012,TC_001263,BOM_001306,ITEM_000119,CW,0.372,0.0,0.957,0.0,,,,0.1,0.0,0.04,0.0,False,0.0,True,0.0,False,0.1,False,0.0,False,0.04,False,0.0,0.0,0.1,0.14,False,local
1330,1331,PBS_GROUP_0038,TC_001264,BOM_001307,ITEM_001145,HVAC,0.0,1.0,1.0,0.0,0.002,1.0,0.0,,,,,False,0.0,False,0.0,True,0.0,True,0.0,True,0.0,True,0.0,0.0,0.0,0.0,False,local
1331,1332,PBS_GROUP_0038,TC_001265,BOM_001308,ITEM_001145,HVAC,0.094,1.0,1.0,0.094,1.0,1.0,0.094,,,,,False,0.094,False,0.094,True,0.0,True,0.0,True,0.0,True,0.0,0.0,0.0,0.0,False,local
1332,1333,PBS_GROUP_0038,TC_001266,BOM_001309,ITEM_001145,HVAC,0.003,1.0,1.0,0.003,1.0,1.0,0.003,,,,,False,0.003,False,0.003,True,0.0,True,0.0,True,0.0,True,0.0,0.0,0.0,0.0,False,local
1333,1334,PBS_GROUP_0038,TC_001267,BOM_001310,ITEM_001145,HVAC,0.076,1.0,1.0,0.076,1.0,1.0,0.076,,,,,False,0.076,False,0.076,True,0.0,True,0.0,True,0.0,True,0.0,0.0,0.0,0.0,False,local
1334,1335,PBS_GROUP_0038,TC_001268,BOM_001311,ITEM_001145,HVAC,0.0,1.0,1.0,0.0,1.0,1.0,0.0,,,,,False,0.0,False,0.0,True,0.0,True,0.0,True,0.0,True,0.0,0.0,0.0,0.0,False,local
1335,1336,PBS_GROUP_0038,TC_001269,BOM_001312,ITEM_001145,HVAC,0.052,1.0,1.0,0.052,1.0,1.0,0.052,,,,,False,0.052,False,0.052,True,0.0,True,0.0,True,0.0,True,0.0,0.0,0.0,0.0,False,local
1336,1337,PBS_GROUP_0038,TC_001270,BOM_001313,ITEM_001146,HVAC,0.049,0.8496,1.0,0.041630400000000005,1.0,1.0,0.049,,,,,False,0.041630400000000005,False,0.049,True,0.0,True,0.0,True,0.0,True,0.0,0.0,0.0,0.0,False,local
1337,1338,PBS_GROUP_0038,TC_001271,BOM_001314,ITEM_001146,HVAC,0.072,0.911,1.0,0.065592,1.0,1.0,0.072,,,,,False,0.065592,False,0.072,True,0.0,True,0.0,True,0.0,True,0.0,0.0,0.0,0.0,False,local
1338,1339,PBS_GROUP_0038,TC_001272,BOM_001315,ITEM_001146,HVAC,0.095,1.0,1.0,0.095,1.0,1.0,0.095,,,,,False,0.095,False,0.095,True,0.0,True,0.0,True,0.0,True,0.0,0.0,0.0,0.0,False,local
1339,1340,PBS_GROUP_0038,TC_001273,BOM_001316,ITEM_001146,HVAC,0.027,1.0,1.0,0.027,1.0,1.0,0.027,,,,,False,0.027,False,0.027,True,0.0,True,0.0,True,0.0,True,0.0,0.0,0.0,0.0,False,local
1340,1341,PBS_GROUP_0038,TC_001274,BOM_001317,ITEM_001146,HVAC,0.052,1.0,0.989,0.051427999999999995,1.0,1.0,0.052,,,,,False,0.051427999999999995,False,0.052,True,0.0,True,0.0,True,0.0,True,0.0,0.0,0.0,0.0,False,local
1341,1342,PBS_GROUP_0038,TC_001275,BOM_001318,ITEM_001146,HVAC,0.0,1.0,1.0,0.0,1.0,1.0,0.0,,,,,False,0.0,False,0.0,True,0.0,True,0.0,True,0.0,True,0.0,0.0,0.0,0.0,False,local
1342,1343,PBS_GROUP_0038,TC_001276,BOM_001319,ITEM_001146,HVAC,0.0,1.0,1.0,0.0,1.0,1.0,0.0,,,,,False,0.0,False,0.0,True,0.0,True,0.0,True,0.0,True,0.0,0.0,0.0,0.0,False,local
1343,1344,PBS_GROUP_0038,TC_001277,BOM_001320,ITEM_001146,HVAC,0.205,0.9616,1.0,0.197128,0.9641,1.0,0.19764049999999997,,,,,False,0.197128,False,0.19764049999999997,True,0.0,True,0.0,True,0.0,True,0.0,0.0,0.0,0.0,False,local
1344,1345,PBS_GROUP_0038,TC_001278,BOM_001321,ITEM_001146,HVAC,0.028,0.7315,1.0,0.020482,1.0,1.0,0.028,,,,,False,0.020482,False,0.028,True,0.0,True,0.0,True,0.0,True,0.0,0.0,0.0,0.0,False,local
1345,1346,PBS_GROUP_0038,TC_001279,BOM_001322,ITEM_001146,HVAC,0.078,1.0,1.0,0.078,1.0,1.0,0.078,,,,,False,0.078,False,0.078,True,0.0,True,0.0,True,0.0,True,0.0,0.0,0.0,0.0,False,local
1346,1347,PBS_GROUP_0038,TC_001280,BOM_001323,ITEM_001146,HVAC,0.01,0.4628,1.0,0.004628,0.9968,1.0,0.009968000000000001,,,,,False,0.004628,False,0.009968000000000001,True,0.0,True,0.0,True,0.0,True,0.0,0.0,0.0,0.0,False,local
1347,1348,PBS_GROUP_0038,TC_001281,BOM_001324,ITEM_001146,HVAC,0.0,1.0,1.0,0.0,1.0,1.0,0.0,,,,,False,0.0,False,0.0,True,0.0,True,0.0,True,0.0,True,0.0,0.0,0.0,0.0,False,local
1348,1349,PBS_GROUP_0038,TC_001282,BOM_001325,ITEM_001146,HVAC,0.042,1.0,1.0,0.042,1.0,1.0,0.042,,,,,False,0.042,False,0.042,True,0.0,True,0.0,True,0.0,True,0.0,0.0,0.0,0.0,False,local
1349,1350,PBS_GROUP_0038,TC_001283,BOM_001326,ITEM_001146,HVAC,0.0,1.0,1.0,0.0,1.0,1.0,0.0,,,,,False,0.0,False,0.0,True,0.0,True,0.0,True,0.0,True,0.0,0.0,0.0,0.0,False,local
1350,1351,PBS_GROUP_0038,TC_001284,BOM_001327,ITEM_001146,HVAC,0.0,1.0,1.0,0.0,1.0,1.0,0.0,,,,,False,0.0,False,0.0,True,0.0,True,0.0,True,0.0,True,0.0,0.0,0.0,0.0,False,local
1351,1352,PBS_GROUP_0038,TC_001285,BOM_001328,ITEM_001146,HVAC,0.009,1.0,1.0,0.009,1.0,0.9841,0.0088569,,,,,False,0.009,False,0.0088569,True,0.0,True,0.0,True,0.0,True,0.0,0.0,0.0,0.0,False,local
1352,1353,PBS_GROUP_0038,TC_001286,BOM_001329,ITEM_001146,HVAC,0.0,1.0,1.0,0.0,1.0,1.0,0.0,,,,,False,0.0,False,0.0,True,0.0,True,0.0,True,0.0,True,0.0,0.0,0.0,0.0,False,local
1353,1354,PBS_GROUP_0038,TC_001287,BOM_001330,ITEM_001146,HVAC,0.026,1.0,1.0,0.026,1.0,1.0,0.026,,,,,False,0.026,False,0.026,True,0.0,True,0.0,True,0.0,True,0.0,0.0,0.0,0.0,False,local
1354,1355,PBS_GROUP_0038,TC_001288,BOM_001331,ITEM_001146,HVAC,0.0,1.0,1.0,0.0,1.0,1.0,0.0,,,,,False,0.0,False,0.0,True,0.0,True,0.0,True,0.0,True,0.0,0.0,0.0,0.0,False,local
1355,1356,PBS_GROUP_0038,TC_001289,BOM_001332,ITEM_001146,HVAC,0.076,1.0,1.0,0.076,0.9873,1.0,0.0750348,,,,,False,0.076,False,0.0750348,True,0.0,True,0.0,True,0.0,True,0.0,0.0,0.0,0.0,False,local
1356,1357,PBS_GROUP_0038,TC_001290,BOM_001333,ITEM_001146,HVAC,0.0,1.0,1.0,0.0,1.0,1.0,0.0,,,,,False,0.0,False,0.0,True,0.0,True,0.0,True,0.0,True,0.0,0.0,0.0,0.0,False,local
1357,1358,PBS_GROUP_0038,TC_001291,BOM_001334,ITEM_001146,HVAC,0.004,1.0,1.0,0.004,0.0,0.9427,0.0,,,,,False,0.004,False,0.0,True,0.0,True,0.0,True,0.0,True,0.0,0.0,0.0,0.0,False,local
1358,1359,PBS_GROUP_0038,TC_001292,BOM_001335,ITEM_001146,HVAC,0.0,1.0,1.0,0.0,1.0,1.0,0.0,,,,,False,0.0,False,0.0,True,0.0,True,0.0,True,0.0,True,0.0,0.0,0.0,0.0,False,local
1359,1360,PBS_GROUP_0038,TC_001293,BOM_001336,ITEM_001146,HVAC,0.0,1.0,1.0,0.0,1.0,1.0,0.0,,,,,False,0.0,False,0.0,True,0.0,True,0.0,True,0.0,True,0.0,0.0,0.0,0.0,False,local
1360,1361,PBS_GROUP_0038,TC_001294,BOM_001337,ITEM_001146,HVAC,0.0,1.0,1.0,0.0,1.0,1.0,0.0,,,,,False,0.0,False,0.0,True,0.0,True,0.0,True,0.0,True,0.0,0.0,0.0,0.0,False,local
1361,1362,PBS_GROUP_0038,TC_001295,BOM_001338,ITEM_001146,HVAC,0.001,0.9539,1.0,0.0009539,1.0,0.9394,0.0009394000000000001,,,,,False,0.0009539,False,0.0009394000000000001,True,0.0,True,0.0,True,0.0,True,0.0,0.0,0.0,0.0,False,local
1362,1363,PBS_GROUP_0038,TC_001296,BOM_001339,ITEM_001146,HVAC,0.041,1.0,1.0,0.041,1.0,1.0,0.041,,,,,False,0.041,False,0.041,True,0.0,True,0.0,True,0.0,True,0.0,0.0,0.0,0.0,False,local
1363,1364,PBS_GROUP_0038,TC_001297,BOM_001340,ITEM_001146,HVAC,0.0,0.9402,1.0,0.0,1.0,1.0,0.0,,,,,False,0.0,False,0.0,True,0.0,True,0.0,True,0.0,True,0.0,0.0,0.0,0.0,False,local
1364,1365,PBS_GROUP_0038,TC_001298,BOM_001341,ITEM_001146,HVAC,0.072,1.0,1.0,0.072,1.0,0.9855,0.07095599999999999,,,,,False,0.072,False,0.07095599999999999,True,0.0,True,0.0,True,0.0,True,0.0,0.0,0.0,0.0,False,local
1365,1366,PBS_GROUP_0038,TC_001299,BOM_001342,ITEM_001146,HVAC,0.168,1.0,1.0,0.168,1.0,1.0,0.168,,,,,False,0.168,False,0.168,True,0.0,True,0.0,True,0.0,True,0.0,0.0,0.0,0.0,False,local
1366,1367,PBS_GROUP_0038,TC_001300,BOM_001343,ITEM_001146,HVAC,0.121,1.0,1.0,0.121,1.0,1.0,0.121,,,,,False,0.121,False,0.121,True,0.0,True,0.0,True,0.0,True,0.0,0.0,0.0,0.0,False,local
1367,1368,PBS_GROUP_0038,TC_001301,BOM_001344,ITEM_001146,HVAC,0.0,1.0,1.0,0.0,0.922,1.0,0.0,,,,,False,0.0,False,0.0,True,0.0,True,0.0,True,0.0,True,0.0,0.0,0.0,0.0,False,local
1368,1369,PBS_GROUP_0038,TC_001302,BOM_001345,ITEM_001146,HVAC,0.004,0.8754,1.0,0.0035016,1.0,1.0,0.004,,,,,False,0.0035016,False,0.004,True,0.0,True,0.0,True,0.0,True,0.0,0.0,0.0,0.0,False,local
1369,1370,PBS_GROUP_0038,TC_001303,BOM_001346,ITEM_001146,HVAC,0.0,1.0,1.0,0.0,1.0,1.0,0.0,,,,,False,0.0,False,0.0,True,0.0,True,0.0,True,0.0,True,0.0,0.0,0.0,0.0,False,local
1370,1371,PBS_GROUP_0038,TC_001304,BOM_001347,ITEM_001146,HVAC,0.0,0.9438,1.0,0.0,1.0,0.9692,0.0,,,,,False,0.0,False,0.0,True,0.0,True,0.0,True,0.0,True,0.0,0.0,0.0,0.0,False,local
1371,1372,PBS_GROUP_0038,TC_001305,BOM_001348,ITEM_001146,HVAC,0.136,1.0,1.0,0.136,0.9899,1.0,0.1346264,,,,,False,0.136,False,0.1346264,True,0.0,True,0.0,True,0.0,True,0.0,0.0,0.0,0.0,False,local
1372,1373,PBS_GROUP_0038,TC_001306,BOM_001349,ITEM_001146,HVAC,0.0,0.6754,1.0,0.0,1.0,1.0,0.0,,,,,False,0.0,False,0.0,True,0.0,True,0.0,True,0.0,True,0.0,0.0,0.0,0.0,False,local
1373,1374,PBS_GROUP_0038,TC_001307,BOM_001350,ITEM_001146,HVAC,0.01,1.0,1.0,0.01,1.0,1.0,0.01,,,,,False,0.01,False,0.01,True,0.0,True,0.0,True,0.0,True,0.0,0.0,0.0,0.0,False,local
1374,1375,PBS_GROUP_0038,TC_001308,BOM_001351,ITEM_001146,HVAC,0.029,1.0,1.0,0.029,1.0,1.0,0.029,,,,,False,0.029,False,0.029,True,0.0,True,0.0,True,0.0,True,0.0,0.0,0.0,0.0,False,local
1375,1376,PBS_GROUP_0038,TC_001309,BOM_001352,ITEM_001146,HVAC,0.05,1.0,1.0,0.05,1.0,1.0,0.05,,,,,False,0.05,False,0.05,True,0.0,True,0.0,True,0.0,True,0.0,0.0,0.0,0.0,False,local
1376,1377,PBS_GROUP_0038,TC_001310,BOM_001353,ITEM_001146,HVAC,0.03,1.0,1.0,0.03,1.0,1.0,0.03,,,,,False,0.03,False,0.03,True,0.0,True,0.0,True,0.0,True,0.0,0.0,0.0,0.0,False,local
1377,1378,PBS_GROUP_0038,TC_001311,BOM_001354,ITEM_001146,HVAC,0.0,1.0,1.0,0.0,1.0,1.0,0.0,,,,,False,0.0,False,0.0,True,0.0,True,0.0,True,0.0,True,0.0,0.0,0.0,0.0,False,local
1378,1379,PBS_GROUP_0038,TC_001312,BOM_001355,ITEM_001146,HVAC,0.0,1.0,1.0,0.0,1.0,1.0,0.0,,,,,False,0.0,False,0.0,True,0.0,True,0.0,True,0.0,True,0.0,0.0,0.0,0.0,False,local
1379,1380,PBS_GROUP_0038,TC_001313,BOM_001356,ITEM_001146,HVAC,0.015,1.0,1.0,0.015,1.0,1.0,0.015,,,,,False,0.015,False,0.015,True,0.0,True,0.0,True,0.0,True,0.0,0.0,0.0,0.0,False,local
1380,1381,PBS_GROUP_0038,TC_001314,BOM_001357,ITEM_001146,HVAC,0.0,1.0,1.0,0.0,1.0,1.0,0.0,,,,,False,0.0,False,0.0,True,0.0,True,0.0,True,0.0,True,0.0,0.0,0.0,0.0,False,local
1381,1382,PBS_GROUP_0038,TC_001315,BOM_001358,ITEM_001146,HVAC,0.0,1.0,1.0,0.0,1.0,1.0,0.0,,,,,False,0.0,False,0.0,True,0.0,True,0.0,True,0.0,True,0.0,0.0,0.0,0.0,False,local
1382,1383,PBS_GROUP_0038,TC_001316,BOM_001359,ITEM_001146,HVAC,0.0,1.0,1.0,0.0,1.0,1.0,0.0,,,,,False,0.0,False,0.0,True,0.0,True,0.0,True,0.0,True,0.0,0.0,0.0,0.0,False,local
1383,1384,PBS_GROUP_0038,TC_001317,BOM_001360,ITEM_001146,HVAC,0.0,1.0,1.0,0.0,1.0,0.0409,0.0,,,,,False,0.0,False,0.0,True,0.0,True,0.0,True,0.0,True,0.0,0.0,0.0,0.0,False,local
1384,1385,PBS_GROUP_0038,TC_001318,BOM_001361,ITEM_001146,HVAC,0.0,1.0,1.0,0.0,0.9739,1.0,0.0,,,,,False,0.0,False,0.0,True,0.0,True,0.0,True,0.0,True,0.0,0.0,0.0,0.0,False,local
1385,1386,PBS_GROUP_0038,TC_001319,BOM_001362,ITEM_001146,HVAC,0.0,1.0,1.0,0.0,1.0,1.0,0.0,,,,,False,0.0,False,0.0,True,0.0,True,0.0,True,0.0,True,0.0,0.0,0.0,0.0,False,local
1386,1387,PBS_GROUP_0038,TC_001320,BOM_001363,ITEM_001146,HVAC,0.021,1.0,1.0,0.021,1.0,1.0,0.021,,,,,False,0.021,False,0.021,True,0.0,True,0.0,True,0.0,True,0.0,0.0,0.0,0.0,False,local
1387,1388,PBS_GROUP_0038,TC_001321,BOM_001364,ITEM_001146,HVAC,0.066,1.0,1.0,0.066,0.9794,1.0,0.0646404,,,,,False,0.066,False,0.0646404,True,0.0,True,0.0,True,0.0,True,0.0,0.0,0.0,0.0,False,local
1388,1389,PBS_GROUP_0038,TC_001322,BOM_001365,ITEM_001146,HVAC,0.114,1.0,1.0,0.114,1.0,1.0,0.114,,,,,False,0.114,False,0.114,True,0.0,True,0.0,True,0.0,True,0.0,0.0,0.0,0.0,False,local
1389,1390,PBS_GROUP_0038,TC_001323,BOM_001366,ITEM_001146,HVAC,0.0,1.0,1.0,0.0,1.0,1.0,0.0,,,,,False,0.0,False,0.0,True,0.0,True,0.0,True,0.0,True,0.0,0.0,0.0,0.0,False,local
1390,1391,PBS_GROUP_0038,TC_001324,BOM_001367,ITEM_001146,HVAC,0.0,1.0,1.0,0.0,1.0,1.0,0.0,,,,,False,0.0,False,0.0,True,0.0,True,0.0,True,0.0,True,0.0,0.0,0.0,0.0,False,local
1391,1392,PBS_GROUP_0038,TC_001325,BOM_001368,ITEM_001147,HVAC,0.0,1.0,1.0,0.0,1.0,1.0,0.0,,,,,False,0.0,False,0.0,True,0.0,True,0.0,True,0.0,True,0.0,0.0,0.0,0.0,False,local
1392,1393,PBS_GROUP_0038,TC_001326,BOM_001369,ITEM_001147,HVAC,0.028,1.0,1.0,0.028,1.0,1.0,0.028,,,,,False,0.028,False,0.028,True,0.0,True,0.0,True,0.0,True,0.0,0.0,0.0,0.0,False,local
1393,1394,PBS_GROUP_0038,TC_001327,BOM_001370,ITEM_001147,HVAC,0.09,1.0,1.0,0.09,1.0,1.0,0.09,,,,,False,0.09,False,0.09,True,0.0,True,0.0,True,0.0,True,0.0,0.0,0.0,0.0,False,local
1394,1395,PBS_GROUP_0038,TC_001328,BOM_001371,ITEM_001147,HVAC,0.0,1.0,1.0,0.0,1.0,1.0,0.0,,,,,False,0.0,False,0.0,True,0.0,True,0.0,True,0.0,True,0.0,0.0,0.0,0.0,False,local
1395,1396,PBS_GROUP_0038,TC_001329,BOM_001372,ITEM_001148,HVAC,0.128,1.0,1.0,0.128,1.0,1.0,0.128,,,,,False,0.128,False,0.128,True,0.0,True,0.0,True,0.0,True,0.0,0.0,0.0,0.0,False,local
1396,1397,PBS_GROUP_0038,TC_001330,BOM_001373,ITEM_001148,HVAC,0.0,0.9899,1.0,0.0,0.9564,1.0,0.0,,,,,False,0.0,False,0.0,True,0.0,True,0.0,True,0.0,True,0.0,0.0,0.0,0.0,False,local
1397,1398,PBS_GROUP_0038,TC_001331,BOM_001374,ITEM_001148,HVAC,0.018,1.0,1.0,0.018,1.0,1.0,0.018,,,,,False,0.018,False,0.018,True,0.0,True,0.0,True,0.0,True,0.0,0.0,0.0,0.0,False,local
1398,1399,PBS_GROUP_0038,TC_001332,BOM_001375,ITEM_001148,HVAC,0.098,1.0,1.0,0.098,0.9593,1.0,0.09401140000000001,,,,,False,0.098,False,0.09401140000000001,True,0.0,True,0.0,True,0.0,True,0.0,0.0,0.0,0.0,False,local
1399,1400,PBS_GROUP_0038,TC_001333,BOM_001376,ITEM_001149,HVAC,0.171,1.0,1.0,0.171,0.9767,1.0,0.16701570000000002,,,,,False,0.171,False,0.16701570000000002,True,0.0,True,0.0,True,0.0,True,0.0,0.0,0.0,0.0,False,local
1400,1401,PBS_GROUP_0038,TC_001334,BOM_001377,ITEM_001149,HVAC,0.069,1.0,1.0,0.069,1.0,1.0,0.069,,,,,False,0.069,False,0.069,True,0.0,True,0.0,True,0.0,True,0.0,0.0,0.0,0.0,False,local
1401,1402,PBS_GROUP_0038,TC_001335,BOM_001378,ITEM_001149,HVAC,0.109,0.9928,1.0,0.1082152,1.0,0.0,0.0,,,,,False,0.1082152,False,0.0,True,0.0,True,0.0,True,0.0,True,0.0,0.0,0.0,0.0,False,local
1402,1403,PBS_GROUP_0038,TC_001336,BOM_001379,ITEM_001130,HVAC,0.0,1.0,1.0,0.0,1.0,0.9421,0.0,,,,,False,0.0,False,0.0,True,0.0,True,0.0,True,0.0,True,0.0,0.0,0.0,0.0,False,local
1403,1404,PBS_GROUP_0038,TC_001337,BOM_001380,ITEM_001149,HVAC,0.084,1.0,1.0,0.084,1.0,1.0,0.084,,,,,False,0.084,False,0.084,True,0.0,True,0.0,True,0.0,True,0.0,0.0,0.0,0.0,False,local
1404,1405,PBS_GROUP_0038,TC_001338,BOM_001381,ITEM_001149,HVAC,0.0,1.0,1.0,0.0,1.0,1.0,0.0,,,,,False,0.0,False,0.0,True,0.0,True,0.0,True,0.0,True,0.0,0.0,0.0,0.0,False,local
1405,1406,PBS_GROUP_0038,TC_001339,BOM_001382,ITEM_001149,HVAC,0.11,1.0,1.0,0.11,1.0,1.0,0.11,,,,,False,0.11,False,0.11,True,0.0,True,0.0,True,0.0,True,0.0,0.0,0.0,0.0,False,local
1406,1407,PBS_GROUP_0038,TC_001340,BOM_001383,ITEM_001149,HVAC,0.023,1.0,1.0,0.023,1.0,1.0,0.023,,,,,False,0.023,False,0.023,True,0.0,True,0.0,True,0.0,True,0.0,0.0,0.0,0.0,False,local
1407,1408,PBS_GROUP_0038,TC_001341,BOM_001384,ITEM_001149,HVAC,0.114,1.0,1.0,0.114,1.0,1.0,0.114,,,,,False,0.114,False,0.114,True,0.0,True,0.0,True,0.0,True,0.0,0.0,0.0,0.0,False,local
1408,1409,PBS_GROUP_0038,TC_001342,BOM_001385,ITEM_001149,HVAC,0.0,1.0,1.0,0.0,1.0,1.0,0.0,,,,,False,0.0,False,0.0,True,0.0,True,0.0,True,0.0,True,0.0,0.0,0.0,0.0,False,local
1409,1410,PBS_GROUP_0038,TC_001343,BOM_001386,ITEM_001149,HVAC,0.022,1.0,1.0,0.022,1.0,1.0,0.022,,,,,False,0.022,False,0.022,True,0.0,True,0.0,True,0.0,True,0.0,0.0,0.0,0.0,False,local
1410,1411,PBS_GROUP_0038,TC_001344,BOM_001387,ITEM_001149,HVAC,0.014,1.0,1.0,0.014,1.0,0.9748,0.0136472,,,,,False,0.014,False,0.0136472,True,0.0,True,0.0,True,0.0,True,0.0,0.0,0.0,0.0,False,local
1411,1412,PBS_GROUP_0038,TC_001345,BOM_001388,ITEM_001150,HVAC,0.062,1.0,1.0,0.062,0.42,0.0746,0.001942584,,,,,False,0.062,False,0.001942584,True,0.0,True,0.0,True,0.0,True,0.0,0.0,0.0,0.0,False,local
1412,1413,PBS_GROUP_0038,TC_001346,BOM_001389,ITEM_001150,HVAC,0.0,0.9771,1.0,0.0,1.0,1.0,0.0,,,,,False,0.0,False,0.0,True,0.0,True,0.0,True,0.0,True,0.0,0.0,0.0,0.0,False,local
1413,1414,PBS_GROUP_0038,TC_001347,BOM_001390,ITEM_001150,HVAC,0.0,1.0,1.0,0.0,1.0,1.0,0.0,,,,,False,0.0,False,0.0,True,0.0,True,0.0,True,0.0,True,0.0,0.0,0.0,0.0,False,local
1414,1415,PBS_GROUP_0038,TC_001348,BOM_001391,ITEM_001150,HVAC,0.0,0.6943,1.0,0.0,1.0,1.0,0.0,,,,,False,0.0,False,0.0,True,0.0,True,0.0,True,0.0,True,0.0,0.0,0.0,0.0,False,local
1415,1416,PBS_GROUP_0038,TC_001349,BOM_001392,ITEM_001130,HVAC,0.0,1.0,1.0,0.0,1.0,1.0,0.0,,,,,False,0.0,False,0.0,True,0.0,True,0.0,True,0.0,True,0.0,0.0,0.0,0.0,False,local
1416,1417,PBS_GROUP_0038,TC_001350,BOM_001393,ITEM_001130,HVAC,0.111,0.9709,1.0,0.1077699,1.0,1.0,0.111,,,,,False,0.1077699,False,0.111,True,0.0,True,0.0,True,0.0,True,0.0,0.0,0.0,0.0,False,local
1417,1418,PBS_GROUP_0038,TC_001351,BOM_001394,ITEM_001151,HVAC,0.0,1.0,1.0,0.0,1.0,1.0,0.0,,,,,False,0.0,False,0.0,True,0.0,True,0.0,True,0.0,True,0.0,0.0,0.0,0.0,False,local
1418,1419,PBS_GROUP_0038,TC_001352,BOM_001395,ITEM_001151,HVAC,0.12,1.0,1.0,0.12,1.0,1.0,0.12,,,,,False,0.12,False,0.12,True,0.0,True,0.0,True,0.0,True,0.0,0.0,0.0,0.0,False,local
1419,1420,PBS_GROUP_0038,TC_001353,BOM_001396,ITEM_001151,HVAC,0.0,1.0,1.0,0.0,1.0,1.0,0.0,,,,,False,0.0,False,0.0,True,0.0,True,0.0,True,0.0,True,0.0,0.0,0.0,0.0,False,local
1420,1421,PBS_GROUP_0038,TC_001354,BOM_001397,ITEM_001151,HVAC,0.0,1.0,1.0,0.0,1.0,1.0,0.0,,,,,False,0.0,False,0.0,True,0.0,True,0.0,True,0.0,True,0.0,0.0,0.0,0.0,False,local
1421,1422,PBS_GROUP_0038,TC_001355,BOM_001398,ITEM_001151,HVAC,0.074,1.0,1.0,0.074,1.0,0.9931,0.0734894,,,,,False,0.074,False,0.0734894,True,0.0,True,0.0,True,0.0,True,0.0,0.0,0.0,0.0,False,local
1422,1423,PBS_GROUP_0038,TC_001356,BOM_001399,ITEM_001151,HVAC,0.024,1.0,1.0,0.024,1.0,1.0,0.024,,,,,False,0.024,False,0.024,True,0.0,True,0.0,True,0.0,True,0.0,0.0,0.0,0.0,False,local
1423,1424,PBS_GROUP_0038,TC_001357,BOM_001400,ITEM_001151,HVAC,0.01,0.96,1.0,0.0096,1.0,1.0,0.01,,,,,False,0.0096,False,0.01,True,0.0,True,0.0,True,0.0,True,0.0,0.0,0.0,0.0,False,local
1424,1425,PBS_GROUP_0038,TC_001358,BOM_001401,ITEM_001151,HVAC,0.014,1.0,1.0,0.014,1.0,1.0,0.014,,,,,False,0.014,False,0.014,True,0.0,True,0.0,True,0.0,True,0.0,0.0,0.0,0.0,False,local
1425,1426,PBS_GROUP_0038,TC_001359,BOM_001402,ITEM_001151,HVAC,0.072,1.0,1.0,0.072,1.0,1.0,0.072,,,,,False,0.072,False,0.072,True,0.0,True,0.0,True,0.0,True,0.0,0.0,0.0,0.0,False,local
1426,1427,PBS_GROUP_0038,TC_001360,BOM_001403,ITEM_001151,HVAC,0.0,1.0,1.0,0.0,1.0,0.9429,0.0,,,,,False,0.0,False,0.0,True,0.0,True,0.0,True,0.0,True,0.0,0.0,0.0,0.0,False,local
1427,1428,PBS_GROUP_0038,TC_001361,BOM_001404,ITEM_001130,HVAC,0.134,1.0,1.0,0.134,1.0,1.0,0.134,,,,,False,0.134,False,0.134,True,0.0,True,0.0,True,0.0,True,0.0,0.0,0.0,0.0,False,local
1428,1429,PBS_GROUP_0038,TC_001362,BOM_001405,ITEM_001151,HVAC,0.123,1.0,1.0,0.123,1.0,1.0,0.123,,,,,False,0.123,False,0.123,True,0.0,True,0.0,True,0.0,True,0.0,0.0,0.0,0.0,False,local
1429,1430,PBS_GROUP_0038,TC_001363,BOM_001406,ITEM_001130,HVAC,0.027,1.0,1.0,0.027,1.0,1.0,0.027,,,,,False,0.027,False,0.027,True,0.0,True,0.0,True,0.0,True,0.0,0.0,0.0,0.0,False,local
1430,1431,PBS_GROUP_0038,TC_001364,BOM_001407,ITEM_001130,HVAC,0.0,1.0,1.0,0.0,0.968,0.989,0.0,,,,,False,0.0,False,0.0,True,0.0,True,0.0,True,0.0,True,0.0,0.0,0.0,0.0,False,local
1431,1432,PBS_GROUP_0038,TC_001365,BOM_001408,ITEM_001130,HVAC,0.039,1.0,1.0,0.039,1.0,1.0,0.039,,,,,False,0.039,False,0.039,True,0.0,True,0.0,True,0.0,True,0.0,0.0,0.0,0.0,False,local
1432,1433,PBS_GROUP_0038,TC_001366,BOM_001409,ITEM_001130,HVAC,0.0,1.0,1.0,0.0,1.0,1.0,0.0,,,,,False,0.0,False,0.0,True,0.0,True,0.0,True,0.0,True,0.0,0.0,0.0,0.0,False,local
1433,1434,PBS_GROUP_0038,TC_001367,BOM_001410,ITEM_001130,HVAC,0.0,1.0,1.0,0.0,1.0,1.0,0.0,,,,,False,0.0,False,0.0,True,0.0,True,0.0,True,0.0,True,0.0,0.0,0.0,0.0,False,local
1434,1435,PBS_GROUP_0038,TC_001368,BOM_001411,ITEM_001130,HVAC,0.0,1.0,1.0,0.0,1.0,1.0,0.0,,,,,False,0.0,False,0.0,True,0.0,True,0.0,True,0.0,True,0.0,0.0,0.0,0.0,False,local
1435,1436,PBS_GROUP_0038,TC_001369,BOM_001412,ITEM_001130,HVAC,0.005,1.0,1.0,0.005,1.0,1.0,0.005,,,,,False,0.005,False,0.005,True,0.0,True,0.0,True,0.0,True,0.0,0.0,0.0,0.0,False,local
1436,1437,PBS_GROUP_0038,TC_001370,BOM_001413,ITEM_001130,HVAC,0.175,1.0,1.0,0.175,1.0,1.0,0.175,,,,,False,0.175,False,0.175,True,0.0,True,0.0,True,0.0,True,0.0,0.0,0.0,0.0,False,local
1437,1438,PBS_GROUP_0038,TC_001371,BOM_001414,ITEM_001130,HVAC,0.059,1.0,1.0,0.059,1.0,1.0,0.059,,,,,False,0.059,False,0.059,True,0.0,True,0.0,True,0.0,True,0.0,0.0,0.0,0.0,False,local
1438,1439,PBS_GROUP_0038,TC_001372,BOM_001415,ITEM_001130,HVAC,0.097,1.0,1.0,0.097,1.0,1.0,0.097,,,,,False,0.097,False,0.097,True,0.0,True,0.0,True,0.0,True,0.0,0.0,0.0,0.0,False,local
1439,1440,PBS_GROUP_0038,TC_001373,BOM_001416,ITEM_001152,HVAC,0.02,1.0,1.0,0.02,0.9767,1.0,0.019534,,,,,False,0.02,False,0.019534,True,0.0,True,0.0,True,0.0,True,0.0,0.0,0.0,0.0,False,local
1440,1441,PBS_GROUP_0038,TC_001374,BOM_001417,ITEM_001153,HVAC,0.0,1.0,1.0,0.0,1.0,1.0,0.0,,,,,False,0.0,False,0.0,True,0.0,True,0.0,True,0.0,True,0.0,0.0,0.0,0.0,False,local
1441,1442,PBS_GROUP_0038,TC_001375,BOM_001418,ITEM_001153,HVAC,0.0,1.0,1.0,0.0,1.0,1.0,0.0,,,,,False,0.0,False,0.0,True,0.0,True,0.0,True,0.0,True,0.0,0.0,0.0,0.0,False,local
1442,1443,PBS_GROUP_0038,TC_001376,BOM_001419,ITEM_001154,HVAC,0.127,1.0,1.0,0.127,1.0,1.0,0.127,,,,,False,0.127,False,0.127,True,0.0,True,0.0,True,0.0,True,0.0,0.0,0.0,0.0,False,local
1443,1444,PBS_GROUP_0038,TC_001377,BOM_001420,ITEM_001154,HVAC,0.0,1.0,1.0,0.0,1.0,1.0,0.0,,,,,False,0.0,False,0.0,True,0.0,True,0.0,True,0.0,True,0.0,0.0,0.0,0.0,False,local
1444,1445,PBS_GROUP_0038,TC_001378,BOM_001421,ITEM_001154,HVAC,0.099,1.0,0.9899,0.0980001,1.0,1.0,0.099,,,,,False,0.0980001,False,0.099,True,0.0,True,0.0,True,0.0,True,0.0,0.0,0.0,0.0,False,local
1445,1446,PBS_GROUP_0038,TC_001379,BOM_001422,ITEM_001154,HVAC,0.031,1.0,1.0,0.031,1.0,1.0,0.031,,,,,False,0.031,False,0.031,True,0.0,True,0.0,True,0.0,True,0.0,0.0,0.0,0.0,False,local
1446,1447,PBS_GROUP_0038,TC_001380,BOM_001423,ITEM_001154,HVAC,0.006,1.0,1.0,0.006,1.0,1.0,0.006,,,,,False,0.006,False,0.006,True,0.0,True,0.0,True,0.0,True,0.0,0.0,0.0,0.0,False,local
1447,1448,PBS_GROUP_0038,TC_001381,BOM_001424,ITEM_001154,HVAC,0.058,1.0,1.0,0.058,1.0,1.0,0.058,,,,,False,0.058,False,0.058,True,0.0,True,0.0,True,0.0,True,0.0,0.0,0.0,0.0,False,local
1448,1449,PBS_GROUP_0038,TC_001382,BOM_001425,ITEM_001154,HVAC,0.007,1.0,1.0,0.007,1.0,1.0,0.007,,,,,False,0.007,False,0.007,True,0.0,True,0.0,True,0.0,True,0.0,0.0,0.0,0.0,False,local
1449,1450,PBS_GROUP_0038,TC_001383,BOM_001426,ITEM_001154,HVAC,0.11,1.0,1.0,0.11,1.0,1.0,0.11,,,,,False,0.11,False,0.11,True,0.0,True,0.0,True,0.0,True,0.0,0.0,0.0,0.0,False,local
1450,1451,PBS_GROUP_0038,TC_001384,BOM_001427,ITEM_001155,HVAC,0.143,1.0,1.0,0.143,1.0,1.0,0.143,,,,,False,0.143,False,0.143,True,0.0,True,0.0,True,0.0,True,0.0,0.0,0.0,0.0,False,local
1451,1452,PBS_GROUP_0038,TC_001385,BOM_001428,ITEM_001156,HVAC,0.0,0.9983,1.0,0.0,0.9993,1.0,0.0,,,,,False,0.0,False,0.0,True,0.0,True,0.0,True,0.0,True,0.0,0.0,0.0,0.0,False,local
1452,1453,PBS_GROUP_0038,TC_001386,BOM_001429,ITEM_001157,HVAC,0.0,1.0,1.0,0.0,1.0,1.0,0.0,,,,,False,0.0,False,0.0,True,0.0,True,0.0,True,0.0,True,0.0,0.0,0.0,0.0,False,local
1453,1454,PBS_GROUP_0038,TC_001387,BOM_001430,ITEM_001154,HVAC,0.027,1.0,1.0,0.027,1.0,1.0,0.027,,,,,False,0.027,False,0.027,True,0.0,True,0.0,True,0.0,True,0.0,0.0,0.0,0.0,False,local
1454,1455,PBS_GROUP_0038,TC_001388,BOM_001431,ITEM_001154,HVAC,0.093,1.0,1.0,0.093,1.0,1.0,0.093,,,,,False,0.093,False,0.093,True,0.0,True,0.0,True,0.0,True,0.0,0.0,0.0,0.0,False,local
1455,1456,PBS_GROUP_0038,TC_001389,BOM_001432,ITEM_001154,HVAC,0.0,1.0,1.0,0.0,1.0,0.9517,0.0,,,,,False,0.0,False,0.0,True,0.0,True,0.0,True,0.0,True,0.0,0.0,0.0,0.0,False,local
1456,1457,PBS_GROUP_0038,TC_001390,BOM_001433,ITEM_001158,HVAC,0.038,1.0,1.0,0.038,1.0,1.0,0.038,,,,,False,0.038,False,0.038,True,0.0,True,0.0,True,0.0,True,0.0,0.0,0.0,0.0,False,local
1457,1458,PBS_GROUP_0038,TC_001391,BOM_001434,ITEM_001158,HVAC,0.057,1.0,1.0,0.057,1.0,1.0,0.057,,,,,False,0.057,False,0.057,True,0.0,True,0.0,True,0.0,True,0.0,0.0,0.0,0.0,False,local
1458,1459,PBS_GROUP_0038,TC_001392,BOM_001435,ITEM_001158,HVAC,0.049,1.0,1.0,0.049,1.0,0.9293,0.045535700000000005,,,,,False,0.049,False,0.045535700000000005,True,0.0,True,0.0,True,0.0,True,0.0,0.0,0.0,0.0,False,local
1459,1460,PBS_GROUP_0038,TC_001393,BOM_001436,ITEM_001157,HVAC,0.0,1.0,1.0,0.0,1.0,1.0,0.0,,,,,False,0.0,False,0.0,True,0.0,True,0.0,True,0.0,True,0.0,0.0,0.0,0.0,False,local
1460,1461,PBS_GROUP_0038,TC_001394,BOM_001437,ITEM_001159,HVAC,0.056,1.0,1.0,0.056,0.9813,0.0,0.0,,,,,False,0.056,False,0.0,True,0.0,True,0.0,True,0.0,True,0.0,0.0,0.0,0.0,False,local
1461,1462,PBS_GROUP_0038,TC_001395,BOM_001438,ITEM_001159,HVAC,0.12,1.0,1.0,0.12,1.0,1.0,0.12,,,,,False,0.12,False,0.12,True,0.0,True,0.0,True,0.0,True,0.0,0.0,0.0,0.0,False,local
1462,1463,PBS_GROUP_0038,TC_001396,BOM_001439,ITEM_001159,HVAC,0.0,1.0,1.0,0.0,1.0,1.0,0.0,,,,,False,0.0,False,0.0,True,0.0,True,0.0,True,0.0,True,0.0,0.0,0.0,0.0,False,local
1463,1464,PBS_GROUP_0038,TC_001397,BOM_001440,ITEM_001160,HVAC,0.0,1.0,1.0,0.0,1.0,1.0,0.0,,,,,False,0.0,False,0.0,True,0.0,True,0.0,True,0.0,True,0.0,0.0,0.0,0.0,False,local
1464,1465,PBS_GROUP_0038,TC_001398,BOM_001441,ITEM_001161,HVAC,0.124,1.0,1.0,0.124,1.0,1.0,0.124,,,,,False,0.124,False,0.124,True,0.0,True,0.0,True,0.0,True,0.0,0.0,0.0,0.0,False,local
1465,1466,PBS_GROUP_0038,TC_001399,BOM_001442,ITEM_001161,HVAC,0.0,1.0,1.0,0.0,1.0,1.0,0.0,,,,,False,0.0,False,0.0,True,0.0,True,0.0,True,0.0,True,0.0,0.0,0.0,0.0,False,local
1466,1467,PBS_GROUP_0038,TC_001400,BOM_001443,ITEM_001161,HVAC,0.046,1.0,1.0,0.046,1.0,1.0,0.046,,,,,False,0.046,False,0.046,True,0.0,True,0.0,True,0.0,True,0.0,0.0,0.0,0.0,False,local
1467,1468,PBS_GROUP_0038,TC_001401,BOM_001444,ITEM_001161,HVAC,0.008,0.9887,1.0,0.007909600000000001,1.0,1.0,0.008,,,,,False,0.007909600000000001,False,0.008,True,0.0,True,0.0,True,0.0,True,0.0,0.0,0.0,0.0,False,local
1468,1469,PBS_GROUP_0038,TC_001402,BOM_001445,ITEM_001161,HVAC,0.0,1.0,1.0,0.0,1.0,1.0,0.0,,,,,False,0.0,False,0.0,True,0.0,True,0.0,True,0.0,True,0.0,0.0,0.0,0.0,False,local
1469,1470,PBS_GROUP_0038,TC_001403,BOM_001446,ITEM_001161,HVAC,0.089,1.0,1.0,0.089,1.0,1.0,0.089,,,,,False,0.089,False,0.089,True,0.0,True,0.0,True,0.0,True,0.0,0.0,0.0,0.0,False,local
1470,1471,PBS_GROUP_0038,TC_001404,BOM_001447,ITEM_001161,HVAC,0.0,1.0,1.0,0.0,1.0,1.0,0.0,,,,,False,0.0,False,0.0,True,0.0,True,0.0,True,0.0,True,0.0,0.0,0.0,0.0,False,local
1471,1472,PBS_GROUP_0038,TC_001405,BOM_001448,ITEM_001162,HVAC,0.014,1.0,1.0,0.014,1.0,1.0,0.014,,,,,False,0.014,False,0.014,True,0.0,True,0.0,True,0.0,True,0.0,0.0,0.0,0.0,False,local
1472,1473,PBS_GROUP_0038,TC_001406,BOM_001449,ITEM_001163,HVAC,0.0,1.0,1.0,0.0,1.0,0.9854,0.0,,,,,False,0.0,False,0.0,True,0.0,True,0.0,True,0.0,True,0.0,0.0,0.0,0.0,False,local
1473,1474,PBS_GROUP_0038,TC_001407,BOM_001450,ITEM_001163,HVAC,0.021,1.0,1.0,0.021,1.0,1.0,0.021,,,,,False,0.021,False,0.021,True,0.0,True,0.0,True,0.0,True,0.0,0.0,0.0,0.0,False,local
1474,1475,PBS_GROUP_0038,TC_001408,BOM_001451,ITEM_001163,HVAC,0.0,1.0,1.0,0.0,0.9978,0.9763,0.0,,,,,False,0.0,False,0.0,True,0.0,True,0.0,True,0.0,True,0.0,0.0,0.0,0.0,False,local
1475,1476,PBS_GROUP_0038,TC_001409,BOM_001452,ITEM_001163,HVAC,0.0,1.0,1.0,0.0,1.0,1.0,0.0,,,,,False,0.0,False,0.0,True,0.0,True,0.0,True,0.0,True,0.0,0.0,0.0,0.0,False,local
1476,1477,PBS_GROUP_0038,TC_001410,BOM_001453,ITEM_001163,HVAC,0.11,1.0,1.0,0.11,1.0,1.0,0.11,,,,,False,0.11,False,0.11,True,0.0,True,0.0,True,0.0,True,0.0,0.0,0.0,0.0,False,local
1477,1478,PBS_GROUP_0038,TC_001411,BOM_001454,ITEM_001164,HVAC,0.0,1.0,1.0,0.0,1.0,1.0,0.0,,,,,False,0.0,False,0.0,True,0.0,True,0.0,True,0.0,True,0.0,0.0,0.0,0.0,False,local
1478,1479,PBS_GROUP_0038,TC_001412,BOM_001455,ITEM_001163,HVAC,0.018,1.0,1.0,0.018,1.0,1.0,0.018,,,,,False,0.018,False,0.018,True,0.0,True,0.0,True,0.0,True,0.0,0.0,0.0,0.0,False,local
1479,1480,PBS_GROUP_0038,TC_001413,BOM_001456,ITEM_001163,HVAC,0.0,1.0,1.0,0.0,1.0,1.0,0.0,,,,,False,0.0,False,0.0,True,0.0,True,0.0,True,0.0,True,0.0,0.0,0.0,0.0,False,local
1480,1481,PBS_GROUP_0038,TC_001414,BOM_001457,ITEM_001165,HVAC,0.083,1.0,1.0,0.083,1.0,1.0,0.083,,,,,False,0.083,False,0.083,True,0.0,True,0.0,True,0.0,True,0.0,0.0,0.0,0.0,False,local
1481,1482,PBS_GROUP_0038,TC_001415,BOM_001458,ITEM_001166,HVAC,0.0,1.0,1.0,0.0,1.0,1.0,0.0,,,,,False,0.0,False,0.0,True,0.0,True,0.0,True,0.0,True,0.0,0.0,0.0,0.0,False,local
1482,1483,PBS_GROUP_0038,TC_001416,BOM_001459,ITEM_001167,HVAC,0.088,1.0,1.0,0.088,1.0,0.9829,0.0864952,,,,,False,0.088,False,0.0864952,True,0.0,True,0.0,True,0.0,True,0.0,0.0,0.0,0.0,False,local
1483,1484,PBS_GROUP_0038,TC_001417,BOM_001460,ITEM_001168,HVAC,0.002,1.0,1.0,0.002,1.0,1.0,0.002,,,,,False,0.002,False,0.002,True,0.0,True,0.0,True,0.0,True,0.0,0.0,0.0,0.0,False,local
1484,1485,PBS_GROUP_0038,TC_001418,BOM_001461,ITEM_001168,HVAC,0.0,1.0,1.0,0.0,1.0,0.9407,0.0,,,,,False,0.0,False,0.0,True,0.0,True,0.0,True,0.0,True,0.0,0.0,0.0,0.0,False,local
1485,1486,PBS_GROUP_0038,TC_001419,BOM_001462,ITEM_001168,HVAC,0.0,1.0,1.0,0.0,1.0,1.0,0.0,,,,,False,0.0,False,0.0,True,0.0,True,0.0,True,0.0,True,0.0,0.0,0.0,0.0,False,local
1486,1487,PBS_GROUP_0038,TC_001420,BOM_001463,ITEM_001168,HVAC,0.0,1.0,1.0,0.0,1.0,1.0,0.0,,,,,False,0.0,False,0.0,True,0.0,True,0.0,True,0.0,True,0.0,0.0,0.0,0.0,False,local
1487,1488,PBS_GROUP_0038,TC_001421,BOM_001464,ITEM_001169,HVAC,0.015,1.0,0.0,0.0,0.9772,1.0,0.014658,,,,,False,0.0,False,0.014658,True,0.0,True,0.0,True,0.0,True,0.0,0.0,0.0,0.0,False,local
1488,1489,PBS_GROUP_0038,TC_001422,BOM_001465,ITEM_001169,HVAC,0.0,1.0,1.0,0.0,1.0,1.0,0.0,,,,,False,0.0,False,0.0,True,0.0,True,0.0,True,0.0,True,0.0,0.0,0.0,0.0,False,local
1489,1490,PBS_GROUP_0038,TC_001423,BOM_001466,ITEM_001169,HVAC,0.055,1.0,1.0,0.055,1.0,1.0,0.055,,,,,False,0.055,False,0.055,True,0.0,True,0.0,True,0.0,True,0.0,0.0,0.0,0.0,False,local
1490,1491,PBS_GROUP_0038,TC_001424,BOM_001467,ITEM_001170,HVAC,0.0,1.0,1.0,0.0,1.0,1.0,0.0,,,,,False,0.0,False,0.0,True,0.0,True,0.0,True,0.0,True,0.0,0.0,0.0,0.0,False,local
1491,1492,PBS_GROUP_0038,TC_001425,BOM_001468,ITEM_001169,HVAC,0.0,1.0,1.0,0.0,1.0,1.0,0.0,,,,,False,0.0,False,0.0,True,0.0,True,0.0,True,0.0,True,0.0,0.0,0.0,0.0,False,local
1492,1493,PBS_GROUP_0038,TC_001426,BOM_001469,ITEM_001169,HVAC,0.061,1.0,1.0,0.061,1.0,1.0,0.061,,,,,False,0.061,False,0.061,True,0.0,True,0.0,True,0.0,True,0.0,0.0,0.0,0.0,False,local
1493,1494,PBS_GROUP_0038,TC_001427,BOM_001470,ITEM_001169,HVAC,0.056,1.0,1.0,0.056,1.0,1.0,0.056,,,,,False,0.056,False,0.056,True,0.0,True,0.0,True,0.0,True,0.0,0.0,0.0,0.0,False,local
1494,1495,PBS_GROUP_0038,TC_001428,BOM_001471,ITEM_001170,HVAC,0.0,1.0,1.0,0.0,1.0,1.0,0.0,,,,,False,0.0,False,0.0,True,0.0,True,0.0,True,0.0,True,0.0,0.0,0.0,0.0,False,local
1495,1496,PBS_GROUP_0038,TC_001429,BOM_001472,ITEM_001169,HVAC,0.0,1.0,1.0,0.0,1.0,1.0,0.0,,,,,False,0.0,False,0.0,True,0.0,True,0.0,True,0.0,True,0.0,0.0,0.0,0.0,False,local
1496,1497,PBS_GROUP_0038,TC_001430,BOM_001473,ITEM_001170,HVAC,0.0,1.0,1.0,0.0,1.0,1.0,0.0,,,,,False,0.0,False,0.0,True,0.0,True,0.0,True,0.0,True,0.0,0.0,0.0,0.0,False,local
1497,1498,PBS_GROUP_0038,TC_001431,BOM_001474,ITEM_001171,HVAC,0.058,1.0,1.0,0.058,1.0,1.0,0.058,,,,,False,0.058,False,0.058,True,0.0,True,0.0,True,0.0,True,0.0,0.0,0.0,0.0,False,local
1498,1499,PBS_GROUP_0038,TC_001432,BOM_001475,ITEM_001171,HVAC,0.051,1.0,1.0,0.051,1.0,1.0,0.051,,,,,False,0.051,False,0.051,True,0.0,True,0.0,True,0.0,True,0.0,0.0,0.0,0.0,False,local
1499,1500,PBS_GROUP_0038,TC_001433,BOM_001476,ITEM_001171,HVAC,0.002,1.0,1.0,0.002,1.0,1.0,0.002,,,,,False,0.002,False,0.002,True,0.0,True,0.0,True,0.0,True,0.0,0.0,0.0,0.0,False,local
1500,1501,PBS_GROUP_0038,TC_001434,BOM_001477,ITEM_001170,HVAC,0.113,1.0,1.0,0.113,1.0,1.0,0.113,,,,,False,0.113,False,0.113,True,0.0,True,0.0,True,0.0,True,0.0,0.0,0.0,0.0,False,local
1501,1502,PBS_GROUP_0038,TC_001435,BOM_001478,ITEM_001172,HVAC,0.079,1.0,1.0,0.079,1.0,1.0,0.079,,,,,False,0.079,False,0.079,True,0.0,True,0.0,True,0.0,True,0.0,0.0,0.0,0.0,False,local
1502,1503,PBS_GROUP_0038,TC_001436,BOM_001479,ITEM_001172,HVAC,0.041,1.0,1.0,0.041,1.0,1.0,0.041,,,,,False,0.041,False,0.041,True,0.0,True,0.0,True,0.0,True,0.0,0.0,0.0,0.0,False,local
1503,1504,PBS_GROUP_0038,TC_001437,BOM_001480,ITEM_001170,HVAC,0.104,1.0,1.0,0.104,1.0,1.0,0.104,,,,,False,0.104,False,0.104,True,0.0,True,0.0,True,0.0,True,0.0,0.0,0.0,0.0,False,local
1504,1505,PBS_GROUP_0038,TC_001438,BOM_001481,ITEM_001173,HVAC,0.0,1.0,1.0,0.0,0.9688,1.0,0.0,,,,,False,0.0,False,0.0,True,0.0,True,0.0,True,0.0,True,0.0,0.0,0.0,0.0,False,local
1505,1506,PBS_GROUP_0038,TC_001439,BOM_001482,ITEM_001174,HVAC,0.0,1.0,1.0,0.0,0.0,1.0,0.0,,,,,False,0.0,False,0.0,True,0.0,True,0.0,True,0.0,True,0.0,0.0,0.0,0.0,False,local
1506,1507,PBS_GROUP_0038,TC_001440,BOM_001483,ITEM_001172,HVAC,0.0,1.0,1.0,0.0,1.0,1.0,0.0,,,,,False,0.0,False,0.0,True,0.0,True,0.0,True,0.0,True,0.0,0.0,0.0,0.0,False,local
1507,1508,PBS_GROUP_0038,TC_001441,BOM_001484,ITEM_001174,HVAC,0.0,1.0,1.0,0.0,1.0,1.0,0.0,,,,,False,0.0,False,0.0,True,0.0,True,0.0,True,0.0,True,0.0,0.0,0.0,0.0,False,local
1508,1509,PBS_GROUP_0038,TC_001442,BOM_001485,ITEM_001171,HVAC,0.015,1.0,1.0,0.015,1.0,1.0,0.015,,,,,False,0.015,False,0.015,True,0.0,True,0.0,True,0.0,True,0.0,0.0,0.0,0.0,False,local
1509,1510,PBS_GROUP_0038,TC_001443,BOM_001486,ITEM_001173,HVAC,0.051,1.0,1.0,0.051,1.0,1.0,0.051,,,,,False,0.051,False,0.051,True,0.0,True,0.0,True,0.0,True,0.0,0.0,0.0,0.0,False,local
1510,1511,PBS_GROUP_0038,TC_001444,BOM_001487,ITEM_001130,HVAC,0.0,1.0,1.0,0.0,1.0,1.0,0.0,,,,,False,0.0,False,0.0,True,0.0,True,0.0,True,0.0,True,0.0,0.0,0.0,0.0,False,local
1511,1512,PBS_GROUP_0038,TC_001445,BOM_001488,ITEM_001173,HVAC,0.0,1.0,0.9394,0.0,1.0,1.0,0.0,,,,,False,0.0,False,0.0,True,0.0,True,0.0,True,0.0,True,0.0,0.0,0.0,0.0,False,local
1512,1513,PBS_GROUP_0038,TC_001446,BOM_001489,ITEM_001170,HVAC,0.013,1.0,1.0,0.013,1.0,1.0,0.013,,,,,False,0.013,False,0.013,True,0.0,True,0.0,True,0.0,True,0.0,0.0,0.0,0.0,False,local
1513,1514,PBS_GROUP_0038,TC_001447,BOM_001490,ITEM_001175,HVAC,0.059,1.0,1.0,0.059,1.0,1.0,0.059,,,,,False,0.059,False,0.059,True,0.0,True,0.0,True,0.0,True,0.0,0.0,0.0,0.0,False,local
1514,1515,PBS_GROUP_0038,TC_001448,BOM_001491,ITEM_001175,HVAC,0.0,1.0,1.0,0.0,1.0,1.0,0.0,,,,,False,0.0,False,0.0,True,0.0,True,0.0,True,0.0,True,0.0,0.0,0.0,0.0,False,local
1515,1516,PBS_GROUP_0038,TC_001449,BOM_001492,ITEM_001175,HVAC,0.012,1.0,1.0,0.012,1.0,1.0,0.012,,,,,False,0.012,False,0.012,True,0.0,True,0.0,True,0.0,True,0.0,0.0,0.0,0.0,False,local
1516,1517,PBS_GROUP_0038,TC_001450,BOM_001493,ITEM_001176,HVAC,0.0,1.0,1.0,0.0,1.0,1.0,0.0,,,,,False,0.0,False,0.0,True,0.0,True,0.0,True,0.0,True,0.0,0.0,0.0,0.0,False,local
1517,1518,PBS_GROUP_0038,TC_001451,BOM_001494,ITEM_001176,HVAC,0.0,1.0,1.0,0.0,0.0,1.0,0.0,,,,,False,0.0,False,0.0,True,0.0,True,0.0,True,0.0,True,0.0,0.0,0.0,0.0,False,local
1518,1519,PBS_GROUP_0038,TC_001452,BOM_001495,ITEM_001176,HVAC,0.123,1.0,1.0,0.123,1.0,0.9207,0.11324609999999999,,,,,False,0.123,False,0.11324609999999999,True,0.0,True,0.0,True,0.0,True,0.0,0.0,0.0,0.0,False,local
1519,1520,PBS_GROUP_0038,TC_001453,BOM_001496,ITEM_001176,HVAC,0.146,1.0,1.0,0.146,1.0,1.0,0.146,,,,,False,0.146,False,0.146,True,0.0,True,0.0,True,0.0,True,0.0,0.0,0.0,0.0,False,local
1520,1521,PBS_GROUP_0038,TC_001454,BOM_001497,ITEM_001176,HVAC,0.077,1.0,1.0,0.077,1.0,1.0,0.077,,,,,False,0.077,False,0.077,True,0.0,True,0.0,True,0.0,True,0.0,0.0,0.0,0.0,False,local
1521,1522,PBS_GROUP_0038,TC_001455,BOM_001498,ITEM_001176,HVAC,0.106,0.0,1.0,0.0,1.0,1.0,0.106,,,,,False,0.0,False,0.106,True,0.0,True,0.0,True,0.0,True,0.0,0.0,0.0,0.0,False,local
1522,1523,PBS_GROUP_0038,TC_001456,BOM_001499,ITEM_001170,HVAC,0.002,1.0,1.0,0.002,0.9524,1.0,0.0019048000000000001,,,,,False,0.002,False,0.0019048000000000001,True,0.0,True,0.0,True,0.0,True,0.0,0.0,0.0,0.0,False,local
1523,1524,PBS_GROUP_0038,TC_001457,BOM_001500,ITEM_001170,HVAC,0.014,0.9643,1.0,0.0135002,1.0,1.0,0.014,,,,,False,0.0135002,False,0.014,True,0.0,True,0.0,True,0.0,True,0.0,0.0,0.0,0.0,False,local
1524,1525,PBS_GROUP_0038,TC_001458,BOM_001501,ITEM_001176,HVAC,0.008,0.9371,1.0,0.0074968000000000005,1.0,1.0,0.008,,,,,False,0.0074968000000000005,False,0.008,True,0.0,True,0.0,True,0.0,True,0.0,0.0,0.0,0.0,False,local
1525,1526,PBS_GROUP_0038,TC_001459,BOM_001502,ITEM_001176,HVAC,0.051,1.0,1.0,0.051,1.0,1.0,0.051,,,,,False,0.051,False,0.051,True,0.0,True,0.0,True,0.0,True,0.0,0.0,0.0,0.0,False,local
1526,1527,PBS_GROUP_0039,TC_001460,BOM_001503,ITEM_001177,HVAC,2.306,1.0,1.0,2.306,,,,0.1,0.0,0.04,0.0,False,2.306,True,0.0,False,0.1,False,0.0,False,0.04,False,0.0,0.0,0.1,0.14,False,local
1526,1527,PBS_GROUP_0039,TC_001460,BOM_001503,ITEM_001177,CW,2.632,0.7189,1.0,1.8921448,1.0,1.0,2.632,0.1,0.0,0.04,0.0,False,1.8921448,False,2.632,False,0.1,False,0.0,False,0.04,False,0.0,0.0,0.1,0.14,False,local
1527,1528,PBS_GROUP_0039,TC_001461,BOM_001504,ITEM_001178,HVAC,2.269,1.0,1.0,2.269,,,,0.1,0.0,0.04,0.0,False,2.269,True,0.0,False,0.1,False,0.0,False,0.04,False,0.0,0.0,0.1,0.14,False,local
1527,1528,PBS_GROUP_0039,TC_001461,BOM_001504,ITEM_001178,CW,2.384,1.0,1.0,2.384,0.0,0.0,0.0,0.1,0.0,0.04,0.0,False,2.384,False,0.0,False,0.1,False,0.0,False,0.04,False,0.0,0.0,0.1,0.14,False,local
1528,1529,PBS_GROUP_0039,TC_001462,BOM_001505,ITEM_001179,HVAC,2.358,1.0,1.0,2.358,,,,0.1,0.0,0.04,0.0,False,2.358,True,0.0,False,0.1,False,0.0,False,0.04,False,0.0,0.0,0.1,0.14,False,local
1528,1529,PBS_GROUP_0039,TC_001462,BOM_001505,ITEM_001179,CW,2.321,1.0,1.0,2.321,1.0,1.0,2.321,0.1,0.0,0.04,0.0,False,2.321,False,2.321,False,0.1,False,0.0,False,0.04,False,0.0,0.0,0.1,0.14,False,local
1529,1530,PBS_GROUP_0039,TC_001463,BOM_001506,ITEM_001180,HVAC,2.639,1.0,1.0,2.639,,,,0.1,0.0,0.04,0.0,False,2.639,True,0.0,False,0.1,False,0.0,False,0.04,False,0.0,0.0,0.1,0.14,False,local
1529,1530,PBS_GROUP_0039,TC_001463,BOM_001506,ITEM_001180,CW,2.364,1.0,1.0,2.364,0.99,0.0444,0.103911984,0.1,0.0,0.04,0.0,False,2.364,False,0.103911984,False,0.1,False,0.0,False,0.04,False,0.0,0.0,0.1,0.14,False,local
1530,1531,PBS_GROUP_0039,TC_001464,BOM_001507,ITEM_001181,HVAC,2.193,1.0,1.0,2.193,,,,0.1,0.0,0.04,0.0,False,2.193,True,0.0,False,0.1,False,0.0,False,0.04,False,0.0,0.0,0.1,0.14,False,local
1530,1531,PBS_GROUP_0039,TC_001464,BOM_001507,ITEM_001181,CW,2.613,0.0,1.0,0.0,1.0,1.0,2.613,0.1,0.0,0.04,0.0,False,0.0,False,2.613,False,0.1,False,0.0,False,0.04,False,0.0,0.0,0.1,0.14,False,local
1531,1532,PBS_GROUP_0039,TC_001465,BOM_001508,ITEM_001182,HVAC,2.484,1.0,1.0,2.484,,,,0.1,0.0,0.04,0.0,False,2.484,True,0.0,False,0.1,False,0.0,False,0.04,False,0.0,0.0,0.1,0.14,False,local
1531,1532,PBS_GROUP_0039,TC_001465,BOM_001508,ITEM_001182,CW,2.345,1.0,1.0,2.345,1.0,0.9286,2.1775670000000003,0.1,0.0,0.04,0.0,False,2.345,False,2.1775670000000003,False,0.1,False,0.0,False,0.04,False,0.0,0.0,0.1,0.14,False,local
1532,1533,PBS_GROUP_0039,TC_001466,BOM_001509,ITEM_001183,HVAC,2.601,1.0,1.0,2.601,,,,0.1,0.0,0.04,0.0,False,2.601,True,0.0,False,0.1,False,0.0,False,0.04,False,0.0,0.0,0.1,0.14,False,local
1532,1533,PBS_GROUP_0039,TC_001466,BOM_001509,ITEM_001183,CW,2.431,1.0,1.0,2.431,0.0,1.0,0.0,0.1,0.0,0.04,0.0,False,2.431,False,0.0,False,0.1,False,0.0,False,0.04,False,0.0,0.0,0.1,0.14,False,local
1533,1534,PBS_GROUP_0039,TC_001467,BOM_001510,ITEM_001184,HVAC,2.11,1.0,1.0,2.11,,,,0.1,0.0,0.04,0.0,False,2.11,True,0.0,False,0.1,False,0.0,False,0.04,False,0.0,0.0,0.1,0.14,False,local
1533,1534,PBS_GROUP_0039,TC_001467,BOM_001510,ITEM_001184,CW,2.503,1.0,1.0,2.503,1.0,0.0,0.0,0.1,0.0,0.04,0.0,False,2.503,False,0.0,False,0.1,False,0.0,False,0.04,False,0.0,0.0,0.1,0.14,False,local
1534,1535,PBS_GROUP_0039,TC_001468,BOM_001511,ITEM_001185,HVAC,2.483,1.0,1.0,2.483,,,,0.1,0.0,0.04,0.0,False,2.483,True,0.0,False,0.1,False,0.0,False,0.04,False,0.0,0.0,0.1,0.14,False,local
1534,1535,PBS_GROUP_0039,TC_001468,BOM_001511,ITEM_001185,CW,2.5,0.9079,1.0,2.26975,1.0,1.0,2.5,0.1,0.0,0.04,0.0,False,2.26975,False,2.5,False,0.1,False,0.0,False,0.04,False,0.0,0.0,0.1,0.14,False,local
1535,1536,PBS_GROUP_0039,TC_001469,BOM_001512,ITEM_001186,HVAC,2.399,1.0,1.0,2.399,,,,0.1,0.0,0.04,0.0,False,2.399,True,0.0,False,0.1,False,0.0,False,0.04,False,0.0,0.0,0.1,0.14,False,local
1535,1536,PBS_GROUP_0039,TC_001469,BOM_001512,ITEM_001186,CW,2.599,1.0,1.0,2.599,0.9895,1.0,2.5717105000000005,0.1,0.0,0.04,0.0,False,2.599,False,2.5717105000000005,False,0.1,False,0.0,False,0.04,False,0.0,0.0,0.1,0.14,False,local
1536,1537,PBS_GROUP_0039,TC_001470,BOM_001513,ITEM_001187,HVAC,0.749,0.703,1.0,0.526547,,,,0.1,0.0,0.04,0.0,False,0.526547,True,0.0,False,0.1,False,0.0,False,0.04,False,0.0,0.0,0.1,0.14,False,local
1536,1537,PBS_GROUP_0039,TC_001470,BOM_001513,ITEM_001187,CW,2.325,1.0,1.0,2.325,0.4232,0.0,0.0,0.1,0.0,0.04,0.0,False,2.325,False,0.0,False,0.1,False,0.0,False,0.04,False,0.0,0.0,0.1,0.14,False,local
1537,1538,PBS_GROUP_0039,TC_001471,BOM_001514,ITEM_001188,HVAC,0.526,1.0,1.0,0.526,,,,0.1,0.0,0.04,0.0,False,0.526,True,0.0,False,0.1,False,0.0,False,0.04,False,0.0,0.0,0.1,0.14,False,local
1537,1538,PBS_GROUP_0039,TC_001471,BOM_001514,ITEM_001188,CW,2.439,1.0,1.0,2.439,0.4922,1.0,1.2004758,0.1,0.0,0.04,0.0,False,2.439,False,1.2004758,False,0.1,False,0.0,False,0.04,False,0.0,0.0,0.1,0.14,False,local
1538,1539,PBS_GROUP_0039,TC_001472,BOM_001515,ITEM_001189,HVAC,0.636,1.0,1.0,0.636,,,,0.1,0.0,0.04,0.0,False,0.636,True,0.0,False,0.1,False,0.0,False,0.04,False,0.0,0.0,0.1,0.14,False,local
1538,1539,PBS_GROUP_0039,TC_001472,BOM_001515,ITEM_001189,CW,2.323,0.2424,1.0,0.5630952,0.0,1.0,0.0,0.1,0.0,0.04,0.0,False,0.5630952,False,0.0,False,0.1,False,0.0,False,0.04,False,0.0,0.0,0.1,0.14,False,local
1539,1540,PBS_GROUP_0039,TC_001473,BOM_001516,ITEM_001190,HVAC,0.746,1.0,1.0,0.746,,,,0.1,0.0,0.04,0.0,False,0.746,True,0.0,False,0.1,False,0.0,False,0.04,False,0.0,0.0,0.1,0.14,False,local
1539,1540,PBS_GROUP_0039,TC_001473,BOM_001516,ITEM_001190,CW,2.442,1.0,1.0,2.442,1.0,0.0,0.0,0.1,0.0,0.04,0.0,False,2.442,False,0.0,False,0.1,False,0.0,False,0.04,False,0.0,0.0,0.1,0.14,False,local
1540,1541,PBS_GROUP_0039,TC_001474,BOM_001517,ITEM_001191,HVAC,0.672,1.0,1.0,0.672,,,,0.1,0.0,0.04,0.0,False,0.672,True,0.0,False,0.1,False,0.0,False,0.04,False,0.0,0.0,0.1,0.14,False,local
1540,1541,PBS_GROUP_0039,TC_001474,BOM_001517,ITEM_001191,CW,2.191,0.9787,1.0,2.1443317,0.0912,1.0,0.1998192,0.1,0.0,0.04,0.0,False,2.1443317,False,0.1998192,False,0.1,False,0.0,False,0.04,False,0.0,0.0,0.1,0.14,False,local
1541,1542,PBS_GROUP_0039,TC_001475,BOM_001518,ITEM_001192,HVAC,0.593,1.0,1.0,0.593,,,,0.1,0.0,0.04,0.0,False,0.593,True,0.0,False,0.1,False,0.0,False,0.04,False,0.0,0.0,0.1,0.14,False,local
1541,1542,PBS_GROUP_0039,TC_001475,BOM_001518,ITEM_001192,CW,2.142,1.0,1.0,2.142,0.0,1.0,0.0,0.1,0.0,0.04,0.0,False,2.142,False,0.0,False,0.1,False,0.0,False,0.04,False,0.0,0.0,0.1,0.14,False,local
1542,1543,PBS_GROUP_0039,TC_001476,BOM_001519,ITEM_001193,HVAC,0.581,0.9273,1.0,0.5387613,,,,0.1,0.0,0.04,0.0,False,0.5387613,True,0.0,False,0.1,False,0.0,False,0.04,False,0.0,0.0,0.1,0.14,False,local
1542,1543,PBS_GROUP_0039,TC_001476,BOM_001519,ITEM_001193,CW,2.453,1.0,1.0,2.453,0.9664,0.0,0.0,0.1,0.0,0.04,0.0,False,2.453,False,0.0,False,0.1,False,0.0,False,0.04,False,0.0,0.0,0.1,0.14,False,local
1543,1544,PBS_GROUP_0039,TC_001477,BOM_001520,ITEM_001194,HVAC,0.623,1.0,1.0,0.623,,,,0.1,0.0,0.04,0.0,False,0.623,True,0.0,False,0.1,False,0.0,False,0.04,False,0.0,0.0,0.1,0.14,False,local
1543,1544,PBS_GROUP_0039,TC_001477,BOM_001520,ITEM_001194,CW,2.381,1.0,1.0,2.381,0.0,1.0,0.0,0.1,0.0,0.04,0.0,False,2.381,False,0.0,False,0.1,False,0.0,False,0.04,False,0.0,0.0,0.1,0.14,False,local
1544,1545,PBS_GROUP_0039,TC_001478,BOM_001521,ITEM_001195,HVAC,0.717,1.0,1.0,0.717,,,,0.1,0.0,0.04,0.0,False,0.717,True,0.0,False,0.1,False,0.0,False,0.04,False,0.0,0.0,0.1,0.14,False,local
1544,1545,PBS_GROUP_0039,TC_001478,BOM_001521,ITEM_001195,CW,2.325,1.0,1.0,2.325,1.0,0.0,0.0,0.1,0.0,0.04,0.0,False,2.325,False,0.0,False,0.1,False,0.0,False,0.04,False,0.0,0.0,0.1,0.14,False,local
1545,1546,PBS_GROUP_0039,TC_001479,BOM_001522,ITEM_001196,HVAC,0.604,1.0,1.0,0.604,,,,0.1,0.0,0.04,0.0,False,0.604,True,0.0,False,0.1,False,0.0,False,0.04,False,0.0,0.0,0.1,0.14,False,local
1545,1546,PBS_GROUP_0039,TC_001479,BOM_001522,ITEM_001196,CW,2.244,1.0,0.9486,2.1286584000000004,1.0,1.0,2.244,0.1,0.0,0.04,0.0,False,2.1286584000000004,False,2.244,False,0.1,False,0.0,False,0.04,False,0.0,0.0,0.1,0.14,False,local
1546,1547,PBS_GROUP_0039,TC_001480,BOM_001523,ITEM_001197,HVAC,0.524,1.0,1.0,0.524,,,,0.1,0.0,0.04,0.0,False,0.524,True,0.0,False,0.1,False,0.0,False,0.04,False,0.0,0.0,0.1,0.14,False,local
1546,1547,PBS_GROUP_0039,TC_001480,BOM_001523,ITEM_001197,CW,2.205,1.0,1.0,2.205,1.0,1.0,2.205,0.1,0.0,0.04,0.0,False,2.205,False,2.205,False,0.1,False,0.0,False,0.04,False,0.0,0.0,0.1,0.14,False,local
1547,1548,PBS_GROUP_0039,TC_001481,BOM_001524,ITEM_001198,HVAC,0.725,0.0,1.0,0.0,,,,0.1,0.0,0.04,0.0,False,0.0,True,0.0,False,0.1,False,0.0,False,0.04,False,0.0,0.0,0.1,0.14,False,local
1547,1548,PBS_GROUP_0039,TC_001481,BOM_001524,ITEM_001198,CW,2.291,1.0,1.0,2.291,1.0,1.0,2.291,0.1,0.0,0.04,0.0,False,2.291,False,2.291,False,0.1,False,0.0,False,0.04,False,0.0,0.0,0.1,0.14,False,local
1548,1549,PBS_GROUP_0039,TC_001482,BOM_001525,ITEM_001199,HVAC,0.658,0.9925,1.0,0.653065,,,,0.1,0.0,0.04,0.0,False,0.653065,True,0.0,False,0.1,False,0.0,False,0.04,False,0.0,0.0,0.1,0.14,False,local
1548,1549,PBS_GROUP_0039,TC_001482,BOM_001525,ITEM_001199,CW,2.047,1.0,1.0,2.047,0.4588,0.9821,0.9223525715600001,0.1,0.0,0.04,0.0,False,2.047,False,0.9223525715600001,False,0.1,False,0.0,False,0.04,False,0.0,0.0,0.1,0.14,False,local
1549,1550,PBS_GROUP_0039,TC_001483,BOM_001526,ITEM_001200,HVAC,0.628,1.0,1.0,0.628,,,,0.1,0.0,0.04,0.0,False,0.628,True,0.0,False,0.1,False,0.0,False,0.04,False,0.0,0.0,0.1,0.14,False,local
1549,1550,PBS_GROUP_0039,TC_001483,BOM_001526,ITEM_001200,CW,2.219,0.9973,1.0,2.2130086999999996,1.0,0.948,2.1036119999999996,0.1,0.0,0.04,0.0,False,2.2130086999999996,False,2.1036119999999996,False,0.1,False,0.0,False,0.04,False,0.0,0.0,0.1,0.14,False,local
1550,1551,PBS_GROUP_0039,TC_001484,BOM_001527,ITEM_001201,HVAC,0.461,1.0,0.987,0.455007,,,,0.1,0.0,0.04,0.0,False,0.455007,True,0.0,False,0.1,False,0.0,False,0.04,False,0.0,0.0,0.1,0.14,False,local
1550,1551,PBS_GROUP_0039,TC_001484,BOM_001527,ITEM_001201,CW,2.226,1.0,1.0,2.226,0.7996,1.0,1.7799095999999999,0.1,0.0,0.04,0.0,False,2.226,False,1.7799095999999999,False,0.1,False,0.0,False,0.04,False,0.0,0.0,0.1,0.14,False,local
1551,1552,PBS_GROUP_0039,TC_001485,BOM_001528,ITEM_001202,HVAC,0.637,1.0,1.0,0.637,,,,0.1,0.0,0.04,0.0,False,0.637,True,0.0,False,0.1,False,0.0,False,0.04,False,0.0,0.0,0.1,0.14,False,local
1551,1552,PBS_GROUP_0039,TC_001485,BOM_001528,ITEM_001202,CW,2.282,1.0,1.0,2.282,0.0,1.0,0.0,0.1,0.0,0.04,0.0,False,2.282,False,0.0,False,0.1,False,0.0,False,0.04,False,0.0,0.0,0.1,0.14,False,local
1552,1553,PBS_GROUP_0039,TC_001486,BOM_001529,ITEM_001203,HVAC,0.551,1.0,1.0,0.551,,,,0.1,0.0,0.04,0.0,False,0.551,True,0.0,False,0.1,False,0.0,False,0.04,False,0.0,0.0,0.1,0.14,False,local
1552,1553,PBS_GROUP_0039,TC_001486,BOM_001529,ITEM_001203,CW,2.301,0.0,1.0,0.0,1.0,1.0,2.301,0.1,0.0,0.04,0.0,False,0.0,False,2.301,False,0.1,False,0.0,False,0.04,False,0.0,0.0,0.1,0.14,False,local
1553,1554,PBS_GROUP_0039,TC_001487,BOM_001530,ITEM_001204,HVAC,0.621,1.0,1.0,0.621,,,,0.1,0.0,0.04,0.0,False,0.621,True,0.0,False,0.1,False,0.0,False,0.04,False,0.0,0.0,0.1,0.14,False,local
1553,1554,PBS_GROUP_0039,TC_001487,BOM_001530,ITEM_001204,CW,2.359,1.0,1.0,2.359,0.0,0.9973,0.0,0.1,0.0,0.04,0.0,False,2.359,False,0.0,False,0.1,False,0.0,False,0.04,False,0.0,0.0,0.1,0.14,False,local
1554,1555,PBS_GROUP_0039,TC_001488,BOM_001531,ITEM_001205,HVAC,0.503,1.0,1.0,0.503,,,,0.1,0.0,0.04,0.0,False,0.503,True,0.0,False,0.1,False,0.0,False,0.04,False,0.0,0.0,0.1,0.14,False,local
1554,1555,PBS_GROUP_0039,TC_001488,BOM_001531,ITEM_001205,CW,2.342,0.943,1.0,2.208506,0.3083,1.0,0.7220386000000001,0.1,0.0,0.04,0.0,False,2.208506,False,0.7220386000000001,False,0.1,False,0.0,False,0.04,False,0.0,0.0,0.1,0.14,False,local
1555,1556,PBS_GROUP_0039,TC_001489,BOM_001532,ITEM_001206,HVAC,0.604,1.0,1.0,0.604,,,,0.1,0.0,0.04,0.0,False,0.604,True,0.0,False,0.1,False,0.0,False,0.04,False,0.0,0.0,0.1,0.14,False,local
1555,1556,PBS_GROUP_0039,TC_001489,BOM_001532,ITEM_001206,CW,2.35,1.0,1.0,2.35,1.0,1.0,2.35,0.1,0.0,0.04,0.0,False,2.35,False,2.35,False,0.1,False,0.0,False,0.04,False,0.0,0.0,0.1,0.14,False,local
1556,1557,PBS_GROUP_0039,TC_001490,BOM_001533,ITEM_001207,HVAC,0.715,1.0,1.0,0.715,,,,0.1,0.0,0.04,0.0,False,0.715,True,0.0,False,0.1,False,0.0,False,0.04,False,0.0,0.0,0.1,0.14,False,local
1556,1557,PBS_GROUP_0039,TC_001490,BOM_001533,ITEM_001207,CW,2.283,1.0,1.0,2.283,0.0,1.0,0.0,0.1,0.0,0.04,0.0,False,2.283,False,0.0,False,0.1,False,0.0,False,0.04,False,0.0,0.0,0.1,0.14,False,local
1557,1558,PBS_GROUP_0040,TC_001491,BOM_001534,ITEM_001208,HVAC,0.19,1.0,1.0,0.19,,,,0.1,0.0,0.04,0.0,False,0.19,True,0.0,False,0.1,False,0.0,False,0.04,False,0.0,0.0,0.1,0.14,False,local
1558,1559,PBS_GROUP_0040,TC_001492,BOM_001535,ITEM_001209,HVAC,0.0,1.0,1.0,0.0,,,,0.1,0.0,0.04,0.0,False,0.0,True,0.0,False,0.1,False,0.0,False,0.04,False,0.0,0.0,0.1,0.14,False,local
1559,1560,PBS_GROUP_0040,TC_001493,BOM_001536,ITEM_001210,HVAC,0.132,1.0,0.9816,0.1295712,,,,0.1,0.0,0.04,0.0,False,0.1295712,True,0.0,False,0.1,False,0.0,False,0.04,False,0.0,0.0,0.1,0.14,False,local
1560,1561,PBS_GROUP_0040,TC_001494,BOM_001537,ITEM_001211,HVAC,0.047,0.9699,1.0,0.0455853,,,,0.1,0.0,0.04,0.0,False,0.0455853,True,0.0,False,0.1,False,0.0,False,0.04,False,0.0,0.0,0.1,0.14,False,local
1561,1562,PBS_GROUP_0040,TC_001495,BOM_001538,ITEM_001212,HVAC,0.027,1.0,1.0,0.027,,,,0.1,0.0,0.04,0.0,False,0.027,True,0.0,False,0.1,False,0.0,False,0.04,False,0.0,0.0,0.1,0.14,False,local
1562,1563,PBS_GROUP_0040,TC_001496,BOM_001539,ITEM_001213,HVAC,0.043,1.0,1.0,0.043,,,,0.1,0.0,0.04,0.0,False,0.043,True,0.0,False,0.1,False,0.0,False,0.04,False,0.0,0.0,0.1,0.14,False,local
1563,1564,PBS_GROUP_0040,TC_001497,BOM_001540,ITEM_001214,HVAC,0.121,1.0,1.0,0.121,,,,0.1,0.0,0.04,0.0,False,0.121,True,0.0,False,0.1,False,0.0,False,0.04,False,0.0,0.0,0.1,0.14,False,local
1564,1565,PBS_GROUP_0040,TC_001498,BOM_001541,ITEM_001215,HVAC,0.0,1.0,1.0,0.0,,,,0.1,0.0,0.04,0.0,False,0.0,True,0.0,False,0.1,False,0.0,False,0.04,False,0.0,0.0,0.1,0.14,False,local
1565,1566,PBS_GROUP_0006,TC_001499,BOM_001542,ITEM_001216,HVAC,3.145,1.0,1.0,3.145,,,,0.1,0.0,0.04,0.0,False,3.145,True,0.0,False,0.1,False,0.0,False,0.04,False,0.0,0.0,0.1,0.14,False,local
1566,1567,PBS_GROUP_0006,TC_001500,BOM_001543,ITEM_001217,HVAC,0.038,1.0,1.0,0.038,,,,0.1,0.0,0.04,0.0,False,0.038,True,0.0,False,0.1,False,0.0,False,0.04,False,0.0,0.0,0.1,0.14,False,local
1567,1568,PBS_GROUP_0006,TC_001501,BOM_001544,ITEM_001218,HVAC,0.121,1.0,1.0,0.121,,,,0.1,0.0,0.04,0.0,False,0.121,True,0.0,False,0.1,False,0.0,False,0.04,False,0.0,0.0,0.1,0.14,False,local
1568,1569,PBS_GROUP_0006,TC_001502,BOM_001545,ITEM_001219,HVAC,0.099,1.0,1.0,0.099,,,,0.1,0.0,0.04,0.0,False,0.099,True,0.0,False,0.1,False,0.0,False,0.04,False,0.0,0.0,0.1,0.14,False,local
1569,1570,PBS_GROUP_0007,TC_001503,BOM_000061,ITEM_001220,HVAC,0.059,1.0,1.0,0.059,,,,0.1,0.0,0.04,0.0,False,0.059,True,0.0,False,0.1,False,0.0,False,0.04,False,0.0,0.0,0.1,0.14,False,local
1570,1571,PBS_GROUP_0006,TC_001504,BOM_001546,ITEM_001221,HVAC,0.0,1.0,1.0,0.0,,,,0.1,0.0,0.04,0.0,False,0.0,True,0.0,False,0.1,False,0.0,False,0.04,False,0.0,0.0,0.1,0.14,False,local
1571,1572,PBS_GROUP_0006,TC_001505,BOM_001547,ITEM_001222,HVAC,0.066,1.0,1.0,0.066,,,,0.1,0.0,0.04,0.0,False,0.066,True,0.0,False,0.1,False,0.0,False,0.04,False,0.0,0.0,0.1,0.14,False,local
1572,1573,PBS_GROUP_0006,TC_001506,BOM_001548,ITEM_001223,HVAC,0.0,1.0,0.9474,0.0,,,,0.1,0.0,0.04,0.0,False,0.0,True,0.0,False,0.1,False,0.0,False,0.04,False,0.0,0.0,0.1,0.14,False,local
1573,1574,PBS_GROUP_0006,TC_001507,BOM_001549,ITEM_001224,HVAC,0.013,1.0,1.0,0.013,,,,0.1,0.0,0.04,0.0,False,0.013,True,0.0,False,0.1,False,0.0,False,0.04,False,0.0,0.0,0.1,0.14,False,local
1574,1575,PBS_GROUP_0006,TC_001508,BOM_001550,ITEM_001225,HVAC,0.0,1.0,1.0,0.0,,,,0.1,0.0,0.04,0.0,False,0.0,True,0.0,False,0.1,False,0.0,False,0.04,False,0.0,0.0,0.1,0.14,False,local
1575,1576,PBS_GROUP_0006,TC_001509,BOM_001551,ITEM_001226,HVAC,0.0,1.0,1.0,0.0,,,,0.1,0.0,0.04,0.0,False,0.0,True,0.0,False,0.1,False,0.0,False,0.04,False,0.0,0.0,0.1,0.14,False,local
1576,1577,PBS_GROUP_0006,TC_001510,BOM_001552,ITEM_001227,HVAC,0.0,1.0,1.0,0.0,,,,0.1,0.0,0.04,0.0,False,0.0,True,0.0,False,0.1,False,0.0,False,0.04,False,0.0,0.0,0.1,0.14,False,local
1577,1578,PBS_GROUP_0006,TC_001511,BOM_001553,ITEM_001228,HVAC,0.0,1.0,1.0,0.0,,,,0.1,0.0,0.04,0.0,False,0.0,True,0.0,False,0.1,False,0.0,False,0.04,False,0.0,0.0,0.1,0.14,False,local
1578,1579,PBS_GROUP_SMALL,TC_001512,BOM_001554,ITEM_001229,HVAC,0.087,1.0,1.0,0.087,,,,0.1,0.0,0.04,0.0,False,0.087,True,0.0,False,0.1,False,0.0,False,0.04,False,0.0,0.0,0.1,0.14,False,local
1579,1580,PBS_GROUP_SMALL,TC_001513,BOM_001555,ITEM_001230,HVAC,0.018,1.0,1.0,0.018,,,,0.1,0.0,0.04,0.0,False,0.018,True,0.0,False,0.1,False,0.0,False,0.04,False,0.0,0.0,0.1,0.14,False,local
1580,1581,PBS_GROUP_SMALL,TC_001514,BOM_001556,ITEM_001231,HVAC,0.064,0.0202,1.0,0.0012928,,,,0.1,0.0,0.04,0.0,False,0.0012928,True,0.0,False,0.1,False,0.0,False,0.04,False,0.0,0.0,0.1,0.14,False,local
1581,1582,PBS_GROUP_0016,TC_001515,BOM_001557,ITEM_001232,HVAC,0.0,1.0,1.0,0.0,,,,0.1,0.0,0.04,0.0,False,0.0,True,0.0,False,0.1,False,0.0,False,0.04,False,0.0,0.0,0.1,0.14,False,local
1582,1583,PBS_GROUP_0016,TC_001516,BOM_001558,ITEM_001233,HVAC,0.0,1.0,1.0,0.0,,,,0.1,0.0,0.04,0.0,False,0.0,True,0.0,False,0.1,False,0.0,False,0.04,False,0.0,0.0,0.1,0.14,False,local
1583,1584,PBS_GROUP_0016,TC_001517,BOM_001559,ITEM_001234,HVAC,0.0,1.0,1.0,0.0,,,,0.1,0.0,0.04,0.0,False,0.0,True,0.0,False,0.1,False,0.0,False,0.04,False,0.0,0.0,0.1,0.14,False,local
1584,1585,PBS_GROUP_0016,TC_001518,BOM_001560,ITEM_001235,HVAC,0.0,1.0,1.0,0.0,,,,0.1,0.0,0.04,0.0,False,0.0,True,0.0,False,0.1,False,0.0,False,0.04,False,0.0,0.0,0.1,0.14,False,local
1585,1586,PBS_GROUP_0016,TC_001519,BOM_001561,ITEM_001236,HVAC,0.03,0.9709,1.0,0.029127,,,,0.1,0.0,0.04,0.0,False,0.029127,True,0.0,False,0.1,False,0.0,False,0.04,False,0.0,0.0,0.1,0.14,False,local
1586,1587,PBS_GROUP_0016,TC_001520,BOM_001562,ITEM_001237,HVAC,0.062,1.0,1.0,0.062,,,,0.1,0.0,0.04,0.0,False,0.062,True,0.0,False,0.1,False,0.0,False,0.04,False,0.0,0.0,0.1,0.14,False,local
1587,1588,PBS_GROUP_0016,TC_001521,BOM_001563,ITEM_001238,HVAC,0.053,1.0,1.0,0.053,,,,0.1,0.0,0.04,0.0,False,0.053,True,0.0,False,0.1,False,0.0,False,0.04,False,0.0,0.0,0.1,0.14,False,local
1588,1589,PBS_GROUP_0016,TC_001522,BOM_001564,ITEM_001239,HVAC,0.006,1.0,1.0,0.006,,,,0.1,0.0,0.04,0.0,False,0.006,True,0.0,False,0.1,False,0.0,False,0.04,False,0.0,0.0,0.1,0.14,False,local
1589,1590,PBS_GROUP_0016,TC_001523,BOM_001565,ITEM_001240,HVAC,0.0,1.0,1.0,0.0,,,,0.1,0.0,0.04,0.0,False,0.0,True,0.0,False,0.1,False,0.0,False,0.04,False,0.0,0.0,0.1,0.14,False,local
1590,1591,PBS_GROUP_0016,TC_001524,BOM_001566,ITEM_001241,HVAC,0.174,1.0,1.0,0.174,,,,0.1,0.0,0.04,0.0,False,0.174,True,0.0,False,0.1,False,0.0,False,0.04,False,0.0,0.0,0.1,0.14,False,local
1591,1592,PBS_GROUP_0016,TC_001525,BOM_001567,ITEM_001242,HVAC,0.022,1.0,1.0,0.022,,,,0.1,0.0,0.04,0.0,False,0.022,True,0.0,False,0.1,False,0.0,False,0.04,False,0.0,0.0,0.1,0.14,False,local
1592,1593,PBS_GROUP_0016,TC_001526,BOM_001568,ITEM_001243,HVAC,0.007,1.0,1.0,0.007,,,,0.1,0.0,0.04,0.0,False,0.007,True,0.0,False,0.1,False,0.0,False,0.04,False,0.0,0.0,0.1,0.14,False,local
1593,1594,PBS_GROUP_0016,TC_001527,BOM_001569,ITEM_001244,HVAC,0.0,1.0,1.0,0.0,,,,0.1,0.0,0.04,0.0,False,0.0,True,0.0,False,0.1,False,0.0,False,0.04,False,0.0,0.0,0.1,0.14,False,local
1594,1595,PBS_GROUP_0016,TC_001528,BOM_001570,ITEM_001245,HVAC,0.0,1.0,1.0,0.0,,,,0.1,0.0,0.04,0.0,False,0.0,True,0.0,False,0.1,False,0.0,False,0.04,False,0.0,0.0,0.1,0.14,False,local
1595,1596,PBS_GROUP_0016,TC_001529,BOM_001571,ITEM_001246,HVAC,0.0,1.0,1.0,0.0,,,,0.1,0.0,0.04,0.0,False,0.0,True,0.0,False,0.1,False,0.0,False,0.04,False,0.0,0.0,0.1,0.14,False,local
1596,1597,PBS_GROUP_0016,TC_001530,BOM_001572,ITEM_001247,HVAC,0.0,1.0,1.0,0.0,,,,0.1,0.0,0.04,0.0,False,0.0,True,0.0,False,0.1,False,0.0,False,0.04,False,0.0,0.0,0.1,0.14,False,local
1597,1598,PBS_GROUP_0016,TC_001531,BOM_001573,ITEM_001248,HVAC,0.028,1.0,1.0,0.028,,,,0.1,0.0,0.04,0.0,False,0.028,True,0.0,False,0.1,False,0.0,False,0.04,False,0.0,0.0,0.1,0.14,False,local
1598,1599,PBS_GROUP_0016,TC_001532,BOM_001574,ITEM_001249,HVAC,0.023,1.0,1.0,0.023,,,,0.1,0.0,0.04,0.0,False,0.023,True,0.0,False,0.1,False,0.0,False,0.04,False,0.0,0.0,0.1,0.14,False,local
1599,1600,PBS_GROUP_0016,TC_001533,BOM_001575,ITEM_001250,HVAC,0.038,1.0,1.0,0.038,,,,0.1,0.0,0.04,0.0,False,0.038,True,0.0,False,0.1,False,0.0,False,0.04,False,0.0,0.0,0.1,0.14,False,local
1600,1601,PBS_GROUP_0016,TC_001534,BOM_001576,ITEM_001251,HVAC,0.082,1.0,1.0,0.082,,,,0.1,0.0,0.04,0.0,False,0.082,True,0.0,False,0.1,False,0.0,False,0.04,False,0.0,0.0,0.1,0.14,False,local
1601,1602,PBS_GROUP_0016,TC_001535,BOM_001577,ITEM_001252,HVAC,0.113,1.0,1.0,0.113,,,,0.1,0.0,0.04,0.0,False,0.113,True,0.0,False,0.1,False,0.0,False,0.04,False,0.0,0.0,0.1,0.14,False,local
1602,1603,PBS_GROUP_0016,TC_001536,BOM_001578,ITEM_001253,HVAC,0.081,1.0,1.0,0.081,,,,0.1,0.0,0.04,0.0,False,0.081,True,0.0,False,0.1,False,0.0,False,0.04,False,0.0,0.0,0.1,0.14,False,local
1603,1604,PBS_GROUP_0016,TC_001537,BOM_001579,ITEM_001254,HVAC,0.126,1.0,1.0,0.126,,,,0.1,0.0,0.04,0.0,False,0.126,True,0.0,False,0.1,False,0.0,False,0.04,False,0.0,0.0,0.1,0.14,False,local
1604,1605,PBS_GROUP_0016,TC_001538,BOM_001580,ITEM_001255,HVAC,0.0,1.0,1.0,0.0,,,,0.1,0.0,0.04,0.0,False,0.0,True,0.0,False,0.1,False,0.0,False,0.04,False,0.0,0.0,0.1,0.14,False,local
1605,1606,PBS_GROUP_0016,TC_001539,BOM_001581,ITEM_001256,HVAC,0.0,1.0,1.0,0.0,,,,0.1,0.0,0.04,0.0,False,0.0,True,0.0,False,0.1,False,0.0,False,0.04,False,0.0,0.0,0.1,0.14,False,local
1606,1607,PBS_GROUP_0016,TC_001540,BOM_001582,ITEM_001257,HVAC,0.0,1.0,1.0,0.0,,,,0.1,0.0,0.04,0.0,False,0.0,True,0.0,False,0.1,False,0.0,False,0.04,False,0.0,0.0,0.1,0.14,False,local
1607,1608,PBS_GROUP_0016,TC_001541,BOM_001583,ITEM_001258,HVAC,0.03,1.0,1.0,0.03,,,,0.1,0.0,0.04,0.0,False,0.03,True,0.0,False,0.1,False,0.0,False,0.04,False,0.0,0.0,0.1,0.14,False,local
1608,1609,PBS_GROUP_0016,TC_001542,BOM_001584,ITEM_001259,HVAC,0.191,1.0,0.968,0.184888,,,,0.1,0.0,0.04,0.0,False,0.184888,True,0.0,False,0.1,False,0.0,False,0.04,False,0.0,0.0,0.1,0.14,False,local
1609,1610,PBS_GROUP_0016,TC_001543,BOM_001585,ITEM_001260,HVAC,0.0,1.0,1.0,0.0,,,,0.1,0.0,0.04,0.0,False,0.0,True,0.0,False,0.1,False,0.0,False,0.04,False,0.0,0.0,0.1,0.14,False,local
1610,1611,PBS_GROUP_0016,TC_001544,BOM_001586,ITEM_001261,HVAC,0.103,1.0,1.0,0.103,,,,0.1,0.0,0.04,0.0,False,0.103,True,0.0,False,0.1,False,0.0,False,0.04,False,0.0,0.0,0.1,0.14,False,local
1611,1612,PBS_GROUP_0016,TC_001545,BOM_001587,ITEM_001262,HVAC,0.0,1.0,1.0,0.0,,,,0.1,0.0,0.04,0.0,False,0.0,True,0.0,False,0.1,False,0.0,False,0.04,False,0.0,0.0,0.1,0.14,False,local
1612,1613,PBS_GROUP_0016,TC_001546,BOM_001588,ITEM_001263,HVAC,0.116,1.0,1.0,0.116,,,,0.1,0.0,0.04,0.0,False,0.116,True,0.0,False,0.1,False,0.0,False,0.04,False,0.0,0.0,0.1,0.14,False,local
1613,1614,PBS_GROUP_0016,TC_001547,BOM_001589,ITEM_001264,HVAC,0.0,1.0,1.0,0.0,,,,0.1,0.0,0.04,0.0,False,0.0,True,0.0,False,0.1,False,0.0,False,0.04,False,0.0,0.0,0.1,0.14,False,local
1614,1615,PBS_GROUP_0016,TC_001548,BOM_001590,ITEM_001265,HVAC,0.0,1.0,1.0,0.0,,,,0.1,0.0,0.04,0.0,False,0.0,True,0.0,False,0.1,False,0.0,False,0.04,False,0.0,0.0,0.1,0.14,False,local
1615,1616,PBS_GROUP_0016,TC_001549,BOM_001591,ITEM_001266,HVAC,0.011,1.0,1.0,0.011,,,,0.1,0.0,0.04,0.0,False,0.011,True,0.0,False,0.1,False,0.0,False,0.04,False,0.0,0.0,0.1,0.14,False,local
1616,1617,PBS_GROUP_0016,TC_001550,BOM_001592,ITEM_001267,HVAC,0.0,1.0,1.0,0.0,,,,0.1,0.0,0.04,0.0,False,0.0,True,0.0,False,0.1,False,0.0,False,0.04,False,0.0,0.0,0.1,0.14,False,local
1617,1618,PBS_GROUP_0016,TC_001551,BOM_001593,ITEM_001268,HVAC,0.0,1.0,1.0,0.0,,,,0.1,0.0,0.04,0.0,False,0.0,True,0.0,False,0.1,False,0.0,False,0.04,False,0.0,0.0,0.1,0.14,False,local
1618,1619,PBS_GROUP_0016,TC_001552,BOM_001594,ITEM_001269,HVAC,0.0,1.0,0.9657,0.0,,,,0.1,0.0,0.04,0.0,False,0.0,True,0.0,False,0.1,False,0.0,False,0.04,False,0.0,0.0,0.1,0.14,False,local
1619,1620,PBS_GROUP_0016,TC_001553,BOM_001595,ITEM_001270,HVAC,0.09,1.0,1.0,0.09,,,,0.1,0.0,0.04,0.0,False,0.09,True,0.0,False,0.1,False,0.0,False,0.04,False,0.0,0.0,0.1,0.14,False,local
1620,1621,PBS_GROUP_0016,TC_001554,BOM_001596,ITEM_001271,HVAC,0.025,1.0,1.0,0.025,,,,0.1,0.0,0.04,0.0,False,0.025,True,0.0,False,0.1,False,0.0,False,0.04,False,0.0,0.0,0.1,0.14,False,local
1621,1622,PBS_GROUP_0016,TC_001555,BOM_001597,ITEM_001272,HVAC,0.0,1.0,1.0,0.0,,,,0.1,0.0,0.04,0.0,False,0.0,True,0.0,False,0.1,False,0.0,False,0.04,False,0.0,0.0,0.1,0.14,False,local
1622,1623,PBS_GROUP_0016,TC_001556,BOM_001598,ITEM_001273,HVAC,0.048,1.0,1.0,0.048,,,,0.1,0.0,0.04,0.0,False,0.048,True,0.0,False,0.1,False,0.0,False,0.04,False,0.0,0.0,0.1,0.14,False,local
1623,1624,PBS_GROUP_0016,TC_001557,BOM_001599,ITEM_001274,HVAC,0.06,1.0,1.0,0.06,,,,0.1,0.0,0.04,0.0,False,0.06,True,0.0,False,0.1,False,0.0,False,0.04,False,0.0,0.0,0.1,0.14,False,local
1624,1625,PBS_GROUP_0016,TC_001558,BOM_001600,ITEM_001275,HVAC,0.0,1.0,1.0,0.0,,,,0.1,0.0,0.04,0.0,False,0.0,True,0.0,False,0.1,False,0.0,False,0.04,False,0.0,0.0,0.1,0.14,False,local
1625,1626,PBS_GROUP_0016,TC_001559,BOM_001601,ITEM_001276,HVAC,0.0,1.0,1.0,0.0,,,,0.1,0.0,0.04,0.0,False,0.0,True,0.0,False,0.1,False,0.0,False,0.04,False,0.0,0.0,0.1,0.14,False,local
1626,1627,PBS_GROUP_0016,TC_001560,BOM_001602,ITEM_001277,HVAC,0.0,1.0,1.0,0.0,,,,0.1,0.0,0.04,0.0,False,0.0,True,0.0,False,0.1,False,0.0,False,0.04,False,0.0,0.0,0.1,0.14,False,local
1627,1628,PBS_GROUP_0016,TC_001561,BOM_001603,ITEM_001278,HVAC,0.0,1.0,1.0,0.0,,,,0.1,0.0,0.04,0.0,False,0.0,True,0.0,False,0.1,False,0.0,False,0.04,False,0.0,0.0,0.1,0.14,False,local
1628,1629,PBS_GROUP_0016,TC_001562,BOM_001604,ITEM_001279,HVAC,0.24,0.9928,1.0,0.23827199999999998,,,,0.1,0.0,0.04,0.0,False,0.23827199999999998,True,0.0,False,0.1,False,0.0,False,0.04,False,0.0,0.0,0.1,0.14,False,local
1629,1630,PBS_GROUP_0016,TC_001563,BOM_001605,ITEM_001280,HVAC,0.068,1.0,1.0,0.068,,,,0.1,0.0,0.04,0.0,False,0.068,True,0.0,False,0.1,False,0.0,False,0.04,False,0.0,0.0,0.1,0.14,False,local
1630,1631,PBS_GROUP_0016,TC_001564,BOM_001606,ITEM_001281,HVAC,0.019,1.0,1.0,0.019,,,,0.1,0.0,0.04,0.0,False,0.019,True,0.0,False,0.1,False,0.0,False,0.04,False,0.0,0.0,0.1,0.14,False,local
1631,1632,PBS_GROUP_0016,TC_001565,BOM_001607,ITEM_001282,HVAC,0.053,1.0,1.0,0.053,,,,0.1,0.0,0.04,0.0,False,0.053,True,0.0,False,0.1,False,0.0,False,0.04,False,0.0,0.0,0.1,0.14,False,local
1632,1633,PBS_GROUP_0016,TC_001566,BOM_001608,ITEM_001283,HVAC,0.0,1.0,1.0,0.0,,,,0.1,0.0,0.04,0.0,False,0.0,True,0.0,False,0.1,False,0.0,False,0.04,False,0.0,0.0,0.1,0.14,False,local
1633,1634,PBS_GROUP_0016,TC_001567,BOM_001609,ITEM_001284,HVAC,0.025,1.0,1.0,0.025,,,,0.1,0.0,0.04,0.0,False,0.025,True,0.0,False,0.1,False,0.0,False,0.04,False,0.0,0.0,0.1,0.14,False,local
1634,1635,PBS_GROUP_0016,TC_001568,BOM_001610,ITEM_001285,HVAC,0.0,0.7748,1.0,0.0,,,,0.1,0.0,0.04,0.0,False,0.0,True,0.0,False,0.1,False,0.0,False,0.04,False,0.0,0.0,0.1,0.14,False,local
1635,1636,PBS_GROUP_0016,TC_001569,BOM_001611,ITEM_001286,HVAC,0.116,1.0,1.0,0.116,,,,0.1,0.0,0.04,0.0,False,0.116,True,0.0,False,0.1,False,0.0,False,0.04,False,0.0,0.0,0.1,0.14,False,local
1636,1637,PBS_GROUP_0016,TC_001570,BOM_001612,ITEM_001287,HVAC,0.013,1.0,1.0,0.013,,,,0.1,0.0,0.04,0.0,False,0.013,True,0.0,False,0.1,False,0.0,False,0.04,False,0.0,0.0,0.1,0.14,False,local
1637,1638,PBS_GROUP_0016,TC_001571,BOM_001613,ITEM_001288,HVAC,0.119,1.0,1.0,0.119,,,,0.1,0.0,0.04,0.0,False,0.119,True,0.0,False,0.1,False,0.0,False,0.04,False,0.0,0.0,0.1,0.14,False,local
1638,1639,PBS_GROUP_0016,TC_001572,BOM_001614,ITEM_001289,HVAC,0.025,1.0,1.0,0.025,,,,0.1,0.0,0.04,0.0,False,0.025,True,0.0,False,0.1,False,0.0,False,0.04,False,0.0,0.0,0.1,0.14,False,local
1639,1640,PBS_GROUP_0016,TC_001573,BOM_001615,ITEM_001290,HVAC,0.0,1.0,1.0,0.0,,,,0.1,0.0,0.04,0.0,False,0.0,True,0.0,False,0.1,False,0.0,False,0.04,False,0.0,0.0,0.1,0.14,False,local
1640,1641,PBS_GROUP_0016,TC_001574,BOM_001616,ITEM_001291,HVAC,0.031,1.0,1.0,0.031,,,,0.1,0.0,0.04,0.0,False,0.031,True,0.0,False,0.1,False,0.0,False,0.04,False,0.0,0.0,0.1,0.14,False,local
1641,1642,PBS_GROUP_0016,TC_001575,BOM_001617,ITEM_001292,HVAC,0.092,1.0,1.0,0.092,,,,0.1,0.0,0.04,0.0,False,0.092,True,0.0,False,0.1,False,0.0,False,0.04,False,0.0,0.0,0.1,0.14,False,local
1642,1643,PBS_GROUP_0016,TC_001576,BOM_001618,ITEM_001293,HVAC,0.116,1.0,1.0,0.116,,,,0.1,0.0,0.04,0.0,False,0.116,True,0.0,False,0.1,False,0.0,False,0.04,False,0.0,0.0,0.1,0.14,False,local
1643,1644,PBS_GROUP_0016,TC_001577,BOM_001619,ITEM_001294,HVAC,0.0,1.0,1.0,0.0,,,,0.1,0.0,0.04,0.0,False,0.0,True,0.0,False,0.1,False,0.0,False,0.04,False,0.0,0.0,0.1,0.14,False,local
1644,1645,PBS_GROUP_0016,TC_001578,BOM_001620,ITEM_001295,HVAC,0.0,1.0,1.0,0.0,,,,0.1,0.0,0.04,0.0,False,0.0,True,0.0,False,0.1,False,0.0,False,0.04,False,0.0,0.0,0.1,0.14,False,local
1645,1646,PBS_GROUP_0016,TC_001579,BOM_001621,ITEM_001296,HVAC,0.031,1.0,1.0,0.031,,,,0.1,0.0,0.04,0.0,False,0.031,True,0.0,False,0.1,False,0.0,False,0.04,False,0.0,0.0,0.1,0.14,False,local
1646,1647,PBS_GROUP_0016,TC_001580,BOM_001622,ITEM_001297,HVAC,0.0,1.0,0.9351,0.0,,,,0.1,0.0,0.04,0.0,False,0.0,True,0.0,False,0.1,False,0.0,False,0.04,False,0.0,0.0,0.1,0.14,False,local
1647,1648,PBS_GROUP_0016,TC_001581,BOM_001623,ITEM_001298,HVAC,0.148,1.0,1.0,0.148,,,,0.1,0.0,0.04,0.0,False,0.148,True,0.0,False,0.1,False,0.0,False,0.04,False,0.0,0.0,0.1,0.14,False,local
1648,1649,PBS_GROUP_0016,TC_001582,BOM_001624,ITEM_001299,HVAC,0.144,1.0,1.0,0.144,,,,0.1,0.0,0.04,0.0,False,0.144,True,0.0,False,0.1,False,0.0,False,0.04,False,0.0,0.0,0.1,0.14,False,local
1649,1650,PBS_GROUP_0016,TC_001583,BOM_001625,ITEM_001300,HVAC,0.0,1.0,1.0,0.0,,,,0.1,0.0,0.04,0.0,False,0.0,True,0.0,False,0.1,False,0.0,False,0.04,False,0.0,0.0,0.1,0.14,False,local
1650,1651,PBS_GROUP_0016,TC_001584,BOM_001626,ITEM_001301,HVAC,0.0,0.9495,1.0,0.0,,,,0.1,0.0,0.04,0.0,False,0.0,True,0.0,False,0.1,False,0.0,False,0.04,False,0.0,0.0,0.1,0.14,False,local
1651,1652,PBS_GROUP_0016,TC_001585,BOM_001627,ITEM_001302,HVAC,0.067,1.0,1.0,0.067,,,,0.1,0.0,0.04,0.0,False,0.067,True,0.0,False,0.1,False,0.0,False,0.04,False,0.0,0.0,0.1,0.14,False,local
1652,1653,PBS_GROUP_0016,TC_001586,BOM_001628,ITEM_001303,HVAC,0.0,1.0,1.0,0.0,,,,0.1,0.0,0.04,0.0,False,0.0,True,0.0,False,0.1,False,0.0,False,0.04,False,0.0,0.0,0.1,0.14,False,local
1653,1654,PBS_GROUP_0016,TC_001587,BOM_001629,ITEM_001304,HVAC,0.131,1.0,1.0,0.131,,,,0.1,0.0,0.04,0.0,False,0.131,True,0.0,False,0.1,False,0.0,False,0.04,False,0.0,0.0,0.1,0.14,False,local
1654,1655,PBS_GROUP_0016,TC_001588,BOM_001630,ITEM_001305,HVAC,0.0,1.0,1.0,0.0,,,,0.1,0.0,0.04,0.0,False,0.0,True,0.0,False,0.1,False,0.0,False,0.04,False,0.0,0.0,0.1,0.14,False,local
1655,1656,PBS_GROUP_0016,TC_001589,BOM_001631,ITEM_001306,HVAC,0.289,1.0,1.0,0.289,,,,0.1,0.0,0.04,0.0,False,0.289,True,0.0,False,0.1,False,0.0,False,0.04,False,0.0,0.0,0.1,0.14,False,local
1656,1657,PBS_GROUP_0016,TC_001590,BOM_001632,ITEM_001307,HVAC,0.103,1.0,1.0,0.103,,,,0.1,0.0,0.04,0.0,False,0.103,True,0.0,False,0.1,False,0.0,False,0.04,False,0.0,0.0,0.1,0.14,False,local
1657,1658,PBS_GROUP_0016,TC_001591,BOM_001633,ITEM_001308,HVAC,0.25,1.0,1.0,0.25,,,,0.1,0.0,0.04,0.0,False,0.25,True,0.0,False,0.1,False,0.0,False,0.04,False,0.0,0.0,0.1,0.14,False,local
1658,1659,PBS_GROUP_0016,TC_001592,BOM_001634,ITEM_001309,HVAC,0.004,1.0,1.0,0.004,,,,0.1,0.0,0.04,0.0,False,0.004,True,0.0,False,0.1,False,0.0,False,0.04,False,0.0,0.0,0.1,0.14,False,local
1659,1660,PBS_GROUP_0016,TC_001593,BOM_001635,ITEM_001310,HVAC,0.245,1.0,1.0,0.245,,,,0.1,0.0,0.04,0.0,False,0.245,True,0.0,False,0.1,False,0.0,False,0.04,False,0.0,0.0,0.1,0.14,False,local
1660,1661,PBS_GROUP_0016,TC_001594,BOM_001636,ITEM_001311,HVAC,0.0,1.0,1.0,0.0,,,,0.1,0.0,0.04,0.0,False,0.0,True,0.0,False,0.1,False,0.0,False,0.04,False,0.0,0.0,0.1,0.14,False,local
1661,1662,PBS_GROUP_0016,TC_001595,BOM_001637,ITEM_001312,HVAC,0.32,1.0,1.0,0.32,,,,0.1,0.0,0.04,0.0,False,0.32,True,0.0,False,0.1,False,0.0,False,0.04,False,0.0,0.0,0.1,0.14,False,local
1662,1663,PBS_GROUP_0016,TC_001596,BOM_001638,ITEM_001313,HVAC,0.099,1.0,1.0,0.099,,,,0.1,0.0,0.04,0.0,False,0.099,True,0.0,False,0.1,False,0.0,False,0.04,False,0.0,0.0,0.1,0.14,False,local
1663,1664,PBS_GROUP_0016,TC_001597,BOM_001639,ITEM_001314,HVAC,0.24,1.0,1.0,0.24,,,,0.1,0.0,0.04,0.0,False,0.24,True,0.0,False,0.1,False,0.0,False,0.04,False,0.0,0.0,0.1,0.14,False,local
1664,1665,PBS_GROUP_0016,TC_001598,BOM_001640,ITEM_001315,HVAC,0.25,1.0,1.0,0.25,,,,0.1,0.0,0.04,0.0,False,0.25,True,0.0,False,0.1,False,0.0,False,0.04,False,0.0,0.0,0.1,0.14,False,local
1665,1666,PBS_GROUP_0016,TC_001599,BOM_001641,ITEM_001316,HVAC,0.221,1.0,1.0,0.221,,,,0.1,0.0,0.04,0.0,False,0.221,True,0.0,False,0.1,False,0.0,False,0.04,False,0.0,0.0,0.1,0.14,False,local
1666,1667,PBS_GROUP_0016,TC_001600,BOM_001642,ITEM_001317,HVAC,0.333,1.0,1.0,0.333,,,,0.1,0.0,0.04,0.0,False,0.333,True,0.0,False,0.1,False,0.0,False,0.04,False,0.0,0.0,0.1,0.14,False,local
1667,1668,PBS_GROUP_0016,TC_001601,BOM_001643,ITEM_001318,HVAC,0.032,0.9954,1.0,0.0318528,,,,0.1,0.0,0.04,0.0,False,0.0318528,True,0.0,False,0.1,False,0.0,False,0.04,False,0.0,0.0,0.1,0.14,False,local
1668,1669,PBS_GROUP_0016,TC_001602,BOM_001644,ITEM_001319,HVAC,0.323,1.0,1.0,0.323,,,,0.1,0.0,0.04,0.0,False,0.323,True,0.0,False,0.1,False,0.0,False,0.04,False,0.0,0.0,0.1,0.14,False,local
1669,1670,PBS_GROUP_0016,TC_001603,BOM_001645,ITEM_001320,HVAC,0.264,0.0,1.0,0.0,,,,0.1,0.0,0.04,0.0,False,0.0,True,0.0,False,0.1,False,0.0,False,0.04,False,0.0,0.0,0.1,0.14,False,local
1670,1671,PBS_GROUP_0016,TC_001604,BOM_001646,ITEM_001321,HVAC,0.28,1.0,1.0,0.28,,,,0.1,0.0,0.04,0.0,False,0.28,True,0.0,False,0.1,False,0.0,False,0.04,False,0.0,0.0,0.1,0.14,False,local
1671,1672,PBS_GROUP_0016,TC_001605,BOM_001647,ITEM_001322,HVAC,0.319,1.0,1.0,0.319,,,,0.1,0.0,0.04,0.0,False,0.319,True,0.0,False,0.1,False,0.0,False,0.04,False,0.0,0.0,0.1,0.14,False,local
1672,1673,PBS_GROUP_0016,TC_001606,BOM_001648,ITEM_001323,HVAC,0.31,1.0,1.0,0.31,,,,0.1,0.0,0.04,0.0,False,0.31,True,0.0,False,0.1,False,0.0,False,0.04,False,0.0,0.0,0.1,0.14,False,local
1673,1674,PBS_GROUP_0016,TC_001607,BOM_001649,ITEM_001324,HVAC,0.102,1.0,1.0,0.102,,,,0.1,0.0,0.04,0.0,False,0.102,True,0.0,False,0.1,False,0.0,False,0.04,False,0.0,0.0,0.1,0.14,False,local
1674,1675,PBS_GROUP_0016,TC_001608,BOM_001650,ITEM_001325,HVAC,0.0,0.9777,1.0,0.0,,,,0.1,0.0,0.04,0.0,False,0.0,True,0.0,False,0.1,False,0.0,False,0.04,False,0.0,0.0,0.1,0.14,False,local
1675,1676,PBS_GROUP_0016,TC_001609,BOM_001651,ITEM_001326,HVAC,0.072,0.936,1.0,0.067392,,,,0.1,0.0,0.04,0.0,False,0.067392,True,0.0,False,0.1,False,0.0,False,0.04,False,0.0,0.0,0.1,0.14,False,local
1676,1677,PBS_GROUP_0016,TC_001610,BOM_001652,ITEM_001327,HVAC,0.0,1.0,1.0,0.0,,,,0.1,0.0,0.04,0.0,False,0.0,True,0.0,False,0.1,False,0.0,False,0.04,False,0.0,0.0,0.1,0.14,False,local
1677,1678,PBS_GROUP_0016,TC_001611,BOM_001653,ITEM_001328,HVAC,0.0,1.0,1.0,0.0,,,,0.1,0.0,0.04,0.0,False,0.0,True,0.0,False,0.1,False,0.0,False,0.04,False,0.0,0.0,0.1,0.14,False,local
1678,1679,PBS_GROUP_0016,TC_001612,BOM_001654,ITEM_001329,HVAC,0.081,1.0,1.0,0.081,,,,0.1,0.0,0.04,0.0,False,0.081,True,0.0,False,0.1,False,0.0,False,0.04,False,0.0,0.0,0.1,0.14,False,local
1679,1680,PBS_GROUP_0016,TC_001613,BOM_001655,ITEM_001330,HVAC,0.027,0.998,1.0,0.026946,,,,0.1,0.0,0.04,0.0,False,0.026946,True,0.0,False,0.1,False,0.0,False,0.04,False,0.0,0.0,0.1,0.14,False,local
1680,1681,PBS_GROUP_0023,TC_001614,BOM_001656,ITEM_001331,HVAC,0.145,1.0,1.0,0.145,,,,0.1,0.0,0.04,0.0,False,0.145,True,0.0,False,0.1,False,0.0,False,0.04,False,0.0,0.0,0.1,0.14,False,local
1681,1682,PBS_GROUP_SMALL,TC_001615,BOM_001657,ITEM_001332,FW,248.894,0.523,1.0,130.171562,0.0338,1.0,8.4126172,0.0,0.0,0.08,0.05,False,130.171562,False,8.4126172,False,0.0,False,0.0,False,0.08,False,0.05,0.0,0.0,0.13,False,local
1682,1683,PBS_GROUP_SMALL,TC_001616,BOM_001658,ITEM_001333,FW,233.85,0.0,1.0,0.0,0.4282,1.0,100.13457,0.0,0.0,0.08,0.05,False,0.0,False,100.13457,False,0.0,False,0.0,False,0.08,False,0.05,0.0,0.0,0.13,False,local
1683,1684,PBS_GROUP_0016,TC_001617,BOM_001659,ITEM_001334,HVAC,0.0,1.0,1.0,0.0,,,,0.1,0.0,0.04,0.0,False,0.0,True,0.0,False,0.1,False,0.0,False,0.04,False,0.0,0.0,0.1,0.14,False,local
1684,1685,PBS_GROUP_0016,TC_001618,BOM_001660,ITEM_001335,HVAC,0.0,1.0,1.0,0.0,,,,0.1,0.0,0.04,0.0,False,0.0,True,0.0,False,0.1,False,0.0,False,0.04,False,0.0,0.0,0.1,0.14,False,local
1685,1686,PBS_GROUP_SMALL,TC_001619,BOM_001661,ITEM_001336,FW,10.829,1.0,1.0,10.829,0.0941,1.0,1.0190089,0.0,0.0,0.08,0.05,False,10.829,False,1.0190089,False,0.0,False,0.0,False,0.08,False,0.05,0.0,0.0,0.13,False,local
1686,1687,PBS_GROUP_SMALL,TC_001620,BOM_001662,ITEM_001337,FW,11.312,0.9278,1.0,10.495273599999999,0.0051,1.0,0.0576912,0.0,0.0,0.08,0.05,False,10.495273599999999,False,0.0576912,False,0.0,False,0.0,False,0.08,False,0.05,0.0,0.0,0.13,False,local
1687,1688,PBS_GROUP_0023,TC_001621,BOM_001663,ITEM_001338,HVAC,0.044,1.0,1.0,0.044,,,,0.1,0.0,0.04,0.0,False,0.044,True,0.0,False,0.1,False,0.0,False,0.04,False,0.0,0.0,0.1,0.14,False,local
1688,1689,PBS_GROUP_0031,TC_001622,BOM_001664,ITEM_001339,HVAC,0.137,0.9963,1.0,0.1364931,1.0,0.9658,0.1323146,0.1,0.0,0.04,0.0,False,0.1364931,False,0.1323146,False,0.1,False,0.0,False,0.04,False,0.0,0.0,0.1,0.14,False,local
1689,1690,PBS_GROUP_SMALL,TC_001623,BOM_001665,ITEM_001340,HVAC,1.344,1.0,1.0,1.344,1.0,1.0,1.344,0.1,0.15,0.1,0.0,False,1.344,False,1.344,False,0.1,False,0.15,False,0.1,False,0.0,0.15,0.25,0.35,False,local
1689,1690,PBS_GROUP_SMALL,TC_001623,BOM_001665,ITEM_001340,CW,0.745,1.0,1.0,0.745,0.9778,1.0,0.728461,0.1,0.15,0.1,0.0,False,0.745,False,0.728461,False,0.1,False,0.15,False,0.1,False,0.0,0.15,0.25,0.35,False,local
1690,1691,PBS_GROUP_SMALL,TC_001624,BOM_001666,ITEM_001341,HVAC,1.343,1.0,1.0,1.343,1.0,1.0,1.343,0.1,0.15,0.1,0.0,False,1.343,False,1.343,False,0.1,False,0.15,False,0.1,False,0.0,0.15,0.25,0.35,False,local
1690,1691,PBS_GROUP_SMALL,TC_001624,BOM_001666,ITEM_001341,CW,0.671,1.0,1.0,0.671,0.0,1.0,0.0,0.1,0.15,0.1,0.0,False,0.671,False,0.0,False,0.1,False,0.15,False,0.1,False,0.0,0.15,0.25,0.35,False,local
1691,1692,PBS_GROUP_SMALL,TC_001625,BOM_001667,ITEM_001342,HVAC,1.706,1.0,1.0,1.706,0.0,1.0,0.0,0.1,0.15,0.1,0.0,False,1.706,False,0.0,False,0.1,False,0.15,False,0.1,False,0.0,0.15,0.25,0.35,False,local
1692,1693,PBS_GROUP_SMALL,TC_001626,BOM_001668,ITEM_001343,HVAC,2.147,1.0,1.0,2.147,1.0,1.0,2.147,0.1,0.15,0.1,0.0,False,2.147,False,2.147,False,0.1,False,0.15,False,0.1,False,0.0,0.15,0.25,0.35,False,local
1693,1694,PBS_GROUP_SMALL,TC_001627,BOM_001669,ITEM_001344,HVAC,0.032,1.0,1.0,0.032,0.0467,1.0,0.0014944,0.1,0.15,0.1,0.0,False,0.032,False,0.0014944,False,0.1,False,0.15,False,0.1,False,0.0,0.15,0.25,0.35,False,local
1694,1695,PBS_GROUP_SMALL,TC_001628,BOM_001670,ITEM_001345,HVAC,0.0,1.0,1.0,0.0,1.0,1.0,0.0,0.1,0.15,0.1,0.0,False,0.0,False,0.0,False,0.1,False,0.15,False,0.1,False,0.0,0.15,0.25,0.35,False,local
1695,1696,,TC_001629,BOM_001671,ITEM_001346,HVAC,1.373,0.9774,1.0,1.3419702,1.0,1.0,1.373,0.1,0.15,0.1,0.0,False,1.3419702,False,1.373,False,0.1,False,0.15,False,0.1,False,0.0,0.15,0.25,0.35,False,local
1695,1696,,TC_001629,BOM_001671,ITEM_001346,CW,0.69,1.0,1.0,0.69,0.5074,1.0,0.350106,0.1,0.15,0.1,0.0,False,0.69,False,0.350106,False,0.1,False,0.15,False,0.1,False,0.0,0.15,0.25,0.35,False,local
1696,1697,,TC_001630,BOM_001672,ITEM_001347,HVAC,1.86,1.0,1.0,1.86,1.0,1.0,1.86,0.1,0.15,0.1,0.0,False,1.86,False,1.86,False,0.1,False,0.15,False,0.1,False,0.0,0.15,0.25,0.35,False,local
1697,1698,,TC_001631,BOM_001673,ITEM_001348,HVAC,0.0,1.0,1.0,0.0,1.0,1.0,0.0,0.1,0.15,0.1,0.0,False,0.0,False,0.0,False,0.1,False,0.15,False,0.1,False,0.0,0.15,0.25,0.35,False,local
1698,1699,,TC_001632,BOM_001674,ITEM_001349,HVAC,0.104,1.0,1.0,0.104,1.0,1.0,0.104,0.1,0.15,0.1,0.0,False,0.104,False,0.104,False,0.1,False,0.15,False,0.1,False,0.0,0.15,0.25,0.35,False,local
1699,1700,,TC_001633,BOM_001675,ITEM_001350,HVAC,0.118,1.0,1.0,0.118,1.0,1.0,0.118,0.1,0.15,0.1,0.0,False,0.118,False,0.118,False,0.1,False,0.15,False,0.1,False,0.0,0.15,0.25,0.35,False,local
1700,1701,PBS_GROUP_SMALL,TC_001634,BOM_001676,ITEM_001351,HVAC,0.128,1.0,1.0,0.128,1.0,1.0,0.128,0.1,0.0,0.04,0.0,False,0.128,False,0.128,False,0.1,False,0.0,False,0.04,False,0.0,0.0,0.1,0.14,False,local
1701,1702,PBS_GROUP_SMALL,TC_001635,BOM_001677,ITEM_001352,HVAC,0.023,1.0,1.0,0.023,1.0,1.0,0.023,0.1,0.0,0.04,0.0,False,0.023,False,0.023,False,0.1,False,0.0,False,0.04,False,0.0,0.0,0.1,0.14,False,local
1702,1703,PBS_GROUP_SMALL,TC_001636,BOM_001678,ITEM_001353,HVAC,0.104,1.0,1.0,0.104,1.0,1.0,0.104,0.1,0.0,0.04,0.0,False,0.104,False,0.104,False,0.1,False,0.0,False,0.04,False,0.0,0.0,0.1,0.14,False,local
1703,1704,PBS_GROUP_SMALL,TC_001637,BOM_001679,ITEM_001354,HVAC,0.197,1.0,1.0,0.197,1.0,1.0,0.197,0.1,0.0,0.04,0.0,False,0.197,False,0.197,False,0.1,False,0.0,False,0.04,False,0.0,0.0,0.1,0.14,False,local
1704,1705,PBS_GROUP_0006,TC_001638,BOM_001680,ITEM_001217,HVAC,0.045,1.0,1.0,0.045,,,,0.1,0.0,0.04,0.0,False,0.045,True,0.0,False,0.1,False,0.0,False,0.04,False,0.0,0.0,0.1,0.14,False,local
1705,1706,PBS_GROUP_0031,TC_001639,BOM_001681,ITEM_001355,HVAC,0.199,1.0,1.0,0.199,1.0,1.0,0.199,0.1,0.0,0.04,0.0,False,0.199,False,0.199,False,0.1,False,0.0,False,0.04,False,0.0,0.0,0.1,0.14,False,local
1706,1707,PBS_GROUP_SMALL,TC_001640,BOM_001682,ITEM_001356,HVAC,0.009,0.021,0.0,0.0,1.0,1.0,0.009,0.1,0.0,0.04,0.0,False,0.0,False,0.009,False,0.1,False,0.0,False,0.04,False,0.0,0.0,0.1,0.14,False,local
1707,1708,PBS_GROUP_SMALL,TC_001641,BOM_001683,ITEM_001357,HVAC,0.023,1.0,1.0,0.023,1.0,1.0,0.023,0.1,0.0,0.04,0.0,False,0.023,False,0.023,False,0.1,False,0.0,False,0.04,False,0.0,0.0,0.1,0.14,False,local
1708,1709,PBS_GROUP_0031,TC_001642,BOM_001684,ITEM_001358,HVAC,0.21,1.0,1.0,0.21,1.0,1.0,0.21,0.1,0.0,0.04,0.0,False,0.21,False,0.21,False,0.1,False,0.0,False,0.04,False,0.0,0.0,0.1,0.14,False,local
1709,1710,PBS_GROUP_0031,TC_001643,BOM_001685,ITEM_001359,HVAC,0.296,1.0,1.0,0.296,1.0,1.0,0.296,0.1,0.0,0.04,0.0,False,0.296,False,0.296,False,0.1,False,0.0,False,0.04,False,0.0,0.0,0.1,0.14,False,local
1710,1711,PBS_GROUP_0020,TC_001644,BOM_001686,ITEM_001360,HVAC,0.052,1.0,1.0,0.052,,,,0.1,0.0,0.04,0.0,False,0.052,True,0.0,False,0.1,False,0.0,False,0.04,False,0.0,0.0,0.1,0.14,False,local
1711,1712,PBS_GROUP_0020,TC_001645,BOM_001687,ITEM_001361,HVAC,0.105,1.0,1.0,0.105,,,,0.1,0.0,0.04,0.0,False,0.105,True,0.0,False,0.1,False,0.0,False,0.04,False,0.0,0.0,0.1,0.14,False,local
1712,1713,PBS_GROUP_0038,TC_001646,BOM_001688,ITEM_001130,HVAC,0.062,0.6335,1.0,0.039277,1.0,1.0,0.062,,,,,False,0.039277,False,0.062,True,0.0,True,0.0,True,0.0,True,0.0,0.0,0.0,0.0,False,local
1713,1714,PBS_GROUP_0038,TC_001647,BOM_001689,ITEM_001362,HVAC,0.003,1.0,1.0,0.003,1.0,1.0,0.003,,,,,False,0.003,False,0.003,True,0.0,True,0.0,True,0.0,True,0.0,0.0,0.0,0.0,False,local
1714,1715,PBS_GROUP_0038,TC_001648,BOM_001690,ITEM_001362,HVAC,0.0,1.0,1.0,0.0,1.0,1.0,0.0,,,,,False,0.0,False,0.0,True,0.0,True,0.0,True,0.0,True,0.0,0.0,0.0,0.0,False,local
1715,1716,PBS_GROUP_0038,TC_001649,BOM_001691,ITEM_001362,HVAC,0.017,1.0,1.0,0.017,1.0,0.9751,0.0165767,,,,,False,0.017,False,0.0165767,True,0.0,True,0.0,True,0.0,True,0.0,0.0,0.0,0.0,False,local
1716,1717,PBS_GROUP_0038,TC_001650,BOM_001692,ITEM_001362,HVAC,0.218,0.9846,1.0,0.2146428,1.0,1.0,0.218,,,,,False,0.2146428,False,0.218,True,0.0,True,0.0,True,0.0,True,0.0,0.0,0.0,0.0,False,local
1717,1718,PBS_GROUP_0038,TC_001651,BOM_001693,ITEM_001363,HVAC,0.0,1.0,1.0,0.0,1.0,1.0,0.0,,,,,False,0.0,False,0.0,True,0.0,True,0.0,True,0.0,True,0.0,0.0,0.0,0.0,False,local
1718,1719,PBS_GROUP_0038,TC_001652,BOM_001694,ITEM_001363,HVAC,0.07,0.963,1.0,0.06741,1.0,1.0,0.07,,,,,False,0.06741,False,0.07,True,0.0,True,0.0,True,0.0,True,0.0,0.0,0.0,0.0,False,local
1719,1720,PBS_GROUP_0038,TC_001653,BOM_001695,ITEM_001363,HVAC,0.0,1.0,1.0,0.0,1.0,1.0,0.0,,,,,False,0.0,False,0.0,True,0.0,True,0.0,True,0.0,True,0.0,0.0,0.0,0.0,False,local
1720,1721,PBS_GROUP_0038,TC_001654,BOM_001696,ITEM_001363,HVAC,0.018,0.9921,1.0,0.017857799999999997,1.0,1.0,0.018,,,,,False,0.017857799999999997,False,0.018,True,0.0,True,0.0,True,0.0,True,0.0,0.0,0.0,0.0,False,local
1721,1722,PBS_GROUP_0038,TC_001655,BOM_001697,ITEM_001363,HVAC,0.0,1.0,1.0,0.0,1.0,0.9957,0.0,,,,,False,0.0,False,0.0,True,0.0,True,0.0,True,0.0,True,0.0,0.0,0.0,0.0,False,local
1722,1723,PBS_GROUP_0038,TC_001656,BOM_001698,ITEM_001363,HVAC,0.0,1.0,1.0,0.0,1.0,1.0,0.0,,,,,False,0.0,False,0.0,True,0.0,True,0.0,True,0.0,True,0.0,0.0,0.0,0.0,False,local
1723,1724,PBS_GROUP_0038,TC_001657,BOM_001699,ITEM_001363,HVAC,0.019,1.0,1.0,0.019,1.0,0.0,0.0,,,,,False,0.019,False,0.0,True,0.0,True,0.0,True,0.0,True,0.0,0.0,0.0,0.0,False,local
1724,1725,PBS_GROUP_0038,TC_001658,BOM_001700,ITEM_001363,HVAC,0.093,1.0,1.0,0.093,1.0,1.0,0.093,,,,,False,0.093,False,0.093,True,0.0,True,0.0,True,0.0,True,0.0,0.0,0.0,0.0,False,local
1725,1726,PBS_GROUP_0038,TC_001659,BOM_001701,ITEM_001364,HVAC,0.079,1.0,1.0,0.079,1.0,1.0,0.079,,,,,False,0.079,False,0.079,True,0.0,True,0.0,True,0.0,True,0.0,0.0,0.0,0.0,False,local
1726,1727,PBS_GROUP_0038,TC_001660,BOM_001702,ITEM_001364,HVAC,0.099,1.0,1.0,0.099,1.0,1.0,0.099,,,,,False,0.099,False,0.099,True,0.0,True,0.0,True,0.0,True,0.0,0.0,0.0,0.0,False,local
1727,1728,PBS_GROUP_0038,TC_001661,BOM_001703,ITEM_001364,HVAC,0.0,1.0,1.0,0.0,1.0,1.0,0.0,,,,,False,0.0,False,0.0,True,0.0,True,0.0,True,0.0,True,0.0,0.0,0.0,0.0,False,local
1728,1729,PBS_GROUP_0038,TC_001662,BOM_001704,ITEM_001364,HVAC,0.0,1.0,1.0,0.0,1.0,1.0,0.0,,,,,False,0.0,False,0.0,True,0.0,True,0.0,True,0.0,True,0.0,0.0,0.0,0.0,False,local
1729,1730,PBS_GROUP_0038,TC_001663,BOM_001705,ITEM_001364,HVAC,0.0,1.0,1.0,0.0,1.0,1.0,0.0,,,,,False,0.0,False,0.0,True,0.0,True,0.0,True,0.0,True,0.0,0.0,0.0,0.0,False,local
1730,1731,PBS_GROUP_0038,TC_001664,BOM_001706,ITEM_001364,HVAC,0.163,1.0,1.0,0.163,1.0,1.0,0.163,,,,,False,0.163,False,0.163,True,0.0,True,0.0,True,0.0,True,0.0,0.0,0.0,0.0,False,local
1731,1732,PBS_GROUP_0038,TC_001665,BOM_001707,ITEM_001364,HVAC,0.147,1.0,1.0,0.147,1.0,1.0,0.147,,,,,False,0.147,False,0.147,True,0.0,True,0.0,True,0.0,True,0.0,0.0,0.0,0.0,False,local
1732,1733,PBS_GROUP_0038,TC_001666,BOM_001708,ITEM_001364,HVAC,0.017,1.0,1.0,0.017,1.0,1.0,0.017,,,,,False,0.017,False,0.017,True,0.0,True,0.0,True,0.0,True,0.0,0.0,0.0,0.0,False,local
1733,1734,PBS_GROUP_0038,TC_001667,BOM_001709,ITEM_001364,HVAC,0.108,1.0,1.0,0.108,1.0,1.0,0.108,,,,,False,0.108,False,0.108,True,0.0,True,0.0,True,0.0,True,0.0,0.0,0.0,0.0,False,local
1734,1735,PBS_GROUP_0038,TC_001668,BOM_001710,ITEM_001364,HVAC,0.013,1.0,1.0,0.013,1.0,1.0,0.013,,,,,False,0.013,False,0.013,True,0.0,True,0.0,True,0.0,True,0.0,0.0,0.0,0.0,False,local
1735,1736,PBS_GROUP_0038,TC_001669,BOM_001711,ITEM_001364,HVAC,0.031,1.0,1.0,0.031,1.0,1.0,0.031,,,,,False,0.031,False,0.031,True,0.0,True,0.0,True,0.0,True,0.0,0.0,0.0,0.0,False,local
1736,1737,PBS_GROUP_0038,TC_001670,BOM_001712,ITEM_001364,HVAC,0.0,0.7987,1.0,0.0,1.0,1.0,0.0,,,,,False,0.0,False,0.0,True,0.0,True,0.0,True,0.0,True,0.0,0.0,0.0,0.0,False,local
1737,1738,PBS_GROUP_0038,TC_001671,BOM_001713,ITEM_001364,HVAC,0.104,1.0,1.0,0.104,0.9841,1.0,0.10234639999999999,,,,,False,0.104,False,0.10234639999999999,True,0.0,True,0.0,True,0.0,True,0.0,0.0,0.0,0.0,False,local
1738,1739,PBS_GROUP_0038,TC_001672,BOM_001714,ITEM_001364,HVAC,0.0,0.0,1.0,0.0,1.0,1.0,0.0,,,,,False,0.0,False,0.0,True,0.0,True,0.0,True,0.0,True,0.0,0.0,0.0,0.0,False,local
1739,1740,PBS_GROUP_0038,TC_001673,BOM_001715,ITEM_001364,HVAC,0.088,0.9913,1.0,0.08723439999999999,1.0,1.0,0.088,,,,,False,0.08723439999999999,False,0.088,True,0.0,True,0.0,True,0.0,True,0.0,0.0,0.0,0.0,False,local
1740,1741,PBS_GROUP_0038,TC_001674,BOM_001716,ITEM_001364,HVAC,0.05,1.0,1.0,0.05,1.0,1.0,0.05,,,,,False,0.05,False,0.05,True,0.0,True,0.0,True,0.0,True,0.0,0.0,0.0,0.0,False,local
1741,1742,PBS_GROUP_0038,TC_001675,BOM_001717,ITEM_001365,HVAC,0.031,1.0,1.0,0.031,0.9967,1.0,0.0308977,,,,,False,0.031,False,0.0308977,True,0.0,True,0.0,True,0.0,True,0.0,0.0,0.0,0.0,False,local
1742,1743,PBS_GROUP_0038,TC_001676,BOM_001718,ITEM_001365,HVAC,0.0,1.0,1.0,0.0,1.0,1.0,0.0,,,,,False,0.0,False,0.0,True,0.0,True,0.0,True,0.0,True,0.0,0.0,0.0,0.0,False,local
1743,1744,PBS_GROUP_0038,TC_001677,BOM_001719,ITEM_001365,HVAC,0.0,0.9931,1.0,0.0,1.0,1.0,0.0,,,,,False,0.0,False,0.0,True,0.0,True,0.0,True,0.0,True,0.0,0.0,0.0,0.0,False,local
1744,1745,PBS_GROUP_0038,TC_001678,BOM_001720,ITEM_001365,HVAC,0.0,1.0,1.0,0.0,1.0,1.0,0.0,,,,,False,0.0,False,0.0,True,0.0,True,0.0,True,0.0,True,0.0,0.0,0.0,0.0,False,local
1745,1746,PBS_GROUP_0038,TC_001679,BOM_001721,ITEM_001366,HVAC,0.0,1.0,1.0,0.0,1.0,1.0,0.0,,,,,False,0.0,False,0.0,True,0.0,True,0.0,True,0.0,True,0.0,0.0,0.0,0.0,False,local
1746,1747,PBS_GROUP_0038,TC_001680,BOM_001722,ITEM_001367,HVAC,0.0,0.996,1.0,0.0,1.0,1.0,0.0,,,,,False,0.0,False,0.0,True,0.0,True,0.0,True,0.0,True,0.0,0.0,0.0,0.0,False,local
1747,1748,PBS_GROUP_0038,TC_001681,BOM_001723,ITEM_001367,HVAC,0.083,1.0,1.0,0.083,1.0,1.0,0.083,,,,,False,0.083,False,0.083,True,0.0,True,0.0,True,0.0,True,0.0,0.0,0.0,0.0,False,local
1748,1749,PBS_GROUP_0038,TC_001682,BOM_001724,ITEM_001367,HVAC,0.023,1.0,1.0,0.023,1.0,1.0,0.023,,,,,False,0.023,False,0.023,True,0.0,True,0.0,True,0.0,True,0.0,0.0,0.0,0.0,False,local
1749,1750,PBS_GROUP_0038,TC_001683,BOM_001725,ITEM_001367,HVAC,0.0,1.0,1.0,0.0,1.0,1.0,0.0,,,,,False,0.0,False,0.0,True,0.0,True,0.0,True,0.0,True,0.0,0.0,0.0,0.0,False,local
1750,1751,PBS_GROUP_0038,TC_001684,BOM_001726,ITEM_001367,HVAC,0.0,1.0,1.0,0.0,1.0,1.0,0.0,,,,,False,0.0,False,0.0,True,0.0,True,0.0,True,0.0,True,0.0,0.0,0.0,0.0,False,local
1751,1752,PBS_GROUP_0038,TC_001685,BOM_001727,ITEM_001367,HVAC,0.0,1.0,1.0,0.0,0.9435,1.0,0.0,,,,,False,0.0,False,0.0,True,0.0,True,0.0,True,0.0,True,0.0,0.0,0.0,0.0,False,local
1752,1753,PBS_GROUP_0038,TC_001686,BOM_001728,ITEM_001368,HVAC,0.048,1.0,1.0,0.048,1.0,1.0,0.048,,,,,False,0.048,False,0.048,True,0.0,True,0.0,True,0.0,True,0.0,0.0,0.0,0.0,False,local
1753,1754,PBS_GROUP_0038,TC_001687,BOM_001729,ITEM_001368,HVAC,0.012,1.0,1.0,0.012,1.0,1.0,0.012,,,,,False,0.012,False,0.012,True,0.0,True,0.0,True,0.0,True,0.0,0.0,0.0,0.0,False,local
1754,1755,PBS_GROUP_0038,TC_001688,BOM_001730,ITEM_001368,HVAC,0.148,1.0,1.0,0.148,1.0,1.0,0.148,,,,,False,0.148,False,0.148,True,0.0,True,0.0,True,0.0,True,0.0,0.0,0.0,0.0,False,local
1755,1756,PBS_GROUP_0038,TC_001689,BOM_001731,ITEM_001368,HVAC,0.009,1.0,1.0,0.009,1.0,1.0,0.009,,,,,False,0.009,False,0.009,True,0.0,True,0.0,True,0.0,True,0.0,0.0,0.0,0.0,False,local
1756,1757,PBS_GROUP_0038,TC_001690,BOM_001732,ITEM_001368,HVAC,0.137,1.0,0.9795,0.13419150000000002,1.0,1.0,0.137,,,,,False,0.13419150000000002,False,0.137,True,0.0,True,0.0,True,0.0,True,0.0,0.0,0.0,0.0,False,local
1757,1758,PBS_GROUP_0038,TC_001691,BOM_001733,ITEM_001368,HVAC,0.084,1.0,1.0,0.084,1.0,1.0,0.084,,,,,False,0.084,False,0.084,True,0.0,True,0.0,True,0.0,True,0.0,0.0,0.0,0.0,False,local
1758,1759,PBS_GROUP_0038,TC_001692,BOM_001734,ITEM_001368,HVAC,0.0,1.0,1.0,0.0,1.0,1.0,0.0,,,,,False,0.0,False,0.0,True,0.0,True,0.0,True,0.0,True,0.0,0.0,0.0,0.0,False,local
1759,1760,PBS_GROUP_0038,TC_001693,BOM_001735,ITEM_001368,HVAC,0.101,1.0,1.0,0.101,1.0,1.0,0.101,,,,,False,0.101,False,0.101,True,0.0,True,0.0,True,0.0,True,0.0,0.0,0.0,0.0,False,local
1760,1761,PBS_GROUP_0038,TC_001694,BOM_001736,ITEM_001368,HVAC,0.0,1.0,1.0,0.0,1.0,1.0,0.0,,,,,False,0.0,False,0.0,True,0.0,True,0.0,True,0.0,True,0.0,0.0,0.0,0.0,False,local
1761,1762,PBS_GROUP_0038,TC_001695,BOM_001737,ITEM_001368,HVAC,0.097,1.0,1.0,0.097,1.0,1.0,0.097,,,,,False,0.097,False,0.097,True,0.0,True,0.0,True,0.0,True,0.0,0.0,0.0,0.0,False,local
1762,1763,PBS_GROUP_0038,TC_001696,BOM_001738,ITEM_001368,HVAC,0.0,1.0,1.0,0.0,1.0,1.0,0.0,,,,,False,0.0,False,0.0,True,0.0,True,0.0,True,0.0,True,0.0,0.0,0.0,0.0,False,local
1763,1764,PBS_GROUP_0038,TC_001697,BOM_001739,ITEM_001368,HVAC,0.104,1.0,1.0,0.104,1.0,1.0,0.104,,,,,False,0.104,False,0.104,True,0.0,True,0.0,True,0.0,True,0.0,0.0,0.0,0.0,False,local
1764,1765,PBS_GROUP_0038,TC_001698,BOM_001740,ITEM_001368,HVAC,0.122,1.0,1.0,0.122,1.0,1.0,0.122,,,,,False,0.122,False,0.122,True,0.0,True,0.0,True,0.0,True,0.0,0.0,0.0,0.0,False,local
1765,1766,PBS_GROUP_0038,TC_001699,BOM_001741,ITEM_001368,HVAC,0.052,1.0,1.0,0.052,1.0,1.0,0.052,,,,,False,0.052,False,0.052,True,0.0,True,0.0,True,0.0,True,0.0,0.0,0.0,0.0,False,local
1766,1767,PBS_GROUP_0038,TC_001700,BOM_001742,ITEM_001368,HVAC,0.056,0.7436,1.0,0.0416416,1.0,1.0,0.056,,,,,False,0.0416416,False,0.056,True,0.0,True,0.0,True,0.0,True,0.0,0.0,0.0,0.0,False,local
1767,1768,PBS_GROUP_0038,TC_001701,BOM_001743,ITEM_001369,HVAC,0.0,1.0,1.0,0.0,1.0,1.0,0.0,,,,,False,0.0,False,0.0,True,0.0,True,0.0,True,0.0,True,0.0,0.0,0.0,0.0,False,local
1768,1769,PBS_GROUP_0038,TC_001702,BOM_001744,ITEM_001369,HVAC,0.0,1.0,1.0,0.0,1.0,1.0,0.0,,,,,False,0.0,False,0.0,True,0.0,True,0.0,True,0.0,True,0.0,0.0,0.0,0.0,False,local
1769,1770,PBS_GROUP_0038,TC_001703,BOM_001745,ITEM_001369,HVAC,0.004,1.0,1.0,0.004,1.0,1.0,0.004,,,,,False,0.004,False,0.004,True,0.0,True,0.0,True,0.0,True,0.0,0.0,0.0,0.0,False,local
1770,1771,PBS_GROUP_0038,TC_001704,BOM_001746,ITEM_001369,HVAC,0.0,1.0,1.0,0.0,1.0,1.0,0.0,,,,,False,0.0,False,0.0,True,0.0,True,0.0,True,0.0,True,0.0,0.0,0.0,0.0,False,local
1771,1772,PBS_GROUP_0038,TC_001705,BOM_001747,ITEM_001369,HVAC,0.042,1.0,1.0,0.042,1.0,1.0,0.042,,,,,False,0.042,False,0.042,True,0.0,True,0.0,True,0.0,True,0.0,0.0,0.0,0.0,False,local
1772,1773,PBS_GROUP_0038,TC_001706,BOM_001748,ITEM_001369,HVAC,0.0,1.0,1.0,0.0,1.0,1.0,0.0,,,,,False,0.0,False,0.0,True,0.0,True,0.0,True,0.0,True,0.0,0.0,0.0,0.0,False,local
1773,1774,PBS_GROUP_0038,TC_001707,BOM_001749,ITEM_001369,HVAC,0.133,1.0,1.0,0.133,1.0,1.0,0.133,,,,,False,0.133,False,0.133,True,0.0,True,0.0,True,0.0,True,0.0,0.0,0.0,0.0,False,local
1774,1775,PBS_GROUP_0038,TC_001708,BOM_001750,ITEM_001369,HVAC,0.069,1.0,1.0,0.069,1.0,1.0,0.069,,,,,False,0.069,False,0.069,True,0.0,True,0.0,True,0.0,True,0.0,0.0,0.0,0.0,False,local
1775,1776,PBS_GROUP_0038,TC_001709,BOM_001751,ITEM_001370,HVAC,0.094,1.0,1.0,0.094,1.0,1.0,0.094,,,,,False,0.094,False,0.094,True,0.0,True,0.0,True,0.0,True,0.0,0.0,0.0,0.0,False,local
1776,1777,PBS_GROUP_0038,TC_001710,BOM_001752,ITEM_001370,HVAC,0.0,1.0,1.0,0.0,1.0,1.0,0.0,,,,,False,0.0,False,0.0,True,0.0,True,0.0,True,0.0,True,0.0,0.0,0.0,0.0,False,local
1777,1778,PBS_GROUP_0038,TC_001711,BOM_001753,ITEM_001370,HVAC,0.079,1.0,1.0,0.079,1.0,1.0,0.079,,,,,False,0.079,False,0.079,True,0.0,True,0.0,True,0.0,True,0.0,0.0,0.0,0.0,False,local
1778,1779,PBS_GROUP_0038,TC_001712,BOM_001754,ITEM_001370,HVAC,0.124,0.9997,1.0,0.1239628,1.0,1.0,0.124,,,,,False,0.1239628,False,0.124,True,0.0,True,0.0,True,0.0,True,0.0,0.0,0.0,0.0,False,local
1779,1780,PBS_GROUP_0038,TC_001713,BOM_001755,ITEM_001370,HVAC,0.008,1.0,1.0,0.008,1.0,1.0,0.008,,,,,False,0.008,False,0.008,True,0.0,True,0.0,True,0.0,True,0.0,0.0,0.0,0.0,False,local
1780,1781,PBS_GROUP_0038,TC_001714,BOM_001756,ITEM_001370,HVAC,0.051,1.0,1.0,0.051,1.0,1.0,0.051,,,,,False,0.051,False,0.051,True,0.0,True,0.0,True,0.0,True,0.0,0.0,0.0,0.0,False,local
1781,1782,PBS_GROUP_0038,TC_001715,BOM_001757,ITEM_001370,HVAC,0.102,1.0,1.0,0.102,1.0,1.0,0.102,,,,,False,0.102,False,0.102,True,0.0,True,0.0,True,0.0,True,0.0,0.0,0.0,0.0,False,local
1782,1783,PBS_GROUP_0038,TC_001716,BOM_001758,ITEM_001370,HVAC,0.0,1.0,1.0,0.0,1.0,1.0,0.0,,,,,False,0.0,False,0.0,True,0.0,True,0.0,True,0.0,True,0.0,0.0,0.0,0.0,False,local
1783,1784,PBS_GROUP_0038,TC_001717,BOM_001759,ITEM_001371,HVAC,0.011,1.0,1.0,0.011,1.0,1.0,0.011,,,,,False,0.011,False,0.011,True,0.0,True,0.0,True,0.0,True,0.0,0.0,0.0,0.0,False,local
1784,1785,PBS_GROUP_0038,TC_001718,BOM_001760,ITEM_001371,HVAC,0.0,1.0,1.0,0.0,1.0,1.0,0.0,,,,,False,0.0,False,0.0,True,0.0,True,0.0,True,0.0,True,0.0,0.0,0.0,0.0,False,local
1785,1786,PBS_GROUP_0038,TC_001719,BOM_001761,ITEM_001371,HVAC,0.0,1.0,1.0,0.0,1.0,1.0,0.0,,,,,False,0.0,False,0.0,True,0.0,True,0.0,True,0.0,True,0.0,0.0,0.0,0.0,False,local
1786,1787,PBS_GROUP_0038,TC_001720,BOM_001762,ITEM_001371,HVAC,0.0,0.0,1.0,0.0,1.0,1.0,0.0,,,,,False,0.0,False,0.0,True,0.0,True,0.0,True,0.0,True,0.0,0.0,0.0,0.0,False,local
1787,1788,PBS_GROUP_0038,TC_001721,BOM_001763,ITEM_001371,HVAC,0.0,1.0,1.0,0.0,1.0,1.0,0.0,,,,,False,0.0,False,0.0,True,0.0,True,0.0,True,0.0,True,0.0,0.0,0.0,0.0,False,local
1788,1789,PBS_GROUP_0038,TC_001722,BOM_001764,ITEM_001371,HVAC,0.0,1.0,1.0,0.0,1.0,1.0,0.0,,,,,False,0.0,False,0.0,True,0.0,True,0.0,True,0.0,True,0.0,0.0,0.0,0.0,False,local
1789,1790,PBS_GROUP_0038,TC_001723,BOM_001765,ITEM_001372,HVAC,0.0,1.0,1.0,0.0,,,,,,,,False,0.0,True,0.0,True,0.0,True,0.0,True,0.0,True,0.0,0.0,0.0,0.0,False,local
1790,1791,PBS_GROUP_0038,TC_001724,BOM_001766,ITEM_001372,HVAC,0.06,1.0,1.0,0.06,,,,,,,,False,0.06,True,0.0,True,0.0,True,0.0,True,0.0,True,0.0,0.0,0.0,0.0,False,local
1791,1792,PBS_GROUP_0038,TC_001725,BOM_001767,ITEM_001372,HVAC,0.026,1.0,1.0,0.026,,,,,,,,False,0.026,True,0.0,True,0.0,True,0.0,True,0.0,True,0.0,0.0,0.0,0.0,False,local
1792,1793,PBS_GROUP_0038,TC_001726,BOM_001768,ITEM_001372,HVAC,0.07,1.0,1.0,0.07,,,,,,,,False,0.07,True,0.0,True,0.0,True,0.0,True,0.0,True,0.0,0.0,0.0,0.0,False,local
1793,1794,PBS_GROUP_0038,TC_001727,BOM_001769,ITEM_001372,HVAC,0.0,1.0,1.0,0.0,,,,,,,,False,0.0,True,0.0,True,0.0,True,0.0,True,0.0,True,0.0,0.0,0.0,0.0,False,local
1794,1795,PBS_GROUP_0038,TC_001728,BOM_001770,ITEM_001372,HVAC,0.0,1.0,1.0,0.0,,,,,,,,False,0.0,True,0.0,True,0.0,True,0.0,True,0.0,True,0.0,0.0,0.0,0.0,False,local
1795,1796,PBS_GROUP_0038,TC_001729,BOM_001771,ITEM_001373,HVAC,0.012,0.9931,1.0,0.0119172,,,,,,,,False,0.0119172,True,0.0,True,0.0,True,0.0,True,0.0,True,0.0,0.0,0.0,0.0,False,local
1796,1797,PBS_GROUP_0038,TC_001730,BOM_001772,ITEM_001373,HVAC,0.0,1.0,1.0,0.0,,,,,,,,False,0.0,True,0.0,True,0.0,True,0.0,True,0.0,True,0.0,0.0,0.0,0.0,False,local
1797,1798,PBS_GROUP_0038,TC_001731,BOM_001773,ITEM_001373,HVAC,0.0,1.0,1.0,0.0,,,,,,,,False,0.0,True,0.0,True,0.0,True,0.0,True,0.0,True,0.0,0.0,0.0,0.0,False,local
1798,1799,PBS_GROUP_0038,TC_001732,BOM_001774,ITEM_001374,HVAC,0.015,1.0,1.0,0.015,,,,,,,,False,0.015,True,0.0,True,0.0,True,0.0,True,0.0,True,0.0,0.0,0.0,0.0,False,local
1799,1800,PBS_GROUP_0038,TC_001733,BOM_001775,ITEM_001374,HVAC,0.042,1.0,1.0,0.042,,,,,,,,False,0.042,True,0.0,True,0.0,True,0.0,True,0.0,True,0.0,0.0,0.0,0.0,False,local
1800,1801,PBS_GROUP_0038,TC_001734,BOM_001776,ITEM_001374,HVAC,0.041,1.0,1.0,0.041,,,,,,,,False,0.041,True,0.0,True,0.0,True,0.0,True,0.0,True,0.0,0.0,0.0,0.0,False,local
1801,1802,PBS_GROUP_0038,TC_001735,BOM_001777,ITEM_001374,HVAC,0.0,1.0,1.0,0.0,,,,,,,,False,0.0,True,0.0,True,0.0,True,0.0,True,0.0,True,0.0,0.0,0.0,0.0,False,local
1802,1803,PBS_GROUP_0038,TC_001736,BOM_001778,ITEM_001374,HVAC,0.0,1.0,1.0,0.0,,,,,,,,False,0.0,True,0.0,True,0.0,True,0.0,True,0.0,True,0.0,0.0,0.0,0.0,False,local
1803,1804,PBS_GROUP_0038,TC_001737,BOM_001779,ITEM_001374,HVAC,0.053,1.0,1.0,0.053,,,,,,,,False,0.053,True,0.0,True,0.0,True,0.0,True,0.0,True,0.0,0.0,0.0,0.0,False,local
1804,1805,PBS_GROUP_0038,TC_001738,BOM_001780,ITEM_001375,HVAC,0.004,0.9555,1.0,0.0038220000000000003,,,,,,,,False,0.0038220000000000003,True,0.0,True,0.0,True,0.0,True,0.0,True,0.0,0.0,0.0,0.0,False,local
1805,1806,PBS_GROUP_0038,TC_001739,BOM_001781,ITEM_001375,HVAC,0.0,1.0,1.0,0.0,,,,,,,,False,0.0,True,0.0,True,0.0,True,0.0,True,0.0,True,0.0,0.0,0.0,0.0,False,local
1806,1807,PBS_GROUP_0038,TC_001740,BOM_001782,ITEM_001375,HVAC,0.167,1.0,1.0,0.167,,,,,,,,False,0.167,True,0.0,True,0.0,True,0.0,True,0.0,True,0.0,0.0,0.0,0.0,False,local
1807,1808,PBS_GROUP_0038,TC_001741,BOM_001783,ITEM_001375,HVAC,0.0,1.0,1.0,0.0,,,,,,,,False,0.0,True,0.0,True,0.0,True,0.0,True,0.0,True,0.0,0.0,0.0,0.0,False,local
1808,1809,PBS_GROUP_0038,TC_001742,BOM_001784,ITEM_001375,HVAC,0.046,1.0,1.0,0.046,,,,,,,,False,0.046,True,0.0,True,0.0,True,0.0,True,0.0,True,0.0,0.0,0.0,0.0,False,local
1809,1810,PBS_GROUP_0038,TC_001743,BOM_001785,ITEM_001375,HVAC,0.117,1.0,1.0,0.117,,,,,,,,False,0.117,True,0.0,True,0.0,True,0.0,True,0.0,True,0.0,0.0,0.0,0.0,False,local
1810,1811,PBS_GROUP_0038,TC_001744,BOM_001786,ITEM_001376,HVAC,0.0,0.9717,0.9727,0.0,,,,,,,,False,0.0,True,0.0,True,0.0,True,0.0,True,0.0,True,0.0,0.0,0.0,0.0,False,local
1811,1812,PBS_GROUP_0038,TC_001745,BOM_001787,ITEM_001376,HVAC,0.0,1.0,1.0,0.0,,,,,,,,False,0.0,True,0.0,True,0.0,True,0.0,True,0.0,True,0.0,0.0,0.0,0.0,False,local
1812,1813,PBS_GROUP_0038,TC_001746,BOM_001788,ITEM_001376,HVAC,0.0,1.0,1.0,0.0,,,,,,,,False,0.0,True,0.0,True,0.0,True,0.0,True,0.0,True,0.0,0.0,0.0,0.0,False,local
1813,1814,PBS_GROUP_0038,TC_001747,BOM_001789,ITEM_001376,HVAC,0.0,1.0,1.0,0.0,,,,,,,,False,0.0,True,0.0,True,0.0,True,0.0,True,0.0,True,0.0,0.0,0.0,0.0,False,local
1814,1815,PBS_GROUP_0038,TC_001748,BOM_001790,ITEM_001376,HVAC,0.0,1.0,1.0,0.0,,,,,,,,False,0.0,True,0.0,True,0.0,True,0.0,True,0.0,True,0.0,0.0,0.0,0.0,False,local
1815,1816,PBS_GROUP_0038,TC_001749,BOM_001791,ITEM_001376,HVAC,0.067,1.0,1.0,0.067,,,,,,,,False,0.067,True,0.0,True,0.0,True,0.0,True,0.0,True,0.0,0.0,0.0,0.0,False,local
1816,1817,PBS_GROUP_0038,TC_001750,BOM_001792,ITEM_001377,HVAC,0.0,1.0,1.0,0.0,,,,,,,,False,0.0,True,0.0,True,0.0,True,0.0,True,0.0,True,0.0,0.0,0.0,0.0,False,local
1817,1818,PBS_GROUP_0038,TC_001751,BOM_001793,ITEM_001377,HVAC,0.013,1.0,1.0,0.013,,,,,,,,False,0.013,True,0.0,True,0.0,True,0.0,True,0.0,True,0.0,0.0,0.0,0.0,False,local
1818,1819,PBS_GROUP_0038,TC_001752,BOM_001794,ITEM_001377,HVAC,0.092,1.0,1.0,0.092,,,,,,,,False,0.092,True,0.0,True,0.0,True,0.0,True,0.0,True,0.0,0.0,0.0,0.0,False,local
1819,1820,PBS_GROUP_0038,TC_001753,BOM_001795,ITEM_001377,HVAC,0.029,1.0,1.0,0.029,,,,,,,,False,0.029,True,0.0,True,0.0,True,0.0,True,0.0,True,0.0,0.0,0.0,0.0,False,local
1820,1821,PBS_GROUP_0038,TC_001754,BOM_001796,ITEM_001377,HVAC,0.0,1.0,1.0,0.0,,,,,,,,False,0.0,True,0.0,True,0.0,True,0.0,True,0.0,True,0.0,0.0,0.0,0.0,False,local
1821,1822,PBS_GROUP_0038,TC_001755,BOM_001797,ITEM_001377,HVAC,0.045,1.0,1.0,0.045,,,,,,,,False,0.045,True,0.0,True,0.0,True,0.0,True,0.0,True,0.0,0.0,0.0,0.0,False,local
1822,1823,PBS_GROUP_0038,TC_001756,BOM_001798,ITEM_001378,HVAC,0.02,1.0,1.0,0.02,,,,,,,,False,0.02,True,0.0,True,0.0,True,0.0,True,0.0,True,0.0,0.0,0.0,0.0,False,local
1823,1824,PBS_GROUP_0038,TC_001757,BOM_001799,ITEM_001378,HVAC,0.0,0.9577,1.0,0.0,,,,,,,,False,0.0,True,0.0,True,0.0,True,0.0,True,0.0,True,0.0,0.0,0.0,0.0,False,local
1824,1825,PBS_GROUP_0038,TC_001758,BOM_001800,ITEM_001378,HVAC,0.0,1.0,1.0,0.0,,,,,,,,False,0.0,True,0.0,True,0.0,True,0.0,True,0.0,True,0.0,0.0,0.0,0.0,False,local
1825,1826,PBS_GROUP_0038,TC_001759,BOM_001801,ITEM_001378,HVAC,0.093,0.9628,1.0,0.08954039999999999,,,,,,,,False,0.08954039999999999,True,0.0,True,0.0,True,0.0,True,0.0,True,0.0,0.0,0.0,0.0,False,local
1826,1827,PBS_GROUP_0038,TC_001760,BOM_001802,ITEM_001378,HVAC,0.0,1.0,1.0,0.0,,,,,,,,False,0.0,True,0.0,True,0.0,True,0.0,True,0.0,True,0.0,0.0,0.0,0.0,False,local
1827,1828,PBS_GROUP_0038,TC_001761,BOM_001803,ITEM_001378,HVAC,0.0,1.0,1.0,0.0,,,,,,,,False,0.0,True,0.0,True,0.0,True,0.0,True,0.0,True,0.0,0.0,0.0,0.0,False,local
1828,1829,PBS_GROUP_0038,TC_001762,BOM_001804,ITEM_001378,HVAC,0.0,1.0,1.0,0.0,,,,,,,,False,0.0,True,0.0,True,0.0,True,0.0,True,0.0,True,0.0,0.0,0.0,0.0,False,local
1829,1830,PBS_GROUP_0038,TC_001763,BOM_001805,ITEM_001378,HVAC,0.0,1.0,1.0,0.0,,,,,,,,False,0.0,True,0.0,True,0.0,True,0.0,True,0.0,True,0.0,0.0,0.0,0.0,False,local
1830,1831,PBS_GROUP_0038,TC_001764,BOM_001806,ITEM_001378,HVAC,0.059,1.0,1.0,0.059,,,,,,,,False,0.059,True,0.0,True,0.0,True,0.0,True,0.0,True,0.0,0.0,0.0,0.0,False,local
1831,1832,PBS_GROUP_0038,TC_001765,BOM_001807,ITEM_001378,HVAC,0.059,1.0,1.0,0.059,,,,,,,,False,0.059,True,0.0,True,0.0,True,0.0,True,0.0,True,0.0,0.0,0.0,0.0,False,local
1832,1833,PBS_GROUP_0038,TC_001766,BOM_001808,ITEM_001379,HVAC,0.133,1.0,1.0,0.133,,,,,,,,False,0.133,True,0.0,True,0.0,True,0.0,True,0.0,True,0.0,0.0,0.0,0.0,False,local
1833,1834,PBS_GROUP_0038,TC_001767,BOM_001809,ITEM_001379,HVAC,0.0,1.0,1.0,0.0,,,,,,,,False,0.0,True,0.0,True,0.0,True,0.0,True,0.0,True,0.0,0.0,0.0,0.0,False,local
1834,1835,PBS_GROUP_0038,TC_001768,BOM_001810,ITEM_001380,HVAC,0.0,1.0,1.0,0.0,,,,,,,,False,0.0,True,0.0,True,0.0,True,0.0,True,0.0,True,0.0,0.0,0.0,0.0,False,local
1835,1836,PBS_GROUP_0038,TC_001769,BOM_001811,ITEM_001380,HVAC,0.006,1.0,1.0,0.006,,,,,,,,False,0.006,True,0.0,True,0.0,True,0.0,True,0.0,True,0.0,0.0,0.0,0.0,False,local
1836,1837,PBS_GROUP_0038,TC_001770,BOM_001812,ITEM_001380,HVAC,0.0,1.0,1.0,0.0,,,,,,,,False,0.0,True,0.0,True,0.0,True,0.0,True,0.0,True,0.0,0.0,0.0,0.0,False,local
1837,1838,PBS_GROUP_0038,TC_001771,BOM_001813,ITEM_001380,HVAC,0.0,1.0,1.0,0.0,,,,,,,,False,0.0,True,0.0,True,0.0,True,0.0,True,0.0,True,0.0,0.0,0.0,0.0,False,local
1838,1839,PBS_GROUP_0038,TC_001772,BOM_001814,ITEM_001380,HVAC,0.086,1.0,1.0,0.086,,,,,,,,False,0.086,True,0.0,True,0.0,True,0.0,True,0.0,True,0.0,0.0,0.0,0.0,False,local
1839,1840,PBS_GROUP_0038,TC_001773,BOM_001815,ITEM_001380,HVAC,0.0,0.7106,1.0,0.0,,,,,,,,False,0.0,True,0.0,True,0.0,True,0.0,True,0.0,True,0.0,0.0,0.0,0.0,False,local
1840,1841,PBS_GROUP_0038,TC_001774,BOM_001816,ITEM_001380,HVAC,0.02,0.9644,1.0,0.019288,,,,,,,,False,0.019288,True,0.0,True,0.0,True,0.0,True,0.0,True,0.0,0.0,0.0,0.0,False,local
1841,1842,PBS_GROUP_0038,TC_001775,BOM_001817,ITEM_001380,HVAC,0.0,1.0,1.0,0.0,,,,,,,,False,0.0,True,0.0,True,0.0,True,0.0,True,0.0,True,0.0,0.0,0.0,0.0,False,local
1842,1843,PBS_GROUP_0038,TC_001776,BOM_001818,ITEM_001380,HVAC,0.0,1.0,1.0,0.0,,,,,,,,False,0.0,True,0.0,True,0.0,True,0.0,True,0.0,True,0.0,0.0,0.0,0.0,False,local
1843,1844,PBS_GROUP_0038,TC_001777,BOM_001819,ITEM_001380,HVAC,0.0,1.0,1.0,0.0,,,,,,,,False,0.0,True,0.0,True,0.0,True,0.0,True,0.0,True,0.0,0.0,0.0,0.0,False,local
1844,1845,PBS_GROUP_0038,TC_001778,BOM_001820,ITEM_001380,HVAC,0.084,1.0,0.9961,0.08367240000000001,,,,,,,,False,0.08367240000000001,True,0.0,True,0.0,True,0.0,True,0.0,True,0.0,0.0,0.0,0.0,False,local
1845,1846,PBS_GROUP_0038,TC_001779,BOM_001821,ITEM_001380,HVAC,0.04,1.0,1.0,0.04,,,,,,,,False,0.04,True,0.0,True,0.0,True,0.0,True,0.0,True,0.0,0.0,0.0,0.0,False,local
1846,1847,PBS_GROUP_0038,TC_001780,BOM_001822,ITEM_001380,HVAC,0.049,1.0,1.0,0.049,,,,,,,,False,0.049,True,0.0,True,0.0,True,0.0,True,0.0,True,0.0,0.0,0.0,0.0,False,local
1847,1848,PBS_GROUP_0038,TC_001781,BOM_001823,ITEM_001380,HVAC,0.008,1.0,1.0,0.008,,,,,,,,False,0.008,True,0.0,True,0.0,True,0.0,True,0.0,True,0.0,0.0,0.0,0.0,False,local
1848,1849,PBS_GROUP_0038,TC_001782,BOM_001824,ITEM_001380,HVAC,0.0,1.0,1.0,0.0,,,,,,,,False,0.0,True,0.0,True,0.0,True,0.0,True,0.0,True,0.0,0.0,0.0,0.0,False,local
1849,1850,PBS_GROUP_0038,TC_001783,BOM_001825,ITEM_001380,HVAC,0.024,1.0,1.0,0.024,,,,,,,,False,0.024,True,0.0,True,0.0,True,0.0,True,0.0,True,0.0,0.0,0.0,0.0,False,local
1850,1851,PBS_GROUP_0038,TC_001784,BOM_001826,ITEM_001380,HVAC,0.0,1.0,1.0,0.0,,,,,,,,False,0.0,True,0.0,True,0.0,True,0.0,True,0.0,True,0.0,0.0,0.0,0.0,False,local
1851,1852,PBS_GROUP_0038,TC_001785,BOM_001827,ITEM_001380,HVAC,0.071,1.0,1.0,0.071,,,,,,,,False,0.071,True,0.0,True,0.0,True,0.0,True,0.0,True,0.0,0.0,0.0,0.0,False,local
1852,1853,PBS_GROUP_0038,TC_001786,BOM_001828,ITEM_001380,HVAC,0.0,1.0,1.0,0.0,,,,,,,,False,0.0,True,0.0,True,0.0,True,0.0,True,0.0,True,0.0,0.0,0.0,0.0,False,local
1853,1854,PBS_GROUP_0038,TC_001787,BOM_001829,ITEM_001380,HVAC,0.009,1.0,1.0,0.009,,,,,,,,False,0.009,True,0.0,True,0.0,True,0.0,True,0.0,True,0.0,0.0,0.0,0.0,False,local
1854,1855,PBS_GROUP_0038,TC_001788,BOM_001830,ITEM_001380,HVAC,0.0,1.0,1.0,0.0,,,,,,,,False,0.0,True,0.0,True,0.0,True,0.0,True,0.0,True,0.0,0.0,0.0,0.0,False,local
1855,1856,PBS_GROUP_0038,TC_001789,BOM_001831,ITEM_001380,HVAC,0.0,1.0,1.0,0.0,,,,,,,,False,0.0,True,0.0,True,0.0,True,0.0,True,0.0,True,0.0,0.0,0.0,0.0,False,local
1856,1857,PBS_GROUP_0038,TC_001790,BOM_001832,ITEM_001381,HVAC,0.077,1.0,1.0,0.077,,,,,,,,False,0.077,True,0.0,True,0.0,True,0.0,True,0.0,True,0.0,0.0,0.0,0.0,False,local
1857,1858,PBS_GROUP_0038,TC_001791,BOM_001833,ITEM_001381,HVAC,0.002,1.0,0.9975,0.0019950000000000002,,,,,,,,False,0.0019950000000000002,True,0.0,True,0.0,True,0.0,True,0.0,True,0.0,0.0,0.0,0.0,False,local
1858,1859,PBS_GROUP_0038,TC_001792,BOM_001834,ITEM_001382,HVAC,0.0,1.0,1.0,0.0,,,,,,,,False,0.0,True,0.0,True,0.0,True,0.0,True,0.0,True,0.0,0.0,0.0,0.0,False,local
1859,1860,PBS_GROUP_0038,TC_001793,BOM_001835,ITEM_001383,HVAC,0.0,1.0,1.0,0.0,,,,,,,,False,0.0,True,0.0,True,0.0,True,0.0,True,0.0,True,0.0,0.0,0.0,0.0,False,local
1860,1861,PBS_GROUP_0038,TC_001794,BOM_001836,ITEM_001383,HVAC,0.002,1.0,1.0,0.002,,,,,,,,False,0.002,True,0.0,True,0.0,True,0.0,True,0.0,True,0.0,0.0,0.0,0.0,False,local
1861,1862,PBS_GROUP_0038,TC_001795,BOM_001837,ITEM_001383,HVAC,0.136,0.9982,1.0,0.13575520000000002,,,,,,,,False,0.13575520000000002,True,0.0,True,0.0,True,0.0,True,0.0,True,0.0,0.0,0.0,0.0,False,local
1862,1863,PBS_GROUP_0038,TC_001796,BOM_001838,ITEM_001383,HVAC,0.062,1.0,1.0,0.062,,,,,,,,False,0.062,True,0.0,True,0.0,True,0.0,True,0.0,True,0.0,0.0,0.0,0.0,False,local
1863,1864,PBS_GROUP_0038,TC_001797,BOM_001839,ITEM_001383,HVAC,0.065,0.8813,1.0,0.0572845,,,,,,,,False,0.0572845,True,0.0,True,0.0,True,0.0,True,0.0,True,0.0,0.0,0.0,0.0,False,local
1864,1865,PBS_GROUP_0038,TC_001798,BOM_001840,ITEM_001383,HVAC,0.092,1.0,1.0,0.092,,,,,,,,False,0.092,True,0.0,True,0.0,True,0.0,True,0.0,True,0.0,0.0,0.0,0.0,False,local
1865,1866,PBS_GROUP_0038,TC_001799,BOM_001841,ITEM_001383,HVAC,0.0,0.9992,1.0,0.0,,,,,,,,False,0.0,True,0.0,True,0.0,True,0.0,True,0.0,True,0.0,0.0,0.0,0.0,False,local
1866,1867,PBS_GROUP_0038,TC_001800,BOM_001842,ITEM_001383,HVAC,0.074,1.0,1.0,0.074,,,,,,,,False,0.074,True,0.0,True,0.0,True,0.0,True,0.0,True,0.0,0.0,0.0,0.0,False,local
1867,1868,PBS_GROUP_0038,TC_001801,BOM_001843,ITEM_001384,HVAC,0.004,1.0,1.0,0.004,,,,,,,,False,0.004,True,0.0,True,0.0,True,0.0,True,0.0,True,0.0,0.0,0.0,0.0,False,local
1868,1869,PBS_GROUP_0038,TC_001802,BOM_001844,ITEM_001384,HVAC,0.0,1.0,1.0,0.0,,,,,,,,False,0.0,True,0.0,True,0.0,True,0.0,True,0.0,True,0.0,0.0,0.0,0.0,False,local
1869,1870,PBS_GROUP_0038,TC_001803,BOM_001845,ITEM_001384,HVAC,0.152,1.0,1.0,0.152,,,,,,,,False,0.152,True,0.0,True,0.0,True,0.0,True,0.0,True,0.0,0.0,0.0,0.0,False,local
1870,1871,PBS_GROUP_0038,TC_001804,BOM_001846,ITEM_001384,HVAC,0.0,1.0,1.0,0.0,,,,,,,,False,0.0,True,0.0,True,0.0,True,0.0,True,0.0,True,0.0,0.0,0.0,0.0,False,local
1871,1872,PBS_GROUP_0038,TC_001805,BOM_001847,ITEM_001384,HVAC,0.141,1.0,1.0,0.141,,,,,,,,False,0.141,True,0.0,True,0.0,True,0.0,True,0.0,True,0.0,0.0,0.0,0.0,False,local
1872,1873,PBS_GROUP_0038,TC_001806,BOM_001848,ITEM_001384,HVAC,0.0,0.9923,1.0,0.0,,,,,,,,False,0.0,True,0.0,True,0.0,True,0.0,True,0.0,True,0.0,0.0,0.0,0.0,False,local
1873,1874,PBS_GROUP_0038,TC_001807,BOM_001849,ITEM_001385,HVAC,0.043,0.9696,1.0,0.041692799999999995,,,,,,,,False,0.041692799999999995,True,0.0,True,0.0,True,0.0,True,0.0,True,0.0,0.0,0.0,0.0,False,local
1874,1875,PBS_GROUP_0038,TC_001808,BOM_001850,ITEM_001385,HVAC,0.043,1.0,1.0,0.043,,,,,,,,False,0.043,True,0.0,True,0.0,True,0.0,True,0.0,True,0.0,0.0,0.0,0.0,False,local
1875,1876,PBS_GROUP_0038,TC_001809,BOM_001851,ITEM_001385,HVAC,0.099,1.0,1.0,0.099,,,,,,,,False,0.099,True,0.0,True,0.0,True,0.0,True,0.0,True,0.0,0.0,0.0,0.0,False,local
1876,1877,PBS_GROUP_0038,TC_001810,BOM_001852,ITEM_001385,HVAC,0.033,1.0,1.0,0.033,,,,,,,,False,0.033,True,0.0,True,0.0,True,0.0,True,0.0,True,0.0,0.0,0.0,0.0,False,local
1877,1878,PBS_GROUP_0038,TC_001811,BOM_001853,ITEM_001385,HVAC,0.054,1.0,1.0,0.054,,,,,,,,False,0.054,True,0.0,True,0.0,True,0.0,True,0.0,True,0.0,0.0,0.0,0.0,False,local
1878,1879,PBS_GROUP_0038,TC_001812,BOM_001854,ITEM_001385,HVAC,0.0,1.0,1.0,0.0,,,,,,,,False,0.0,True,0.0,True,0.0,True,0.0,True,0.0,True,0.0,0.0,0.0,0.0,False,local
1879,1880,PBS_GROUP_0038,TC_001813,BOM_001855,ITEM_001385,HVAC,0.017,1.0,1.0,0.017,,,,,,,,False,0.017,True,0.0,True,0.0,True,0.0,True,0.0,True,0.0,0.0,0.0,0.0,False,local
1880,1881,PBS_GROUP_0038,TC_001814,BOM_001856,ITEM_001385,HVAC,0.0,0.9586,1.0,0.0,,,,,,,,False,0.0,True,0.0,True,0.0,True,0.0,True,0.0,True,0.0,0.0,0.0,0.0,False,local
1881,1882,PBS_GROUP_0038,TC_001815,BOM_001857,ITEM_001385,HVAC,0.132,1.0,1.0,0.132,,,,,,,,False,0.132,True,0.0,True,0.0,True,0.0,True,0.0,True,0.0,0.0,0.0,0.0,False,local
1882,1883,PBS_GROUP_0038,TC_001816,BOM_001858,ITEM_001385,HVAC,0.013,1.0,1.0,0.013,,,,,,,,False,0.013,True,0.0,True,0.0,True,0.0,True,0.0,True,0.0,0.0,0.0,0.0,False,local
1883,1884,PBS_GROUP_0038,TC_001817,BOM_001859,ITEM_001385,HVAC,0.027,1.0,1.0,0.027,,,,,,,,False,0.027,True,0.0,True,0.0,True,0.0,True,0.0,True,0.0,0.0,0.0,0.0,False,local
1884,1885,PBS_GROUP_0038,TC_001818,BOM_001860,ITEM_001385,HVAC,0.0,1.0,1.0,0.0,,,,,,,,False,0.0,True,0.0,True,0.0,True,0.0,True,0.0,True,0.0,0.0,0.0,0.0,False,local
1885,1886,PBS_GROUP_0038,TC_001819,BOM_001861,ITEM_001385,HVAC,0.0,1.0,1.0,0.0,,,,,,,,False,0.0,True,0.0,True,0.0,True,0.0,True,0.0,True,0.0,0.0,0.0,0.0,False,local
1886,1887,PBS_GROUP_0038,TC_001820,BOM_001862,ITEM_001385,HVAC,0.072,1.0,1.0,0.072,,,,,,,,False,0.072,True,0.0,True,0.0,True,0.0,True,0.0,True,0.0,0.0,0.0,0.0,False,local
1887,1888,PBS_GROUP_0038,TC_001821,BOM_001863,ITEM_001385,HVAC,0.0,1.0,1.0,0.0,,,,,,,,False,0.0,True,0.0,True,0.0,True,0.0,True,0.0,True,0.0,0.0,0.0,0.0,False,local
1888,1889,PBS_GROUP_0038,TC_001822,BOM_001864,ITEM_001385,HVAC,0.0,1.0,1.0,0.0,,,,,,,,False,0.0,True,0.0,True,0.0,True,0.0,True,0.0,True,0.0,0.0,0.0,0.0,False,local
1889,1890,PBS_GROUP_0038,TC_001823,BOM_001865,ITEM_001143,HVAC,0.06,1.0,1.0,0.06,,,,,,,,False,0.06,True,0.0,True,0.0,True,0.0,True,0.0,True,0.0,0.0,0.0,0.0,False,local
1890,1891,PBS_GROUP_0038,TC_001824,BOM_001866,ITEM_001386,HVAC,0.0,1.0,1.0,0.0,,,,,,,,False,0.0,True,0.0,True,0.0,True,0.0,True,0.0,True,0.0,0.0,0.0,0.0,False,local
1891,1892,PBS_GROUP_0038,TC_001825,BOM_001867,ITEM_001386,HVAC,0.0,1.0,1.0,0.0,,,,,,,,False,0.0,True,0.0,True,0.0,True,0.0,True,0.0,True,0.0,0.0,0.0,0.0,False,local
1892,1893,PBS_GROUP_0038,TC_001826,BOM_001868,ITEM_001386,HVAC,0.0,1.0,1.0,0.0,,,,,,,,False,0.0,True,0.0,True,0.0,True,0.0,True,0.0,True,0.0,0.0,0.0,0.0,False,local
1893,1894,PBS_GROUP_0038,TC_001827,BOM_001869,ITEM_001386,HVAC,0.128,1.0,1.0,0.128,,,,,,,,False,0.128,True,0.0,True,0.0,True,0.0,True,0.0,True,0.0,0.0,0.0,0.0,False,local
1894,1895,PBS_GROUP_0038,TC_001828,BOM_001870,ITEM_001386,HVAC,0.063,0.712,1.0,0.044856,,,,,,,,False,0.044856,True,0.0,True,0.0,True,0.0,True,0.0,True,0.0,0.0,0.0,0.0,False,local
1895,1896,PBS_GROUP_0038,TC_001829,BOM_001871,ITEM_001386,HVAC,0.0,1.0,1.0,0.0,,,,,,,,False,0.0,True,0.0,True,0.0,True,0.0,True,0.0,True,0.0,0.0,0.0,0.0,False,local
1896,1897,PBS_GROUP_0038,TC_001830,BOM_001872,ITEM_001386,HVAC,0.0,1.0,1.0,0.0,,,,,,,,False,0.0,True,0.0,True,0.0,True,0.0,True,0.0,True,0.0,0.0,0.0,0.0,False,local
1897,1898,PBS_GROUP_0038,TC_001831,BOM_001873,ITEM_001386,HVAC,0.0,1.0,1.0,0.0,,,,,,,,False,0.0,True,0.0,True,0.0,True,0.0,True,0.0,True,0.0,0.0,0.0,0.0,False,local
1898,1899,PBS_GROUP_0038,TC_001832,BOM_001874,ITEM_001386,HVAC,0.066,0.945,1.0,0.06237,,,,,,,,False,0.06237,True,0.0,True,0.0,True,0.0,True,0.0,True,0.0,0.0,0.0,0.0,False,local
1899,1900,PBS_GROUP_0038,TC_001833,BOM_001875,ITEM_001386,HVAC,0.037,1.0,1.0,0.037,,,,,,,,False,0.037,True,0.0,True,0.0,True,0.0,True,0.0,True,0.0,0.0,0.0,0.0,False,local
1900,1901,PBS_GROUP_0038,TC_001834,BOM_001876,ITEM_001386,HVAC,0.0,1.0,1.0,0.0,,,,,,,,False,0.0,True,0.0,True,0.0,True,0.0,True,0.0,True,0.0,0.0,0.0,0.0,False,local
1901,1902,PBS_GROUP_0038,TC_001835,BOM_001877,ITEM_001386,HVAC,0.0,1.0,1.0,0.0,,,,,,,,False,0.0,True,0.0,True,0.0,True,0.0,True,0.0,True,0.0,0.0,0.0,0.0,False,local
1902,1903,PBS_GROUP_0038,TC_001836,BOM_001878,ITEM_001386,HVAC,0.0,1.0,1.0,0.0,,,,,,,,False,0.0,True,0.0,True,0.0,True,0.0,True,0.0,True,0.0,0.0,0.0,0.0,False,local
1903,1904,PBS_GROUP_0038,TC_001837,BOM_001879,ITEM_001386,HVAC,0.192,1.0,1.0,0.192,,,,,,,,False,0.192,True,0.0,True,0.0,True,0.0,True,0.0,True,0.0,0.0,0.0,0.0,False,local
1904,1905,PBS_GROUP_0038,TC_001838,BOM_001880,ITEM_001386,HVAC,0.0,1.0,1.0,0.0,,,,,,,,False,0.0,True,0.0,True,0.0,True,0.0,True,0.0,True,0.0,0.0,0.0,0.0,False,local
1905,1906,PBS_GROUP_0038,TC_001839,BOM_001881,ITEM_001386,HVAC,0.054,0.1188,0.9698,0.0062214609599999995,,,,,,,,False,0.0062214609599999995,True,0.0,True,0.0,True,0.0,True,0.0,True,0.0,0.0,0.0,0.0,False,local
1906,1907,PBS_GROUP_0038,TC_001840,BOM_001882,ITEM_001386,HVAC,0.07,1.0,1.0,0.07,,,,,,,,False,0.07,True,0.0,True,0.0,True,0.0,True,0.0,True,0.0,0.0,0.0,0.0,False,local
1907,1908,PBS_GROUP_0038,TC_001841,BOM_001883,ITEM_001386,HVAC,0.0,1.0,1.0,0.0,,,,,,,,False,0.0,True,0.0,True,0.0,True,0.0,True,0.0,True,0.0,0.0,0.0,0.0,False,local
1908,1909,PBS_GROUP_0038,TC_001842,BOM_001884,ITEM_001386,HVAC,0.0,1.0,1.0,0.0,,,,,,,,False,0.0,True,0.0,True,0.0,True,0.0,True,0.0,True,0.0,0.0,0.0,0.0,False,local
1909,1910,PBS_GROUP_0038,TC_001843,BOM_001885,ITEM_001386,HVAC,0.0,0.0,1.0,0.0,,,,,,,,False,0.0,True,0.0,True,0.0,True,0.0,True,0.0,True,0.0,0.0,0.0,0.0,False,local
1910,1911,PBS_GROUP_0038,TC_001844,BOM_001886,ITEM_001386,HVAC,0.03,1.0,1.0,0.03,,,,,,,,False,0.03,True,0.0,True,0.0,True,0.0,True,0.0,True,0.0,0.0,0.0,0.0,False,local
1911,1912,PBS_GROUP_0038,TC_001845,BOM_001887,ITEM_001386,HVAC,0.038,1.0,0.9528,0.0362064,,,,,,,,False,0.0362064,True,0.0,True,0.0,True,0.0,True,0.0,True,0.0,0.0,0.0,0.0,False,local
1912,1913,PBS_GROUP_0038,TC_001846,BOM_001888,ITEM_001386,HVAC,0.075,1.0,1.0,0.075,,,,,,,,False,0.075,True,0.0,True,0.0,True,0.0,True,0.0,True,0.0,0.0,0.0,0.0,False,local
1913,1914,PBS_GROUP_0038,TC_001847,BOM_001889,ITEM_001386,HVAC,0.017,1.0,1.0,0.017,,,,,,,,False,0.017,True,0.0,True,0.0,True,0.0,True,0.0,True,0.0,0.0,0.0,0.0,False,local
1914,1915,PBS_GROUP_0038,TC_001848,BOM_001890,ITEM_001386,HVAC,0.0,1.0,1.0,0.0,,,,,,,,False,0.0,True,0.0,True,0.0,True,0.0,True,0.0,True,0.0,0.0,0.0,0.0,False,local
1915,1916,PBS_GROUP_0038,TC_001849,BOM_001891,ITEM_001386,HVAC,0.1,1.0,1.0,0.1,,,,,,,,False,0.1,True,0.0,True,0.0,True,0.0,True,0.0,True,0.0,0.0,0.0,0.0,False,local
1916,1917,PBS_GROUP_0038,TC_001850,BOM_001892,ITEM_001386,HVAC,0.049,1.0,1.0,0.049,,,,,,,,False,0.049,True,0.0,True,0.0,True,0.0,True,0.0,True,0.0,0.0,0.0,0.0,False,local
1917,1918,PBS_GROUP_0038,TC_001851,BOM_001893,ITEM_001386,HVAC,0.0,1.0,1.0,0.0,,,,,,,,False,0.0,True,0.0,True,0.0,True,0.0,True,0.0,True,0.0,0.0,0.0,0.0,False,local
1918,1919,PBS_GROUP_0038,TC_001852,BOM_001894,ITEM_001386,HVAC,0.07,1.0,1.0,0.07,,,,,,,,False,0.07,True,0.0,True,0.0,True,0.0,True,0.0,True,0.0,0.0,0.0,0.0,False,local
1919,1920,PBS_GROUP_0038,TC_001853,BOM_001895,ITEM_001387,HVAC,0.034,1.0,1.0,0.034,,,,,,,,False,0.034,True,0.0,True,0.0,True,0.0,True,0.0,True,0.0,0.0,0.0,0.0,False,local
1920,1921,PBS_GROUP_0038,TC_001854,BOM_001896,ITEM_001387,HVAC,0.044,1.0,1.0,0.044,,,,,,,,False,0.044,True,0.0,True,0.0,True,0.0,True,0.0,True,0.0,0.0,0.0,0.0,False,local
1921,1922,PBS_GROUP_0038,TC_001855,BOM_001897,ITEM_001387,HVAC,0.071,1.0,1.0,0.071,,,,,,,,False,0.071,True,0.0,True,0.0,True,0.0,True,0.0,True,0.0,0.0,0.0,0.0,False,local
1922,1923,PBS_GROUP_0038,TC_001856,BOM_001898,ITEM_001387,HVAC,0.095,1.0,1.0,0.095,,,,,,,,False,0.095,True,0.0,True,0.0,True,0.0,True,0.0,True,0.0,0.0,0.0,0.0,False,local
1923,1924,PBS_GROUP_0038,TC_001857,BOM_001899,ITEM_001387,HVAC,0.032,0.9367,1.0,0.0299744,,,,,,,,False,0.0299744,True,0.0,True,0.0,True,0.0,True,0.0,True,0.0,0.0,0.0,0.0,False,local
1924,1925,PBS_GROUP_0038,TC_001858,BOM_001900,ITEM_001387,HVAC,0.0,1.0,1.0,0.0,,,,,,,,False,0.0,True,0.0,True,0.0,True,0.0,True,0.0,True,0.0,0.0,0.0,0.0,False,local
1925,1926,PBS_GROUP_0038,TC_001859,BOM_001901,ITEM_001388,HVAC,0.0,1.0,1.0,0.0,,,,,,,,False,0.0,True,0.0,True,0.0,True,0.0,True,0.0,True,0.0,0.0,0.0,0.0,False,local
1926,1927,PBS_GROUP_0038,TC_001860,BOM_001902,ITEM_001388,HVAC,0.124,1.0,1.0,0.124,,,,,,,,False,0.124,True,0.0,True,0.0,True,0.0,True,0.0,True,0.0,0.0,0.0,0.0,False,local
1927,1928,PBS_GROUP_0038,TC_001861,BOM_001903,ITEM_001388,HVAC,0.0,1.0,1.0,0.0,,,,,,,,False,0.0,True,0.0,True,0.0,True,0.0,True,0.0,True,0.0,0.0,0.0,0.0,False,local
1928,1929,PBS_GROUP_0038,TC_001862,BOM_001904,ITEM_001388,HVAC,0.0,0.9837,1.0,0.0,,,,,,,,False,0.0,True,0.0,True,0.0,True,0.0,True,0.0,True,0.0,0.0,0.0,0.0,False,local
1929,1930,PBS_GROUP_0038,TC_001863,BOM_001905,ITEM_001388,HVAC,0.0,1.0,1.0,0.0,,,,,,,,False,0.0,True,0.0,True,0.0,True,0.0,True,0.0,True,0.0,0.0,0.0,0.0,False,local
1930,1931,PBS_GROUP_0038,TC_001864,BOM_001906,ITEM_001388,HVAC,0.0,1.0,1.0,0.0,,,,,,,,False,0.0,True,0.0,True,0.0,True,0.0,True,0.0,True,0.0,0.0,0.0,0.0,False,local
1931,1932,PBS_GROUP_0038,TC_001865,BOM_001907,ITEM_001389,HVAC,0.026,1.0,1.0,0.026,,,,,,,,False,0.026,True,0.0,True,0.0,True,0.0,True,0.0,True,0.0,0.0,0.0,0.0,False,local
1932,1933,PBS_GROUP_0021,TC_001866,BOM_001908,ITEM_000687,HVAC,1.677,1.0,1.0,1.677,1.0,1.0,1.677,0.1,0.0,0.04,0.0,False,1.677,False,1.677,False,0.1,False,0.0,False,0.04,False,0.0,0.0,0.1,0.14,False,local
1932,1933,PBS_GROUP_0021,TC_001866,BOM_001908,ITEM_000687,FW,13.609,0.524,1.0,7.1311160000000005,0.0,1.0,0.0,0.0,0.0,0.08,0.05,False,7.1311160000000005,False,0.0,False,0.0,False,0.0,False,0.08,False,0.05,0.0,0.0,0.13,False,local
1933,1934,PBS_GROUP_0021,TC_001867,BOM_001909,ITEM_000687,HVAC,1.38,1.0,1.0,1.38,1.0,1.0,1.38,0.1,0.0,0.04,0.0,False,1.38,False,1.38,False,0.1,False,0.0,False,0.04,False,0.0,0.0,0.1,0.14,False,local
1933,1934,PBS_GROUP_0021,TC_001867,BOM_001909,ITEM_000687,FW,14.053,1.0,1.0,14.053,0.0439,1.0,0.6169267,0.0,0.0,0.08,0.05,False,14.053,False,0.6169267,False,0.0,False,0.0,False,0.08,False,0.05,0.0,0.0,0.13,False,local
1934,1935,PBS_GROUP_0021,TC_001868,BOM_001910,ITEM_000687,HVAC,1.375,1.0,1.0,1.375,1.0,1.0,1.375,0.1,0.0,0.04,0.0,False,1.375,False,1.375,False,0.1,False,0.0,False,0.04,False,0.0,0.0,0.1,0.14,False,local
1934,1935,PBS_GROUP_0021,TC_001868,BOM_001910,ITEM_000687,FW,15.277,1.0,1.0,15.277,0.2209,1.0,3.3746893,0.0,0.0,0.08,0.05,False,15.277,False,3.3746893,False,0.0,False,0.0,False,0.08,False,0.05,0.0,0.0,0.13,False,local
1935,1936,PBS_GROUP_0021,TC_001869,BOM_001911,ITEM_000688,HVAC,1.436,1.0,0.9826,1.4110136,1.0,1.0,1.436,0.1,0.0,0.04,0.0,False,1.4110136,False,1.436,False,0.1,False,0.0,False,0.04,False,0.0,0.0,0.1,0.14,False,local
1935,1936,PBS_GROUP_0021,TC_001869,BOM_001911,ITEM_000688,FW,13.109,0.7403,1.0,9.7045927,1.0,1.0,13.109,0.0,0.0,0.08,0.05,False,9.7045927,False,13.109,False,0.0,False,0.0,False,0.08,False,0.05,0.0,0.0,0.13,False,local
1936,1937,PBS_GROUP_0021,TC_001870,BOM_001912,ITEM_000688,HVAC,1.587,1.0,1.0,1.587,1.0,1.0,1.587,0.1,0.0,0.04,0.0,False,1.587,False,1.587,False,0.1,False,0.0,False,0.04,False,0.0,0.0,0.1,0.14,False,local
1936,1937,PBS_GROUP_0021,TC_001870,BOM_001912,ITEM_000688,FW,15.382,0.0968,0.9968,1.48421287168,1.0,1.0,15.382,0.0,0.0,0.08,0.05,False,1.48421287168,False,15.382,False,0.0,False,0.0,False,0.08,False,0.05,0.0,0.0,0.13,False,local
1937,1938,PBS_GROUP_0021,TC_001871,BOM_001913,ITEM_000688,HVAC,1.683,1.0,1.0,1.683,1.0,1.0,1.683,0.1,0.0,0.04,0.0,False,1.683,False,1.683,False,0.1,False,0.0,False,0.04,False,0.0,0.0,0.1,0.14,False,local
1937,1938,PBS_GROUP_0021,TC_001871,BOM_001913,ITEM_000688,FW,11.942,0.9857,1.0,11.771229400000001,0.0288,1.0,0.3439296,0.0,0.0,0.08,0.05,False,11.771229400000001,False,0.3439296,False,0.0,False,0.0,False,0.08,False,0.05,0.0,0.0,0.13,False,local
1938,1939,PBS_GROUP_SMALL,TC_001872,BOM_001914,ITEM_001390,HVAC,5.745,1.0,1.0,5.745,,,,0.1,0.0,0.04,0.0,False,5.745,True,0.0,False,0.1,False,0.0,False,0.04,False,0.0,0.0,0.1,0.14,False,local
1939,1940,PBS_GROUP_SMALL,TC_001873,BOM_001915,ITEM_001391,CW,1.008,1.0,1.0,1.008,1.0,1.0,1.008,0.1,0.0,0.04,0.0,False,1.008,False,1.008,False,0.1,False,0.0,False,0.04,False,0.0,0.0,0.1,0.14,False,local
1940,1941,PBS_GROUP_SMALL,TC_001874,BOM_001916,ITEM_001392,CW,5.762,0.9939,1.0,5.7268517999999995,1.0,0.0462,0.26620439999999995,0.1,0.0,0.04,0.0,False,5.7268517999999995,False,0.26620439999999995,False,0.1,False,0.0,False,0.04,False,0.0,0.0,0.1,0.14,False,local
1941,1942,PBS_GROUP_SMALL,TC_001875,BOM_001917,ITEM_001393,HVAC,0.138,1.0,1.0,0.138,1.0,1.0,0.138,0.1,0.15,0.1,0.0,False,0.138,False,0.138,False,0.1,False,0.15,False,0.1,False,0.0,0.15,0.25,0.35,False,local
1942,1943,PBS_GROUP_0034,,BOM_001918,ITEM_001394,FW,419.832,0.0416,1.0,17.4650112,1.0,1.0,419.832,0.0,0.0,0.0,0.0,False,17.4650112,False,419.832,False,0.0,False,0.0,False,0.0,False,0.0,0.0,0.0,0.0,False,local
1943,1944,PBS_GROUP_0025,,BOM_001919,ITEM_001043,HVAC,0.146,1.0,1.0,0.146,,,,0.1,0.0,0.04,0.0,False,0.146,True,0.0,False,0.1,False,0.0,False,0.04,False,0.0,0.0,0.1,0.14,False,local
1944,1945,PBS_GROUP_0025,,BOM_001920,ITEM_001043,HVAC,0.07,1.0,1.0,0.07,,,,0.1,0.0,0.04,0.0,False,0.07,True,0.0,False,0.1,False,0.0,False,0.04,False,0.0,0.0,0.1,0.14,False,local
1945,1946,PBS_GROUP_0025,,BOM_001921,ITEM_001043,HVAC,0.115,1.0,1.0,0.115,,,,0.1,0.0,0.04,0.0,False,0.115,True,0.0,False,0.1,False,0.0,False,0.04,False,0.0,0.0,0.1,0.14,False,local
1946,1947,PBS_GROUP_0025,,BOM_001922,ITEM_001043,HVAC,0.0,1.0,1.0,0.0,,,,0.1,0.0,0.04,0.0,False,0.0,True,0.0,False,0.1,False,0.0,False,0.04,False,0.0,0.0,0.1,0.14,False,local
1947,1948,PBS_GROUP_0025,,BOM_001923,ITEM_001043,HVAC,0.051,1.0,1.0,0.051,,,,0.1,0.0,0.04,0.0,False,0.051,True,0.0,False,0.1,False,0.0,False,0.04,False,0.0,0.0,0.1,0.14,False,local
1948,1949,PBS_GROUP_0025,,BOM_001924,ITEM_001043,HVAC,0.0,1.0,1.0,0.0,,,,0.1,0.0,0.04,0.0,False,0.0,True,0.0,False,0.1,False,0.0,False,0.04,False,0.0,0.0,0.1,0.14,False,local
1949,1950,PBS_GROUP_0025,,BOM_001925,ITEM_001043,HVAC,0.117,1.0,1.0,0.117,,,,0.1,0.0,0.04,0.0,False,0.117,True,0.0,False,0.1,False,0.0,False,0.04,False,0.0,0.0,0.1,0.14,False,local
1950,1951,PBS_GROUP_0025,,BOM_001926,ITEM_001043,HVAC,0.068,0.9425,1.0,0.06409000000000001,,,,0.1,0.0,0.04,0.0,False,0.06409000000000001,True,0.0,False,0.1,False,0.0,False,0.04,False,0.0,0.0,0.1,0.14,False,local
1951,1952,PBS_GROUP_0025,,BOM_001927,ITEM_001043,HVAC,0.051,1.0,1.0,0.051,,,,0.1,0.0,0.04,0.0,False,0.051,True,0.0,False,0.1,False,0.0,False,0.04,False,0.0,0.0,0.1,0.14,False,local
1952,1953,PBS_GROUP_0025,,BOM_001928,ITEM_001043,HVAC,0.024,1.0,1.0,0.024,,,,0.1,0.0,0.04,0.0,False,0.024,True,0.0,False,0.1,False,0.0,False,0.04,False,0.0,0.0,0.1,0.14,False,local
1953,1954,PBS_GROUP_0025,,BOM_001929,ITEM_001043,HVAC,0.0,1.0,1.0,0.0,,,,0.1,0.0,0.04,0.0,False,0.0,True,0.0,False,0.1,False,0.0,False,0.04,False,0.0,0.0,0.1,0.14,False,local
1954,1955,PBS_GROUP_0025,,BOM_001930,ITEM_001043,HVAC,0.024,1.0,1.0,0.024,,,,0.1,0.0,0.04,0.0,False,0.024,True,0.0,False,0.1,False,0.0,False,0.04,False,0.0,0.0,0.1,0.14,False,local
1955,1956,PBS_GROUP_0025,,BOM_001931,ITEM_001043,HVAC,0.095,1.0,1.0,0.095,,,,0.1,0.0,0.04,0.0,False,0.095,True,0.0,False,0.1,False,0.0,False,0.04,False,0.0,0.0,0.1,0.14,False,local
1956,1957,PBS_GROUP_0025,,BOM_001932,ITEM_001043,HVAC,0.119,1.0,1.0,0.119,,,,0.1,0.0,0.04,0.0,False,0.119,True,0.0,False,0.1,False,0.0,False,0.04,False,0.0,0.0,0.1,0.14,False,local
1957,1958,PBS_GROUP_0025,,BOM_001933,ITEM_001043,HVAC,0.0,1.0,1.0,0.0,,,,0.1,0.0,0.04,0.0,False,0.0,True,0.0,False,0.1,False,0.0,False,0.04,False,0.0,0.0,0.1,0.14,False,local
1958,1959,PBS_GROUP_0025,,BOM_001934,ITEM_001043,HVAC,0.0,1.0,1.0,0.0,,,,0.1,0.0,0.04,0.0,False,0.0,True,0.0,False,0.1,False,0.0,False,0.04,False,0.0,0.0,0.1,0.14,False,local
1959,1960,PBS_GROUP_0025,,BOM_001935,ITEM_001043,HVAC,0.0,1.0,1.0,0.0,,,,0.1,0.0,0.04,0.0,False,0.0,True,0.0,False,0.1,False,0.0,False,0.04,False,0.0,0.0,0.1,0.14,False,local
1960,1961,PBS_GROUP_0025,,BOM_001936,ITEM_001043,HVAC,0.036,1.0,1.0,0.036,,,,0.1,0.0,0.04,0.0,False,0.036,True,0.0,False,0.1,False,0.0,False,0.04,False,0.0,0.0,0.1,0.14,False,local
1961,1962,PBS_GROUP_0025,,BOM_001937,ITEM_001043,HVAC,0.156,1.0,1.0,0.156,,,,0.1,0.0,0.04,0.0,False,0.156,True,0.0,False,0.1,False,0.0,False,0.04,False,0.0,0.0,0.1,0.14,False,local
1962,1963,PBS_GROUP_0025,,BOM_001938,ITEM_001043,HVAC,0.0,1.0,1.0,0.0,,,,0.1,0.0,0.04,0.0,False,0.0,True,0.0,False,0.1,False,0.0,False,0.04,False,0.0,0.0,0.1,0.14,False,local
1963,1964,PBS_GROUP_0025,,BOM_001939,ITEM_001043,HVAC,0.01,1.0,1.0,0.01,,,,0.1,0.0,0.04,0.0,False,0.01,True,0.0,False,0.1,False,0.0,False,0.04,False,0.0,0.0,0.1,0.14,False,local
1964,1965,PBS_GROUP_0025,,BOM_001940,ITEM_001043,HVAC,0.077,0.0,1.0,0.0,,,,0.1,0.0,0.04,0.0,False,0.0,True,0.0,False,0.1,False,0.0,False,0.04,False,0.0,0.0,0.1,0.14,False,local
1965,1966,PBS_GROUP_0025,,BOM_001941,ITEM_001043,HVAC,0.06,1.0,1.0,0.06,,,,0.1,0.0,0.04,0.0,False,0.06,True,0.0,False,0.1,False,0.0,False,0.04,False,0.0,0.0,0.1,0.14,False,local
1966,1967,PBS_GROUP_0025,,BOM_001942,ITEM_001043,HVAC,0.023,1.0,1.0,0.023,,,,0.1,0.0,0.04,0.0,False,0.023,True,0.0,False,0.1,False,0.0,False,0.04,False,0.0,0.0,0.1,0.14,False,local
1967,1968,PBS_GROUP_0025,,BOM_001943,ITEM_001043,HVAC,0.038,1.0,1.0,0.038,,,,0.1,0.0,0.04,0.0,False,0.038,True,0.0,False,0.1,False,0.0,False,0.04,False,0.0,0.0,0.1,0.14,False,local
1968,1969,PBS_GROUP_0025,,BOM_001944,ITEM_001043,HVAC,0.012,0.7801,1.0,0.0093612,,,,0.1,0.0,0.04,0.0,False,0.0093612,True,0.0,False,0.1,False,0.0,False,0.04,False,0.0,0.0,0.1,0.14,False,local
1969,1970,PBS_GROUP_0025,,BOM_001945,ITEM_001043,HVAC,0.0,1.0,1.0,0.0,,,,0.1,0.0,0.04,0.0,False,0.0,True,0.0,False,0.1,False,0.0,False,0.04,False,0.0,0.0,0.1,0.14,False,local
1970,1971,PBS_GROUP_0025,,BOM_001946,ITEM_001043,HVAC,0.019,1.0,1.0,0.019,,,,0.1,0.0,0.04,0.0,False,0.019,True,0.0,False,0.1,False,0.0,False,0.04,False,0.0,0.0,0.1,0.14,False,local
1971,1972,PBS_GROUP_0025,,BOM_001947,ITEM_001043,HVAC,0.032,1.0,1.0,0.032,,,,0.1,0.0,0.04,0.0,False,0.032,True,0.0,False,0.1,False,0.0,False,0.04,False,0.0,0.0,0.1,0.14,False,local
1972,1973,PBS_GROUP_0025,,BOM_001948,ITEM_001043,HVAC,0.107,1.0,1.0,0.107,,,,0.1,0.0,0.04,0.0,False,0.107,True,0.0,False,0.1,False,0.0,False,0.04,False,0.0,0.0,0.1,0.14,False,local
1973,1974,PBS_GROUP_0025,,BOM_001949,ITEM_001043,HVAC,0.061,1.0,1.0,0.061,,,,0.1,0.0,0.04,0.0,False,0.061,True,0.0,False,0.1,False,0.0,False,0.04,False,0.0,0.0,0.1,0.14,False,local
1974,1975,PBS_GROUP_0025,,BOM_001950,ITEM_001043,HVAC,0.067,1.0,1.0,0.067,,,,0.1,0.0,0.04,0.0,False,0.067,True,0.0,False,0.1,False,0.0,False,0.04,False,0.0,0.0,0.1,0.14,False,local
1975,1976,PBS_GROUP_0025,,BOM_001951,ITEM_001043,HVAC,0.0,1.0,1.0,0.0,,,,0.1,0.0,0.04,0.0,False,0.0,True,0.0,False,0.1,False,0.0,False,0.04,False,0.0,0.0,0.1,0.14,False,local
1976,1977,PBS_GROUP_0025,,BOM_001952,ITEM_001043,HVAC,0.0,0.9589,1.0,0.0,,,,0.1,0.0,0.04,0.0,False,0.0,True,0.0,False,0.1,False,0.0,False,0.04,False,0.0,0.0,0.1,0.14,False,local
1977,1978,PBS_GROUP_0025,,BOM_001953,ITEM_001043,HVAC,0.0,1.0,1.0,0.0,,,,0.1,0.0,0.04,0.0,False,0.0,True,0.0,False,0.1,False,0.0,False,0.04,False,0.0,0.0,0.1,0.14,False,local
1978,1979,PBS_GROUP_0025,,BOM_001954,ITEM_001043,HVAC,0.0,1.0,1.0,0.0,,,,0.1,0.0,0.04,0.0,False,0.0,True,0.0,False,0.1,False,0.0,False,0.04,False,0.0,0.0,0.1,0.14,False,local
1979,1980,PBS_GROUP_0025,,BOM_001955,ITEM_001043,HVAC,0.095,1.0,1.0,0.095,,,,0.1,0.0,0.04,0.0,False,0.095,True,0.0,False,0.1,False,0.0,False,0.04,False,0.0,0.0,0.1,0.14,False,local
1980,1981,PBS_GROUP_0025,,BOM_001956,ITEM_001043,HVAC,0.098,1.0,1.0,0.098,,,,0.1,0.0,0.04,0.0,False,0.098,True,0.0,False,0.1,False,0.0,False,0.04,False,0.0,0.0,0.1,0.14,False,local
1981,1982,PBS_GROUP_0025,,BOM_001957,ITEM_001043,HVAC,0.0,1.0,1.0,0.0,,,,0.1,0.0,0.04,0.0,False,0.0,True,0.0,False,0.1,False,0.0,False,0.04,False,0.0,0.0,0.1,0.14,False,local
1982,1983,PBS_GROUP_0025,,BOM_001958,ITEM_001043,HVAC,0.0,1.0,1.0,0.0,,,,0.1,0.0,0.04,0.0,False,0.0,True,0.0,False,0.1,False,0.0,False,0.04,False,0.0,0.0,0.1,0.14,False,local
1983,1984,PBS_GROUP_0025,,BOM_001959,ITEM_001043,HVAC,0.095,1.0,1.0,0.095,,,,0.1,0.0,0.04,0.0,False,0.095,True,0.0,False,0.1,False,0.0,False,0.04,False,0.0,0.0,0.1,0.14,False,local
1984,1985,PBS_GROUP_0025,,BOM_001960,ITEM_001043,HVAC,0.0,1.0,1.0,0.0,,,,0.1,0.0,0.04,0.0,False,0.0,True,0.0,False,0.1,False,0.0,False,0.04,False,0.0,0.0,0.1,0.14,False,local
1985,1986,PBS_GROUP_0025,,BOM_001961,ITEM_001043,HVAC,0.027,0.9344,1.0,0.0252288,,,,0.1,0.0,0.04,0.0,False,0.0252288,True,0.0,False,0.1,False,0.0,False,0.04,False,0.0,0.0,0.1,0.14,False,local
1986,1987,PBS_GROUP_0025,,BOM_001962,ITEM_001043,HVAC,0.089,1.0,1.0,0.089,,,,0.1,0.0,0.04,0.0,False,0.089,True,0.0,False,0.1,False,0.0,False,0.04,False,0.0,0.0,0.1,0.14,False,local
1987,1988,PBS_GROUP_0025,,BOM_001963,ITEM_001043,HVAC,0.041,1.0,1.0,0.041,,,,0.1,0.0,0.04,0.0,False,0.041,True,0.0,False,0.1,False,0.0,False,0.04,False,0.0,0.0,0.1,0.14,False,local
1988,1989,PBS_GROUP_0025,,BOM_001964,ITEM_001043,HVAC,0.0,1.0,1.0,0.0,,,,0.1,0.0,0.04,0.0,False,0.0,True,0.0,False,0.1,False,0.0,False,0.04,False,0.0,0.0,0.1,0.14,False,local
1989,1990,PBS_GROUP_0025,,BOM_001965,ITEM_001043,HVAC,0.0,1.0,1.0,0.0,,,,0.1,0.0,0.04,0.0,False,0.0,True,0.0,False,0.1,False,0.0,False,0.04,False,0.0,0.0,0.1,0.14,False,local
1990,1991,PBS_GROUP_0025,,BOM_001966,ITEM_001043,HVAC,0.08,1.0,1.0,0.08,,,,0.1,0.0,0.04,0.0,False,0.08,True,0.0,False,0.1,False,0.0,False,0.04,False,0.0,0.0,0.1,0.14,False,local
1991,1992,PBS_GROUP_0025,,BOM_001967,ITEM_001043,HVAC,0.023,1.0,1.0,0.023,,,,0.1,0.0,0.04,0.0,False,0.023,True,0.0,False,0.1,False,0.0,False,0.04,False,0.0,0.0,0.1,0.14,False,local
1992,1993,PBS_GROUP_0025,,BOM_001968,ITEM_001043,HVAC,0.0,0.9309,1.0,0.0,,,,0.1,0.0,0.04,0.0,False,0.0,True,0.0,False,0.1,False,0.0,False,0.04,False,0.0,0.0,0.1,0.14,False,local
1993,1994,PBS_GROUP_0025,,BOM_001969,ITEM_001043,HVAC,0.102,1.0,1.0,0.102,,,,0.1,0.0,0.04,0.0,False,0.102,True,0.0,False,0.1,False,0.0,False,0.04,False,0.0,0.0,0.1,0.14,False,local
1994,1995,PBS_GROUP_0025,,BOM_001970,ITEM_001043,HVAC,0.0,1.0,0.9618,0.0,,,,0.1,0.0,0.04,0.0,False,0.0,True,0.0,False,0.1,False,0.0,False,0.04,False,0.0,0.0,0.1,0.14,False,local
1995,1996,PBS_GROUP_0025,,BOM_001971,ITEM_001043,HVAC,0.022,0.9591,0.0609,0.0012850021799999999,,,,0.1,0.0,0.04,0.0,False,0.0012850021799999999,True,0.0,False,0.1,False,0.0,False,0.04,False,0.0,0.0,0.1,0.14,False,local
1996,1997,PBS_GROUP_0025,,BOM_001972,ITEM_001043,HVAC,0.0,1.0,1.0,0.0,,,,0.1,0.0,0.04,0.0,False,0.0,True,0.0,False,0.1,False,0.0,False,0.04,False,0.0,0.0,0.1,0.14,False,local
1997,1998,PBS_GROUP_0025,,BOM_001973,ITEM_001043,HVAC,0.156,1.0,1.0,0.156,,,,0.1,0.0,0.04,0.0,False,0.156,True,0.0,False,0.1,False,0.0,False,0.04,False,0.0,0.0,0.1,0.14,False,local
1998,1999,PBS_GROUP_0025,,BOM_001974,ITEM_001043,HVAC,0.0,1.0,1.0,0.0,,,,0.1,0.0,0.04,0.0,False,0.0,True,0.0,False,0.1,False,0.0,False,0.04,False,0.0,0.0,0.1,0.14,False,local
1999,2000,PBS_GROUP_0025,,BOM_001975,ITEM_001043,HVAC,0.0,1.0,1.0,0.0,,,,0.1,0.0,0.04,0.0,False,0.0,True,0.0,False,0.1,False,0.0,False,0.04,False,0.0,0.0,0.1,0.14,False,local
2000,2001,PBS_GROUP_0025,,BOM_001976,ITEM_001043,HVAC,0.0,1.0,1.0,0.0,,,,0.1,0.0,0.04,0.0,False,0.0,True,0.0,False,0.1,False,0.0,False,0.04,False,0.0,0.0,0.1,0.14,False,local
2001,2002,PBS_GROUP_0025,,BOM_001977,ITEM_001043,HVAC,0.0,1.0,1.0,0.0,,,,0.1,0.0,0.04,0.0,False,0.0,True,0.0,False,0.1,False,0.0,False,0.04,False,0.0,0.0,0.1,0.14,False,local
2002,2003,PBS_GROUP_0025,,BOM_001978,ITEM_001043,HVAC,0.1,1.0,1.0,0.1,,,,0.1,0.0,0.04,0.0,False,0.1,True,0.0,False,0.1,False,0.0,False,0.04,False,0.0,0.0,0.1,0.14,False,local
2003,2004,PBS_GROUP_0025,,BOM_001979,ITEM_001043,HVAC,0.073,1.0,1.0,0.073,,,,0.1,0.0,0.04,0.0,False,0.073,True,0.0,False,0.1,False,0.0,False,0.04,False,0.0,0.0,0.1,0.14,False,local
2004,2005,PBS_GROUP_0025,,BOM_001980,ITEM_001043,HVAC,0.0,1.0,1.0,0.0,,,,0.1,0.0,0.04,0.0,False,0.0,True,0.0,False,0.1,False,0.0,False,0.04,False,0.0,0.0,0.1,0.14,False,local
2005,2006,PBS_GROUP_0041,,BOM_001981,ITEM_001395,HVAC,0.072,1.0,1.0,0.072,,,,0.1,0.0,0.04,0.0,False,0.072,True,0.0,False,0.1,False,0.0,False,0.04,False,0.0,0.0,0.1,0.14,False,local
2006,2007,PBS_GROUP_0041,,BOM_001982,ITEM_001395,HVAC,0.062,1.0,1.0,0.062,,,,0.1,0.0,0.04,0.0,False,0.062,True,0.0,False,0.1,False,0.0,False,0.04,False,0.0,0.0,0.1,0.14,False,local
2007,2008,PBS_GROUP_0041,,BOM_001983,ITEM_001395,HVAC,0.012,1.0,1.0,0.012,,,,0.1,0.0,0.04,0.0,False,0.012,True,0.0,False,0.1,False,0.0,False,0.04,False,0.0,0.0,0.1,0.14,False,local
2008,2009,PBS_GROUP_0041,,BOM_001984,ITEM_001395,HVAC,0.0,1.0,1.0,0.0,,,,0.1,0.0,0.04,0.0,False,0.0,True,0.0,False,0.1,False,0.0,False,0.04,False,0.0,0.0,0.1,0.14,False,local
2009,2010,PBS_GROUP_0041,,BOM_001985,ITEM_001395,HVAC,0.0,0.0,1.0,0.0,,,,0.1,0.0,0.04,0.0,False,0.0,True,0.0,False,0.1,False,0.0,False,0.04,False,0.0,0.0,0.1,0.14,False,local
2010,2011,PBS_GROUP_0041,,BOM_001986,ITEM_001395,HVAC,0.0,1.0,1.0,0.0,,,,0.1,0.0,0.04,0.0,False,0.0,True,0.0,False,0.1,False,0.0,False,0.04,False,0.0,0.0,0.1,0.14,False,local
2011,2012,PBS_GROUP_0041,,BOM_001987,ITEM_001395,HVAC,0.061,0.0,1.0,0.0,,,,0.1,0.0,0.04,0.0,False,0.0,True,0.0,False,0.1,False,0.0,False,0.04,False,0.0,0.0,0.1,0.14,False,local
2012,2013,PBS_GROUP_0041,,BOM_001988,ITEM_001395,HVAC,0.0,1.0,1.0,0.0,,,,0.1,0.0,0.04,0.0,False,0.0,True,0.0,False,0.1,False,0.0,False,0.04,False,0.0,0.0,0.1,0.14,False,local
2013,2014,PBS_GROUP_0032,,BOM_000027,ITEM_001396,HVAC,0.033,0.8074,0.2491,0.00663707022,,,,0.1,0.0,0.04,0.0,False,0.00663707022,True,0.0,False,0.1,False,0.0,False,0.04,False,0.0,0.0,0.1,0.14,False,local
2014,2015,PBS_GROUP_0042,,BOM_001989,ITEM_001397,HVAC,0.48,1.0,1.0,0.48,1.0,1.0,0.48,0.1,0.15,0.1,0.0,False,0.48,False,0.48,False,0.1,False,0.15,False,0.1,False,0.0,0.15,0.25,0.35,False,local
2015,2016,PBS_GROUP_0042,,BOM_001990,ITEM_001398,HVAC,0.528,1.0,1.0,0.528,1.0,1.0,0.528,0.1,0.15,0.1,0.0,False,0.528,False,0.528,False,0.1,False,0.15,False,0.1,False,0.0,0.15,0.25,0.35,False,local
2016,2017,PBS_GROUP_0027,,BOM_000027,ITEM_001399,HVAC,0.11,1.0,1.0,0.11,,,,0.1,0.0,0.04,0.0,False,0.11,True,0.0,False,0.1,False,0.0,False,0.04,False,0.0,0.0,0.1,0.14,False,local
2017,2018,PBS_GROUP_0027,,BOM_000027,ITEM_001400,HVAC,0.115,1.0,1.0,0.115,,,,0.1,0.0,0.04,0.0,False,0.115,True,0.0,False,0.1,False,0.0,False,0.04,False,0.0,0.0,0.1,0.14,False,local
2018,2019,PBS_GROUP_0027,,BOM_000027,ITEM_001401,HVAC,0.086,1.0,1.0,0.086,,,,0.1,0.0,0.04,0.0,False,0.086,True,0.0,False,0.1,False,0.0,False,0.04,False,0.0,0.0,0.1,0.14,False,local
2019,2020,PBS_GROUP_0027,,BOM_000027,ITEM_001402,HVAC,0.105,1.0,1.0,0.105,,,,0.1,0.0,0.04,0.0,False,0.105,True,0.0,False,0.1,False,0.0,False,0.04,False,0.0,0.0,0.1,0.14,False,local
2020,2021,PBS_GROUP_0027,,BOM_000027,ITEM_001403,HVAC,0.095,1.0,1.0,0.095,,,,0.1,0.0,0.04,0.0,False,0.095,True,0.0,False,0.1,False,0.0,False,0.04,False,0.0,0.0,0.1,0.14,False,local
2021,2022,,,BOM_000061,ITEM_001404,HVAC,10.506,1.0,1.0,10.506,,,,0.1,0.0,0.04,0.0,False,10.506,True,0.0,False,0.1,False,0.0,False,0.04,False,0.0,0.0,0.1,0.14,False,local
2022,2023,,,BOM_000061,ITEM_001405,HVAC,4.386,1.0,0.9988,4.3807368,,,,0.1,0.0,0.04,0.0,False,4.3807368,True,0.0,False,0.1,False,0.0,False,0.04,False,0.0,0.0,0.1,0.14,False,local
2023,2024,PBS_GROUP_0006,,BOM_000061,ITEM_001406,HVAC,1.031,1.0,0.9837,1.0141947,,,,0.1,0.0,0.04,0.0,False,1.0141947,True,0.0,False,0.1,False,0.0,False,0.04,False,0.0,0.0,0.1,0.14,False,local
2024,2025,,,BOM_000061,ITEM_001407,HVAC,0.914,1.0,1.0,0.914,,,,0.1,0.0,0.04,0.0,False,0.914,True,0.0,False,0.1,False,0.0,False,0.04,False,0.0,0.0,0.1,0.14,False,local
2025,2026,,,BOM_000061,ITEM_001408,HVAC,0.856,1.0,1.0,0.856,,,,0.1,0.0,0.04,0.0,False,0.856,True,0.0,False,0.1,False,0.0,False,0.04,False,0.0,0.0,0.1,0.14,False,local
2026,2027,,,BOM_000061,ITEM_000706,HVAC,0.354,1.0,1.0,0.354,,,,0.1,0.0,0.04,0.0,False,0.354,True,0.0,False,0.1,False,0.0,False,0.04,False,0.0,0.0,0.1,0.14,False,local
2027,2028,,,BOM_000061,ITEM_000707,HVAC,0.433,1.0,1.0,0.433,,,,0.1,0.0,0.04,0.0,False,0.433,True,0.0,False,0.1,False,0.0,False,0.04,False,0.0,0.0,0.1,0.14,False,local
2028,2029,,,BOM_000061,ITEM_001409,HVAC,0.588,1.0,1.0,0.588,,,,0.1,0.0,0.04,0.0,False,0.588,True,0.0,False,0.1,False,0.0,False,0.04,False,0.0,0.0,0.1,0.14,False,local
2029,2030,,,BOM_000061,ITEM_001410,HVAC,0.479,1.0,1.0,0.479,,,,0.1,0.0,0.04,0.0,False,0.479,True,0.0,False,0.1,False,0.0,False,0.04,False,0.0,0.0,0.1,0.14,False,local
2030,2031,,,BOM_000061,ITEM_001411,HVAC,0.546,1.0,1.0,0.546,,,,0.1,0.0,0.04,0.0,False,0.546,True,0.0,False,0.1,False,0.0,False,0.04,False,0.0,0.0,0.1,0.14,False,local
2031,2032,,,BOM_000061,ITEM_001412,HVAC,0.45,1.0,0.9968,0.44856,,,,0.1,0.0,0.04,0.0,False,0.44856,True,0.0,False,0.1,False,0.0,False,0.04,False,0.0,0.0,0.1,0.14,False,local
2032,2033,,,BOM_000061,ITEM_001413,HVAC,0.24,0.9648,1.0,0.23155199999999998,,,,0.1,0.0,0.04,0.0,False,0.23155199999999998,True,0.0,False,0.1,False,0.0,False,0.04,False,0.0,0.0,0.1,0.14,False,local
2033,2034,PBS_GROUP_0007,,BOM_000061,ITEM_001414,HVAC,0.011,1.0,1.0,0.011,,,,0.1,0.0,0.04,0.0,False,0.011,True,0.0,False,0.1,False,0.0,False,0.04,False,0.0,0.0,0.1,0.14,False,local
2034,2035,PBS_GROUP_0007,,BOM_000061,ITEM_001415,HVAC,0.003,1.0,1.0,0.003,,,,0.1,0.0,0.04,0.0,False,0.003,True,0.0,False,0.1,False,0.0,False,0.04,False,0.0,0.0,0.1,0.14,False,local
2035,2036,,,BOM_000061,ITEM_001416,HVAC,0.037,1.0,1.0,0.037,,,,0.1,0.0,0.04,0.0,False,0.037,True,0.0,False,0.1,False,0.0,False,0.04,False,0.0,0.0,0.1,0.14,False,local
2036,2037,,,BOM_000061,ITEM_001417,HVAC,0.0,1.0,1.0,0.0,,,,0.1,0.0,0.04,0.0,False,0.0,True,0.0,False,0.1,False,0.0,False,0.04,False,0.0,0.0,0.1,0.14,False,local
2037,2038,,,BOM_000061,ITEM_001418,HVAC,0.011,1.0,1.0,0.011,,,,0.1,0.0,0.04,0.0,False,0.011,True,0.0,False,0.1,False,0.0,False,0.04,False,0.0,0.0,0.1,0.14,False,local
2038,2039,,,BOM_000061,ITEM_001419,HVAC,0.072,1.0,1.0,0.072,,,,0.1,0.0,0.04,0.0,False,0.072,True,0.0,False,0.1,False,0.0,False,0.04,False,0.0,0.0,0.1,0.14,False,local
2039,2040,,,BOM_000061,ITEM_001420,HVAC,0.115,0.7399,1.0,0.0850885,,,,0.1,0.0,0.04,0.0,False,0.0850885,True,0.0,False,0.1,False,0.0,False,0.04,False,0.0,0.0,0.1,0.14,False,local
2040,2041,,,BOM_000061,ITEM_001421,HVAC,0.052,0.9835,1.0,0.051142,,,,0.1,0.0,0.04,0.0,False,0.051142,True,0.0,False,0.1,False,0.0,False,0.04,False,0.0,0.0,0.1,0.14,False,local
2041,2042,,,BOM_000061,ITEM_001422,HVAC,0.0,1.0,1.0,0.0,,,,0.1,0.0,0.04,0.0,False,0.0,True,0.0,False,0.1,False,0.0,False,0.04,False,0.0,0.0,0.1,0.14,False,local
2042,2043,PBS_GROUP_0010,,BOM_000061,ITEM_001423,HVAC,0.034,1.0,1.0,0.034,,,,0.1,0.0,0.04,0.0,False,0.034,True,0.0,False,0.1,False,0.0,False,0.04,False,0.0,0.0,0.1,0.14,False,local
2043,2044,PBS_GROUP_0010,,BOM_000061,ITEM_001424,HVAC,0.044,1.0,1.0,0.044,,,,0.1,0.0,0.04,0.0,False,0.044,True,0.0,False,0.1,False,0.0,False,0.04,False,0.0,0.0,0.1,0.14,False,local
2044,2045,PBS_GROUP_0007,,BOM_000061,ITEM_001425,HVAC,0.0,1.0,1.0,0.0,,,,0.1,0.0,0.04,0.0,False,0.0,True,0.0,False,0.1,False,0.0,False,0.04,False,0.0,0.0,0.1,0.14,False,local
2045,2046,PBS_GROUP_0007,,BOM_000061,ITEM_001426,HVAC,0.0,1.0,1.0,0.0,,,,0.1,0.0,0.04,0.0,False,0.0,True,0.0,False,0.1,False,0.0,False,0.04,False,0.0,0.0,0.1,0.14,False,local
2046,2047,PBS_GROUP_0007,,BOM_000061,ITEM_001426,HVAC,0.108,1.0,1.0,0.108,,,,0.1,0.0,0.04,0.0,False,0.108,True,0.0,False,0.1,False,0.0,False,0.04,False,0.0,0.0,0.1,0.14,False,local
2047,2048,PBS_GROUP_0007,,BOM_000061,ITEM_001426,HVAC,0.0,1.0,1.0,0.0,,,,0.1,0.0,0.04,0.0,False,0.0,True,0.0,False,0.1,False,0.0,False,0.04,False,0.0,0.0,0.1,0.14,False,local
2048,2049,PBS_GROUP_0007,,BOM_000061,ITEM_001427,HVAC,0.032,1.0,1.0,0.032,,,,0.1,0.0,0.04,0.0,False,0.032,True,0.0,False,0.1,False,0.0,False,0.04,False,0.0,0.0,0.1,0.14,False,local
2049,2050,PBS_GROUP_0007,,BOM_000061,ITEM_001428,HVAC,0.015,1.0,1.0,0.015,,,,0.1,0.0,0.04,0.0,False,0.015,True,0.0,False,0.1,False,0.0,False,0.04,False,0.0,0.0,0.1,0.14,False,local
2050,2051,PBS_GROUP_0007,,BOM_000061,ITEM_001428,HVAC,0.0,0.9889,1.0,0.0,,,,0.1,0.0,0.04,0.0,False,0.0,True,0.0,False,0.1,False,0.0,False,0.04,False,0.0,0.0,0.1,0.14,False,local
2051,2052,PBS_GROUP_0007,,BOM_000061,ITEM_001428,HVAC,0.0,1.0,1.0,0.0,,,,0.1,0.0,0.04,0.0,False,0.0,True,0.0,False,0.1,False,0.0,False,0.04,False,0.0,0.0,0.1,0.14,False,local
2052,2053,PBS_GROUP_0007,,BOM_000061,ITEM_001429,HVAC,0.0,1.0,1.0,0.0,,,,0.1,0.0,0.04,0.0,False,0.0,True,0.0,False,0.1,False,0.0,False,0.04,False,0.0,0.0,0.1,0.14,False,local
2053,2054,PBS_GROUP_0007,,BOM_000061,ITEM_001430,HVAC,0.0,1.0,1.0,0.0,,,,0.1,0.0,0.04,0.0,False,0.0,True,0.0,False,0.1,False,0.0,False,0.04,False,0.0,0.0,0.1,0.14,False,local
2054,2055,PBS_GROUP_0007,,BOM_000061,ITEM_001430,HVAC,0.0,1.0,1.0,0.0,,,,0.1,0.0,0.04,0.0,False,0.0,True,0.0,False,0.1,False,0.0,False,0.04,False,0.0,0.0,0.1,0.14,False,local
2055,2056,PBS_GROUP_0007,,BOM_000061,ITEM_001430,HVAC,0.088,1.0,1.0,0.088,,,,0.1,0.0,0.04,0.0,False,0.088,True,0.0,False,0.1,False,0.0,False,0.04,False,0.0,0.0,0.1,0.14,False,local
2056,2057,PBS_GROUP_0007,,BOM_000061,ITEM_001431,HVAC,0.0,1.0,1.0,0.0,,,,0.1,0.0,0.04,0.0,False,0.0,True,0.0,False,0.1,False,0.0,False,0.04,False,0.0,0.0,0.1,0.14,False,local
2057,2058,PBS_GROUP_0007,,BOM_000061,ITEM_001432,HVAC,0.008,1.0,1.0,0.008,,,,0.1,0.0,0.04,0.0,False,0.008,True,0.0,False,0.1,False,0.0,False,0.04,False,0.0,0.0,0.1,0.14,False,local
2058,2059,PBS_GROUP_0007,,BOM_000061,ITEM_001433,HVAC,0.0,1.0,1.0,0.0,,,,0.1,0.0,0.04,0.0,False,0.0,True,0.0,False,0.1,False,0.0,False,0.04,False,0.0,0.0,0.1,0.14,False,local
2059,2060,PBS_GROUP_0007,,BOM_000061,ITEM_001434,HVAC,0.043,1.0,0.9781,0.04205829999999999,,,,0.1,0.0,0.04,0.0,False,0.04205829999999999,True,0.0,False,0.1,False,0.0,False,0.04,False,0.0,0.0,0.1,0.14,False,local
2060,2061,PBS_GROUP_0009,,BOM_001992,ITEM_001435,HVAC,0.0,1.0,1.0,0.0,,,,0.1,0.0,0.04,0.0,False,0.0,True,0.0,False,0.1,False,0.0,False,0.04,False,0.0,0.0,0.1,0.14,False,local
2061,2062,PBS_GROUP_0001,,BOM_000646,ITEM_001436,HVAC,0.279,1.0,1.0,0.279,1.0,1.0,0.279,0.1,0.15,0.1,0.0,False,0.279,False,0.279,False,0.1,False,0.15,False,0.1,False,0.0,0.15,0.25,0.35,False,local
2062,2063,PBS_GROUP_0010,,BOM_001993,ITEM_001437,HVAC,0.078,1.0,1.0,0.078,,,,0.1,0.0,0.04,0.0,False,0.078,True,0.0,False,0.1,False,0.0,False,0.04,False,0.0,0.0,0.1,0.14,False,local
2063,2064,PBS_GROUP_0010,,BOM_001994,ITEM_001438,HVAC,0.079,1.0,1.0,0.079,,,,0.1,0.0,0.04,0.0,False,0.079,True,0.0,False,0.1,False,0.0,False,0.04,False,0.0,0.0,0.1,0.14,False,local
2064,2065,PBS_GROUP_0007,,BOM_000061,ITEM_001439,HVAC,0.0,0.9879,1.0,0.0,,,,0.1,0.0,0.04,0.0,False,0.0,True,0.0,False,0.1,False,0.0,False,0.04,False,0.0,0.0,0.1,0.14,False,local
2065,2066,PBS_GROUP_0007,,BOM_000061,ITEM_001440,HVAC,0.068,1.0,1.0,0.068,,,,0.1,0.0,0.04,0.0,False,0.068,True,0.0,False,0.1,False,0.0,False,0.04,False,0.0,0.0,0.1,0.14,False,local
2066,2067,PBS_GROUP_0007,,BOM_000061,ITEM_001441,HVAC,0.0,1.0,1.0,0.0,,,,0.1,0.0,0.04,0.0,False,0.0,True,0.0,False,0.1,False,0.0,False,0.04,False,0.0,0.0,0.1,0.14,False,local
2067,2068,PBS_GROUP_0007,,BOM_000061,ITEM_001442,HVAC,0.0,1.0,1.0,0.0,,,,0.1,0.0,0.04,0.0,False,0.0,True,0.0,False,0.1,False,0.0,False,0.04,False,0.0,0.0,0.1,0.14,False,local
2068,2069,PBS_GROUP_0007,,BOM_000061,ITEM_001443,HVAC,0.0,1.0,1.0,0.0,,,,0.1,0.0,0.04,0.0,False,0.0,True,0.0,False,0.1,False,0.0,False,0.04,False,0.0,0.0,0.1,0.14,False,local
2069,2070,PBS_GROUP_0007,,BOM_000061,ITEM_001400,HVAC,0.0,0.9685,1.0,0.0,,,,0.1,0.0,0.04,0.0,False,0.0,True,0.0,False,0.1,False,0.0,False,0.04,False,0.0,0.0,0.1,0.14,False,local
2070,2071,PBS_GROUP_0001,,BOM_000646,ITEM_001444,HVAC,0.38,1.0,1.0,0.38,1.0,1.0,0.38,0.1,0.15,0.1,0.0,False,0.38,False,0.38,False,0.1,False,0.15,False,0.1,False,0.0,0.15,0.25,0.35,False,local
2071,2072,PBS_GROUP_0015,,BOM_000061,ITEM_001445,HVAC,0.0,1.0,1.0,0.0,,,,0.1,0.0,0.04,0.0,False,0.0,True,0.0,False,0.1,False,0.0,False,0.04,False,0.0,0.0,0.1,0.14,False,local
2072,2073,PBS_GROUP_0015,,BOM_000061,ITEM_001446,HVAC,0.0,1.0,1.0,0.0,,,,0.1,0.0,0.04,0.0,False,0.0,True,0.0,False,0.1,False,0.0,False,0.04,False,0.0,0.0,0.1,0.14,False,local
2073,2074,PBS_GROUP_0015,,BOM_000061,ITEM_001447,HVAC,0.01,1.0,1.0,0.01,,,,0.1,0.0,0.04,0.0,False,0.01,True,0.0,False,0.1,False,0.0,False,0.04,False,0.0,0.0,0.1,0.14,False,local
2074,2075,PBS_GROUP_0015,,BOM_000061,ITEM_001448,HVAC,0.025,1.0,1.0,0.025,,,,0.1,0.0,0.04,0.0,False,0.025,True,0.0,False,0.1,False,0.0,False,0.04,False,0.0,0.0,0.1,0.14,False,local
2075,2076,PBS_GROUP_0015,,BOM_000061,ITEM_001449,HVAC,0.0,0.9799,1.0,0.0,,,,0.1,0.0,0.04,0.0,False,0.0,True,0.0,False,0.1,False,0.0,False,0.04,False,0.0,0.0,0.1,0.14,False,local
2076,2077,PBS_GROUP_0015,,BOM_000061,ITEM_001450,HVAC,0.014,1.0,1.0,0.014,,,,0.1,0.0,0.04,0.0,False,0.014,True,0.0,False,0.1,False,0.0,False,0.04,False,0.0,0.0,0.1,0.14,False,local
2077,2078,PBS_GROUP_0015,,BOM_000061,ITEM_001451,HVAC,0.0,1.0,1.0,0.0,,,,0.1,0.0,0.04,0.0,False,0.0,True,0.0,False,0.1,False,0.0,False,0.04,False,0.0,0.0,0.1,0.14,False,local
2078,2079,PBS_GROUP_0015,,BOM_000061,ITEM_001452,HVAC,0.103,1.0,1.0,0.103,,,,0.1,0.0,0.04,0.0,False,0.103,True,0.0,False,0.1,False,0.0,False,0.04,False,0.0,0.0,0.1,0.14,False,local
2079,2080,PBS_GROUP_0015,,BOM_000061,ITEM_001453,HVAC,0.036,1.0,1.0,0.036,,,,0.1,0.0,0.04,0.0,False,0.036,True,0.0,False,0.1,False,0.0,False,0.04,False,0.0,0.0,0.1,0.14,False,local
2080,2081,PBS_GROUP_0015,,BOM_000061,ITEM_001454,HVAC,0.027,1.0,1.0,0.027,,,,0.1,0.0,0.04,0.0,False,0.027,True,0.0,False,0.1,False,0.0,False,0.04,False,0.0,0.0,0.1,0.14,False,local
2081,2082,PBS_GROUP_0001,,BOM_000646,ITEM_001455,HVAC,0.252,1.0,1.0,0.252,1.0,1.0,0.252,0.1,0.15,0.1,0.0,False,0.252,False,0.252,False,0.1,False,0.15,False,0.1,False,0.0,0.15,0.25,0.35,False,local
2082,2083,PBS_GROUP_0023,,BOM_001995,ITEM_001456,HVAC,0.401,1.0,1.0,0.401,,,,0.1,0.0,0.04,0.0,False,0.401,True,0.0,False,0.1,False,0.0,False,0.04,False,0.0,0.0,0.1,0.14,False,local
2083,2084,PBS_GROUP_0023,,BOM_001996,ITEM_001457,HVAC,0.055,1.0,1.0,0.055,,,,0.1,0.0,0.04,0.0,False,0.055,True,0.0,False,0.1,False,0.0,False,0.04,False,0.0,0.0,0.1,0.14,False,local
2084,2085,PBS_GROUP_0023,,BOM_001997,ITEM_001458,HVAC,0.052,1.0,1.0,0.052,,,,0.1,0.0,0.04,0.0,False,0.052,True,0.0,False,0.1,False,0.0,False,0.04,False,0.0,0.0,0.1,0.14,False,local
2085,2086,PBS_GROUP_0023,,BOM_001998,ITEM_001459,HVAC,0.231,1.0,1.0,0.231,,,,0.1,0.0,0.04,0.0,False,0.231,True,0.0,False,0.1,False,0.0,False,0.04,False,0.0,0.0,0.1,0.14,False,local
2086,2087,PBS_GROUP_0023,,BOM_001999,ITEM_001460,HVAC,0.0,1.0,1.0,0.0,,,,0.1,0.0,0.04,0.0,False,0.0,True,0.0,False,0.1,False,0.0,False,0.04,False,0.0,0.0,0.1,0.14,False,local
2087,2088,PBS_GROUP_0023,,BOM_002000,ITEM_001461,HVAC,0.05,1.0,1.0,0.05,,,,0.1,0.0,0.04,0.0,False,0.05,True,0.0,False,0.1,False,0.0,False,0.04,False,0.0,0.0,0.1,0.14,False,local
2088,2089,PBS_GROUP_0023,,BOM_002001,ITEM_001462,HVAC,0.154,1.0,0.9714,0.1495956,,,,0.1,0.0,0.04,0.0,False,0.1495956,True,0.0,False,0.1,False,0.0,False,0.04,False,0.0,0.0,0.1,0.14,False,local
2089,2090,PBS_GROUP_0023,,BOM_002002,ITEM_001463,HVAC,0.079,1.0,1.0,0.079,,,,0.1,0.0,0.04,0.0,False,0.079,True,0.0,False,0.1,False,0.0,False,0.04,False,0.0,0.0,0.1,0.14,False,local
2090,2091,PBS_GROUP_0023,,BOM_002003,ITEM_001464,HVAC,0.146,1.0,1.0,0.146,,,,0.1,0.0,0.04,0.0,False,0.146,True,0.0,False,0.1,False,0.0,False,0.04,False,0.0,0.0,0.1,0.14,False,local
2091,2092,PBS_GROUP_0023,,BOM_002004,ITEM_001465,HVAC,0.036,1.0,1.0,0.036,,,,0.1,0.0,0.04,0.0,False,0.036,True,0.0,False,0.1,False,0.0,False,0.04,False,0.0,0.0,0.1,0.14,False,local
2092,2093,PBS_GROUP_0023,,BOM_002005,ITEM_001466,HVAC,0.092,1.0,1.0,0.092,,,,0.1,0.0,0.04,0.0,False,0.092,True,0.0,False,0.1,False,0.0,False,0.04,False,0.0,0.0,0.1,0.14,False,local
2093,2094,PBS_GROUP_0023,,BOM_002006,ITEM_001467,HVAC,0.056,0.7439,1.0,0.0416584,,,,0.1,0.0,0.04,0.0,False,0.0416584,True,0.0,False,0.1,False,0.0,False,0.04,False,0.0,0.0,0.1,0.14,False,local
2094,2095,PBS_GROUP_0023,,BOM_002007,ITEM_001468,HVAC,0.0,1.0,1.0,0.0,,,,0.1,0.0,0.04,0.0,False,0.0,True,0.0,False,0.1,False,0.0,False,0.04,False,0.0,0.0,0.1,0.14,False,local
2095,2096,PBS_GROUP_0023,,BOM_002008,ITEM_001469,HVAC,0.201,0.9946,1.0,0.19991460000000003,,,,0.1,0.0,0.04,0.0,False,0.19991460000000003,True,0.0,False,0.1,False,0.0,False,0.04,False,0.0,0.0,0.1,0.14,False,local
2096,2097,PBS_GROUP_0023,,BOM_002009,ITEM_001470,HVAC,0.026,0.9681,1.0,0.025170599999999998,,,,0.1,0.0,0.04,0.0,False,0.025170599999999998,True,0.0,False,0.1,False,0.0,False,0.04,False,0.0,0.0,0.1,0.14,False,local
2097,2098,PBS_GROUP_0023,,BOM_002010,ITEM_001471,HVAC,0.103,1.0,1.0,0.103,,,,0.1,0.0,0.04,0.0,False,0.103,True,0.0,False,0.1,False,0.0,False,0.04,False,0.0,0.0,0.1,0.14,False,local
2098,2099,PBS_GROUP_0023,,BOM_002011,ITEM_001113,HVAC,0.02,1.0,1.0,0.02,,,,0.1,0.0,0.04,0.0,False,0.02,True,0.0,False,0.1,False,0.0,False,0.04,False,0.0,0.0,0.1,0.14,False,local
2099,2100,PBS_GROUP_0023,,BOM_002012,ITEM_001472,HVAC,0.0,1.0,1.0,0.0,,,,0.1,0.0,0.04,0.0,False,0.0,True,0.0,False,0.1,False,0.0,False,0.04,False,0.0,0.0,0.1,0.14,False,local
2100,2101,PBS_GROUP_0023,,BOM_002013,ITEM_001473,HVAC,0.076,0.8028,1.0,0.06101279999999999,,,,0.1,0.0,0.04,0.0,False,0.06101279999999999,True,0.0,False,0.1,False,0.0,False,0.04,False,0.0,0.0,0.1,0.14,False,local
2101,2102,PBS_GROUP_0023,,BOM_002014,ITEM_001474,HVAC,0.0,1.0,1.0,0.0,,,,0.1,0.0,0.04,0.0,False,0.0,True,0.0,False,0.1,False,0.0,False,0.04,False,0.0,0.0,0.1,0.14,False,local
2102,2103,PBS_GROUP_0023,,BOM_002015,ITEM_001475,HVAC,0.051,1.0,1.0,0.051,,,,0.1,0.0,0.04,0.0,False,0.051,True,0.0,False,0.1,False,0.0,False,0.04,False,0.0,0.0,0.1,0.14,False,local
2103,2104,PBS_GROUP_0023,,BOM_002016,ITEM_001476,HVAC,0.07,1.0,1.0,0.07,,,,0.1,0.0,0.04,0.0,False,0.07,True,0.0,False,0.1,False,0.0,False,0.04,False,0.0,0.0,0.1,0.14,False,local
2104,2105,PBS_GROUP_0023,,BOM_002017,ITEM_001477,HVAC,0.032,1.0,1.0,0.032,,,,0.1,0.0,0.04,0.0,False,0.032,True,0.0,False,0.1,False,0.0,False,0.04,False,0.0,0.0,0.1,0.14,False,local
2105,2106,PBS_GROUP_0023,,BOM_002018,ITEM_001478,HVAC,0.101,1.0,1.0,0.101,,,,0.1,0.0,0.04,0.0,False,0.101,True,0.0,False,0.1,False,0.0,False,0.04,False,0.0,0.0,0.1,0.14,False,local
2106,2107,PBS_GROUP_0023,,BOM_002019,ITEM_001479,HVAC,0.0,1.0,1.0,0.0,,,,0.1,0.0,0.04,0.0,False,0.0,True,0.0,False,0.1,False,0.0,False,0.04,False,0.0,0.0,0.1,0.14,False,local
2107,2108,PBS_GROUP_0023,,BOM_002020,ITEM_001480,HVAC,0.0,1.0,1.0,0.0,,,,0.1,0.0,0.04,0.0,False,0.0,True,0.0,False,0.1,False,0.0,False,0.04,False,0.0,0.0,0.1,0.14,False,local
2108,2109,PBS_GROUP_0023,,BOM_002021,ITEM_001481,HVAC,0.0,1.0,1.0,0.0,,,,0.1,0.0,0.04,0.0,False,0.0,True,0.0,False,0.1,False,0.0,False,0.04,False,0.0,0.0,0.1,0.14,False,local
2109,2110,PBS_GROUP_0023,,BOM_002022,ITEM_001482,HVAC,0.064,1.0,1.0,0.064,,,,0.1,0.0,0.04,0.0,False,0.064,True,0.0,False,0.1,False,0.0,False,0.04,False,0.0,0.0,0.1,0.14,False,local
2110,2111,PBS_GROUP_0023,,BOM_002023,ITEM_001483,HVAC,0.245,1.0,1.0,0.245,,,,0.1,0.0,0.04,0.0,False,0.245,True,0.0,False,0.1,False,0.0,False,0.04,False,0.0,0.0,0.1,0.14,False,local
2111,2112,PBS_GROUP_0023,,BOM_002024,ITEM_001484,HVAC,0.0,1.0,1.0,0.0,,,,0.1,0.0,0.04,0.0,False,0.0,True,0.0,False,0.1,False,0.0,False,0.04,False,0.0,0.0,0.1,0.14,False,local
2112,2113,PBS_GROUP_0023,,BOM_002025,ITEM_001485,HVAC,0.057,1.0,1.0,0.057,,,,0.1,0.0,0.04,0.0,False,0.057,True,0.0,False,0.1,False,0.0,False,0.04,False,0.0,0.0,0.1,0.14,False,local
2113,2114,PBS_GROUP_0023,,BOM_002026,ITEM_001486,HVAC,0.0,1.0,1.0,0.0,,,,0.1,0.0,0.04,0.0,False,0.0,True,0.0,False,0.1,False,0.0,False,0.04,False,0.0,0.0,0.1,0.14,False,local
2114,2115,PBS_GROUP_0023,,BOM_002027,ITEM_001487,HVAC,0.022,1.0,1.0,0.022,,,,0.1,0.0,0.04,0.0,False,0.022,True,0.0,False,0.1,False,0.0,False,0.04,False,0.0,0.0,0.1,0.14,False,local
2115,2116,PBS_GROUP_0023,,BOM_002028,ITEM_001488,HVAC,0.003,1.0,1.0,0.003,,,,0.1,0.0,0.04,0.0,False,0.003,True,0.0,False,0.1,False,0.0,False,0.04,False,0.0,0.0,0.1,0.14,False,local
2116,2117,PBS_GROUP_0023,,BOM_002029,ITEM_001489,HVAC,0.253,1.0,1.0,0.253,,,,0.1,0.0,0.04,0.0,False,0.253,True,0.0,False,0.1,False,0.0,False,0.04,False,0.0,0.0,0.1,0.14,False,local
2117,2118,PBS_GROUP_0005,,BOM_000061,ITEM_001490,HVAC,0.05,1.0,0.9736,0.04868,,,,0.1,0.0,0.04,0.0,False,0.04868,True,0.0,False,0.1,False,0.0,False,0.04,False,0.0,0.0,0.1,0.14,False,local
2118,2119,PBS_GROUP_0005,,BOM_000061,ITEM_001491,HVAC,0.0,1.0,1.0,0.0,,,,0.1,0.0,0.04,0.0,False,0.0,True,0.0,False,0.1,False,0.0,False,0.04,False,0.0,0.0,0.1,0.14,False,local
2119,2120,PBS_GROUP_0033,,,ITEM_001492,HVAC,1.065,1.0,1.0,1.065,,,,0.1,0.0,0.04,0.0,False,1.065,True,0.0,False,0.1,False,0.0,False,0.04,False,0.0,0.0,0.1,0.14,False,local
2120,2121,PBS_GROUP_0033,,,ITEM_001493,HVAC,0.975,1.0,1.0,0.975,,,,0.1,0.0,0.04,0.0,False,0.975,True,0.0,False,0.1,False,0.0,False,0.04,False,0.0,0.0,0.1,0.14,False,local
2121,2122,PBS_GROUP_0033,,,ITEM_001494,HVAC,0.716,1.0,1.0,0.716,,,,0.1,0.0,0.04,0.0,False,0.716,True,0.0,False,0.1,False,0.0,False,0.04,False,0.0,0.0,0.1,0.14,False,local
2122,2123,PBS_GROUP_0033,,,ITEM_001495,HVAC,0.747,1.0,1.0,0.747,,,,0.1,0.0,0.04,0.0,False,0.747,True,0.0,False,0.1,False,0.0,False,0.04,False,0.0,0.0,0.1,0.14,False,local
2123,2124,PBS_GROUP_0033,,,ITEM_001496,HVAC,0.108,1.0,1.0,0.108,,,,0.1,0.0,0.04,0.0,False,0.108,True,0.0,False,0.1,False,0.0,False,0.04,False,0.0,0.0,0.1,0.14,False,local
2124,2125,PBS_GROUP_0033,,,ITEM_001497,HVAC,0.021,1.0,1.0,0.021,,,,0.1,0.0,0.04,0.0,False,0.021,True,0.0,False,0.1,False,0.0,False,0.04,False,0.0,0.0,0.1,0.14,False,local
2125,2126,PBS_GROUP_0033,,,ITEM_001498,HVAC,0.017,1.0,0.9577,0.0162809,,,,0.1,0.0,0.04,0.0,False,0.0162809,True,0.0,False,0.1,False,0.0,False,0.04,False,0.0,0.0,0.1,0.14,False,local
2126,2127,PBS_GROUP_0033,,,ITEM_001499,HVAC,0.0,1.0,1.0,0.0,,,,0.1,0.0,0.04,0.0,False,0.0,True,0.0,False,0.1,False,0.0,False,0.04,False,0.0,0.0,0.1,0.14,False,local
2127,2128,PBS_GROUP_0033,,,ITEM_001500,HVAC,0.082,1.0,1.0,0.082,,,,0.1,0.0,0.04,0.0,False,0.082,True,0.0,False,0.1,False,0.0,False,0.04,False,0.0,0.0,0.1,0.14,False,local
2128,2129,PBS_GROUP_0033,,,ITEM_001501,HVAC,0.061,0.9735,1.0,0.0593835,,,,0.1,0.0,0.04,0.0,False,0.0593835,True,0.0,False,0.1,False,0.0,False,0.04,False,0.0,0.0,0.1,0.14,False,local
2129,2130,PBS_GROUP_0033,,,ITEM_001502,HVAC,0.0,1.0,1.0,0.0,,,,0.1,0.0,0.04,0.0,False,0.0,True,0.0,False,0.1,False,0.0,False,0.04,False,0.0,0.0,0.1,0.14,False,local
2130,2131,PBS_GROUP_0033,,,ITEM_001503,HVAC,0.058,1.0,1.0,0.058,,,,0.1,0.0,0.04,0.0,False,0.058,True,0.0,False,0.1,False,0.0,False,0.04,False,0.0,0.0,0.1,0.14,False,local
2131,2132,PBS_GROUP_0033,,,ITEM_001504,HVAC,0.017,1.0,1.0,0.017,,,,0.1,0.0,0.04,0.0,False,0.017,True,0.0,False,0.1,False,0.0,False,0.04,False,0.0,0.0,0.1,0.14,False,local
2132,2133,PBS_GROUP_0033,,,ITEM_001505,HVAC,0.0,1.0,1.0,0.0,,,,0.1,0.0,0.04,0.0,False,0.0,True,0.0,False,0.1,False,0.0,False,0.04,False,0.0,0.0,0.1,0.14,False,local
2133,2134,PBS_GROUP_0033,,,ITEM_001506,HVAC,0.0,1.0,1.0,0.0,,,,0.1,0.0,0.04,0.0,False,0.0,True,0.0,False,0.1,False,0.0,False,0.04,False,0.0,0.0,0.1,0.14,False,local
2134,2135,PBS_GROUP_0033,,,ITEM_001507,HVAC,0.002,1.0,1.0,0.002,,,,0.1,0.0,0.04,0.0,False,0.002,True,0.0,False,0.1,False,0.0,False,0.04,False,0.0,0.0,0.1,0.14,False,local
2135,2136,PBS_GROUP_0033,,,ITEM_001508,HVAC,0.0,1.0,1.0,0.0,,,,0.1,0.0,0.04,0.0,False,0.0,True,0.0,False,0.1,False,0.0,False,0.04,False,0.0,0.0,0.1,0.14,False,local
2136,2137,PBS_GROUP_0033,,,ITEM_001509,HVAC,0.133,1.0,1.0,0.133,,,,0.1,0.0,0.04,0.0,False,0.133,True,0.0,False,0.1,False,0.0,False,0.04,False,0.0,0.0,0.1,0.14,False,local
2137,2138,PBS_GROUP_0033,,,ITEM_001510,HVAC,0.061,1.0,1.0,0.061,,,,0.1,0.0,0.04,0.0,False,0.061,True,0.0,False,0.1,False,0.0,False,0.04,False,0.0,0.0,0.1,0.14,False,local
2138,2139,PBS_GROUP_0033,,,ITEM_001511,HVAC,0.025,1.0,0.9613,0.024032500000000002,,,,0.1,0.0,0.04,0.0,False,0.024032500000000002,True,0.0,False,0.1,False,0.0,False,0.04,False,0.0,0.0,0.1,0.14,False,local
2139,2140,PBS_GROUP_0033,,,ITEM_001512,HVAC,0.0,1.0,1.0,0.0,,,,0.1,0.0,0.04,0.0,False,0.0,True,0.0,False,0.1,False,0.0,False,0.04,False,0.0,0.0,0.1,0.14,False,local
2140,2141,PBS_GROUP_0033,,,ITEM_001513,HVAC,0.0,1.0,1.0,0.0,,,,0.1,0.0,0.04,0.0,False,0.0,True,0.0,False,0.1,False,0.0,False,0.04,False,0.0,0.0,0.1,0.14,False,local
2141,2142,PBS_GROUP_0033,,,ITEM_001514,HVAC,0.053,1.0,1.0,0.053,,,,0.1,0.0,0.04,0.0,False,0.053,True,0.0,False,0.1,False,0.0,False,0.04,False,0.0,0.0,0.1,0.14,False,local
2142,2143,PBS_GROUP_0033,,,ITEM_001515,HVAC,0.014,0.9839,1.0,0.0137746,,,,0.1,0.0,0.04,0.0,False,0.0137746,True,0.0,False,0.1,False,0.0,False,0.04,False,0.0,0.0,0.1,0.14,False,local
2143,2144,PBS_GROUP_0033,,,ITEM_001516,HVAC,0.0,1.0,1.0,0.0,,,,0.1,0.0,0.04,0.0,False,0.0,True,0.0,False,0.1,False,0.0,False,0.04,False,0.0,0.0,0.1,0.14,False,local
2144,2145,PBS_GROUP_0033,,,ITEM_001517,HVAC,0.731,1.0,1.0,0.731,,,,0.1,0.0,0.04,0.0,False,0.731,True,0.0,False,0.1,False,0.0,False,0.04,False,0.0,0.0,0.1,0.14,False,local
2145,2146,PBS_GROUP_0033,,,ITEM_001518,HVAC,0.067,1.0,1.0,0.067,,,,0.1,0.0,0.04,0.0,False,0.067,True,0.0,False,0.1,False,0.0,False,0.04,False,0.0,0.0,0.1,0.14,False,local
2146,2147,PBS_GROUP_0024,,BOM_002030,ITEM_001519,HVAC,0.009,1.0,1.0,0.009,,,,0.1,0.0,0.04,0.0,False,0.009,True,0.0,False,0.1,False,0.0,False,0.04,False,0.0,0.0,0.1,0.14,False,local
2147,2148,PBS_GROUP_0024,,BOM_002031,ITEM_001520,HVAC,0.0,1.0,1.0,0.0,,,,0.1,0.0,0.04,0.0,False,0.0,True,0.0,False,0.1,False,0.0,False,0.04,False,0.0,0.0,0.1,0.14,False,local
2148,2149,PBS_GROUP_0016,,BOM_002032,ITEM_001521,HVAC,0.083,0.7345,1.0,0.060963500000000004,,,,0.1,0.0,0.04,0.0,False,0.060963500000000004,True,0.0,False,0.1,False,0.0,False,0.04,False,0.0,0.0,0.1,0.14,False,local
2149,2150,PBS_GROUP_0016,,BOM_002033,ITEM_001522,HVAC,0.0,1.0,1.0,0.0,,,,0.1,0.0,0.04,0.0,False,0.0,True,0.0,False,0.1,False,0.0,False,0.04,False,0.0,0.0,0.1,0.14,False,local
2150,2151,,,BOM_002034,ITEM_001523,HVAC,0.104,1.0,1.0,0.104,1.0,1.0,0.104,0.1,0.15,0.1,0.0,False,0.104,False,0.104,False,0.1,False,0.15,False,0.1,False,0.0,0.15,0.25,0.35,False,local
2151,2152,PBS_GROUP_0016,,BOM_002035,ITEM_001524,HVAC,0.0,1.0,1.0,0.0,,,,0.1,0.0,0.04,0.0,False,0.0,True,0.0,False,0.1,False,0.0,False,0.04,False,0.0,0.0,0.1,0.14,False,local
2152,2153,,,BOM_002036,ITEM_001525,HVAC,0.14,1.0,1.0,0.14,1.0,1.0,0.14,0.1,0.15,0.1,0.0,False,0.14,False,0.14,False,0.1,False,0.15,False,0.1,False,0.0,0.15,0.25,0.35,False,local
2153,2154,,,BOM_002037,ITEM_001526,HVAC,0.275,1.0,1.0,0.275,1.0,1.0,0.275,0.1,0.15,0.1,0.0,False,0.275,False,0.275,False,0.1,False,0.15,False,0.1,False,0.0,0.15,0.25,0.35,False,local
2154,2155,,,BOM_002038,ITEM_001527,HVAC,0.195,1.0,1.0,0.195,0.9841,1.0,0.1918995,0.1,0.15,0.1,0.0,False,0.195,False,0.1918995,False,0.1,False,0.15,False,0.1,False,0.0,0.15,0.25,0.35,False,local
2155,2156,,,BOM_002039,ITEM_001528,HVAC,0.156,1.0,1.0,0.156,1.0,1.0,0.156,0.1,0.15,0.1,0.0,False,0.156,False,0.156,False,0.1,False,0.15,False,0.1,False,0.0,0.15,0.25,0.35,False,local
2156,2157,PBS_GROUP_0016,,BOM_002040,ITEM_001529,HVAC,0.122,1.0,1.0,0.122,,,,0.1,0.0,0.04,0.0,False,0.122,True,0.0,False,0.1,False,0.0,False,0.04,False,0.0,0.0,0.1,0.14,False,local
2157,2158,,,BOM_002041,ITEM_001530,HVAC,0.248,1.0,1.0,0.248,1.0,1.0,0.248,0.1,0.15,0.1,0.0,False,0.248,False,0.248,False,0.1,False,0.15,False,0.1,False,0.0,0.15,0.25,0.35,False,local
2158,2159,,,BOM_002042,ITEM_001531,HVAC,0.258,0.8131,1.0,0.20977980000000002,1.0,1.0,0.258,0.1,0.15,0.1,0.0,False,0.20977980000000002,False,0.258,False,0.1,False,0.15,False,0.1,False,0.0,0.15,0.25,0.35,False,local
2159,2160,,,BOM_002043,ITEM_001532,HVAC,0.081,1.0,1.0,0.081,1.0,1.0,0.081,0.1,0.15,0.1,0.0,False,0.081,False,0.081,False,0.1,False,0.15,False,0.1,False,0.0,0.15,0.25,0.35,False,local
2160,2161,,,BOM_002044,ITEM_001533,HVAC,0.181,1.0,1.0,0.181,1.0,1.0,0.181,0.1,0.15,0.1,0.0,False,0.181,False,0.181,False,0.1,False,0.15,False,0.1,False,0.0,0.15,0.25,0.35,False,local
2161,2162,,,BOM_002045,ITEM_001534,HVAC,0.347,1.0,1.0,0.347,1.0,1.0,0.347,0.1,0.15,0.1,0.0,False,0.347,False,0.347,False,0.1,False,0.15,False,0.1,False,0.0,0.15,0.25,0.35,False,local
2162,2163,,,BOM_002046,ITEM_001535,HVAC,0.263,1.0,1.0,0.263,1.0,1.0,0.263,0.1,0.15,0.1,0.0,False,0.263,False,0.263,False,0.1,False,0.15,False,0.1,False,0.0,0.15,0.25,0.35,False,local
2163,2164,,,BOM_002047,ITEM_001536,HVAC,0.074,1.0,1.0,0.074,1.0,1.0,0.074,0.1,0.15,0.1,0.0,False,0.074,False,0.074,False,0.1,False,0.15,False,0.1,False,0.0,0.15,0.25,0.35,False,local
2164,2165,,,BOM_002048,ITEM_001537,HVAC,0.143,0.987,1.0,0.141141,1.0,1.0,0.143,0.1,0.15,0.1,0.0,False,0.141141,False,0.143,False,0.1,False,0.15,False,0.1,False,0.0,0.15,0.25,0.35,False,local
2165,2166,,,BOM_002049,ITEM_001538,HVAC,0.187,1.0,1.0,0.187,1.0,1.0,0.187,0.1,0.15,0.1,0.0,False,0.187,False,0.187,False,0.1,False,0.15,False,0.1,False,0.0,0.15,0.25,0.35,False,local
2166,2167,,,BOM_002050,ITEM_001539,HVAC,0.268,1.0,1.0,0.268,1.0,1.0,0.268,0.1,0.15,0.1,0.0,False,0.268,False,0.268,False,0.1,False,0.15,False,0.1,False,0.0,0.15,0.25,0.35,False,local
2167,2168,,,BOM_002051,ITEM_001540,HVAC,0.202,1.0,1.0,0.202,1.0,1.0,0.202,0.1,0.15,0.1,0.0,False,0.202,False,0.202,False,0.1,False,0.15,False,0.1,False,0.0,0.15,0.25,0.35,False,local
2168,2169,,,BOM_002052,ITEM_001541,HVAC,0.193,1.0,1.0,0.193,1.0,1.0,0.193,0.1,0.15,0.1,0.0,False,0.193,False,0.193,False,0.1,False,0.15,False,0.1,False,0.0,0.15,0.25,0.35,False,local
2169,2170,,,BOM_002053,ITEM_001542,HVAC,0.113,1.0,1.0,0.113,1.0,1.0,0.113,0.1,0.15,0.1,0.0,False,0.113,False,0.113,False,0.1,False,0.15,False,0.1,False,0.0,0.15,0.25,0.35,False,local
2170,2171,,,BOM_002054,ITEM_001543,HVAC,0.229,1.0,1.0,0.229,1.0,1.0,0.229,0.1,0.15,0.1,0.0,False,0.229,False,0.229,False,0.1,False,0.15,False,0.1,False,0.0,0.15,0.25,0.35,False,local
2171,2172,,,BOM_002055,ITEM_001544,HVAC,0.262,1.0,1.0,0.262,1.0,1.0,0.262,0.1,0.15,0.1,0.0,False,0.262,False,0.262,False,0.1,False,0.15,False,0.1,False,0.0,0.15,0.25,0.35,False,local
2172,2173,,,BOM_002056,ITEM_001545,HVAC,0.18,0.0016,1.0,0.000288,1.0,0.9815,0.17667,0.1,0.15,0.1,0.0,False,0.000288,False,0.17667,False,0.1,False,0.15,False,0.1,False,0.0,0.15,0.25,0.35,False,local
2173,2174,,,BOM_002057,ITEM_001546,HVAC,0.255,1.0,1.0,0.255,1.0,1.0,0.255,0.1,0.15,0.1,0.0,False,0.255,False,0.255,False,0.1,False,0.15,False,0.1,False,0.0,0.15,0.25,0.35,False,local
2174,2175,,,BOM_002058,ITEM_001547,HVAC,0.265,1.0,1.0,0.265,1.0,1.0,0.265,0.1,0.15,0.1,0.0,False,0.265,False,0.265,False,0.1,False,0.15,False,0.1,False,0.0,0.15,0.25,0.35,False,local
2175,2176,,,BOM_002059,ITEM_001548,HVAC,0.149,0.9707,1.0,0.1446343,1.0,1.0,0.149,0.1,0.15,0.1,0.0,False,0.1446343,False,0.149,False,0.1,False,0.15,False,0.1,False,0.0,0.15,0.25,0.35,False,local
2176,2177,,,BOM_002060,ITEM_001549,HVAC,0.197,1.0,1.0,0.197,1.0,1.0,0.197,0.1,0.15,0.1,0.0,False,0.197,False,0.197,False,0.1,False,0.15,False,0.1,False,0.0,0.15,0.25,0.35,False,local
2177,2178,,,BOM_002061,ITEM_001550,HVAC,0.151,1.0,1.0,0.151,1.0,1.0,0.151,0.1,0.15,0.1,0.0,False,0.151,False,0.151,False,0.1,False,0.15,False,0.1,False,0.0,0.15,0.25,0.35,False,local
2178,2179,,,BOM_002062,ITEM_001551,HVAC,0.287,1.0,1.0,0.287,1.0,1.0,0.287,0.1,0.15,0.1,0.0,False,0.287,False,0.287,False,0.1,False,0.15,False,0.1,False,0.0,0.15,0.25,0.35,False,local
2179,2180,,,BOM_002063,ITEM_001552,HVAC,0.208,1.0,1.0,0.208,1.0,1.0,0.208,0.1,0.15,0.1,0.0,False,0.208,False,0.208,False,0.1,False,0.15,False,0.1,False,0.0,0.15,0.25,0.35,False,local
2180,2181,,,BOM_002064,ITEM_001553,HVAC,0.219,0.9868,1.0,0.2161092,0.026,1.0,0.005693999999999999,0.1,0.15,0.1,0.0,False,0.2161092,False,0.005693999999999999,False,0.1,False,0.15,False,0.1,False,0.0,0.15,0.25,0.35,False,local
2181,2182,,,BOM_002065,ITEM_001554,HVAC,0.277,1.0,1.0,0.277,1.0,1.0,0.277,0.1,0.15,0.1,0.0,False,0.277,False,0.277,False,0.1,False,0.15,False,0.1,False,0.0,0.15,0.25,0.35,False,local
2182,2183,,,BOM_002066,ITEM_001555,HVAC,0.178,1.0,1.0,0.178,1.0,1.0,0.178,0.1,0.15,0.1,0.0,False,0.178,False,0.178,False,0.1,False,0.15,False,0.1,False,0.0,0.15,0.25,0.35,False,local
2183,2184,,,BOM_002067,ITEM_001556,HVAC,0.354,1.0,1.0,0.354,1.0,1.0,0.354,0.1,0.15,0.1,0.0,False,0.354,False,0.354,False,0.1,False,0.15,False,0.1,False,0.0,0.15,0.25,0.35,False,local
2184,2185,,,BOM_002068,ITEM_001557,HVAC,0.202,0.9785,1.0,0.19765700000000003,1.0,1.0,0.202,0.1,0.15,0.1,0.0,False,0.19765700000000003,False,0.202,False,0.1,False,0.15,False,0.1,False,0.0,0.15,0.25,0.35,False,local
2185,2186,,,BOM_002069,ITEM_001558,HVAC,0.117,0.9281,1.0,0.10858770000000001,1.0,1.0,0.117,0.1,0.15,0.1,0.0,False,0.10858770000000001,False,0.117,False,0.1,False,0.15,False,0.1,False,0.0,0.15,0.25,0.35,False,local
2186,2187,,,BOM_002070,ITEM_001559,HVAC,0.244,1.0,1.0,0.244,1.0,1.0,0.244,0.1,0.15,0.1,0.0,False,0.244,False,0.244,False,0.1,False,0.15,False,0.1,False,0.0,0.15,0.25,0.35,False,local
2187,2188,,,BOM_002071,ITEM_001560,HVAC,0.236,1.0,1.0,0.236,1.0,1.0,0.236,0.1,0.15,0.1,0.0,False,0.236,False,0.236,False,0.1,False,0.15,False,0.1,False,0.0,0.15,0.25,0.35,False,local
2188,2189,,,BOM_002072,ITEM_001561,HVAC,0.144,1.0,1.0,0.144,1.0,1.0,0.144,0.1,0.15,0.1,0.0,False,0.144,False,0.144,False,0.1,False,0.15,False,0.1,False,0.0,0.15,0.25,0.35,False,local
2189,2190,,,BOM_002073,ITEM_001562,HVAC,0.266,1.0,1.0,0.266,1.0,1.0,0.266,0.1,0.15,0.1,0.0,False,0.266,False,0.266,False,0.1,False,0.15,False,0.1,False,0.0,0.15,0.25,0.35,False,local
2190,2191,,,BOM_002074,ITEM_001563,HVAC,0.351,1.0,1.0,0.351,1.0,1.0,0.351,0.1,0.15,0.1,0.0,False,0.351,False,0.351,False,0.1,False,0.15,False,0.1,False,0.0,0.15,0.25,0.35,False,local
2191,2192,,,BOM_002075,ITEM_001564,HVAC,0.161,1.0,1.0,0.161,1.0,1.0,0.161,0.1,0.15,0.1,0.0,False,0.161,False,0.161,False,0.1,False,0.15,False,0.1,False,0.0,0.15,0.25,0.35,False,local
2192,2193,,,BOM_002076,ITEM_001565,HVAC,0.31,1.0,1.0,0.31,1.0,1.0,0.31,0.1,0.15,0.1,0.0,False,0.31,False,0.31,False,0.1,False,0.15,False,0.1,False,0.0,0.15,0.25,0.35,False,local
2193,2194,,,BOM_002077,ITEM_001566,HVAC,0.098,1.0,1.0,0.098,1.0,1.0,0.098,0.1,0.15,0.1,0.0,False,0.098,False,0.098,False,0.1,False,0.15,False,0.1,False,0.0,0.15,0.25,0.35,False,local
2194,2195,,,BOM_002078,ITEM_001567,HVAC,0.17,1.0,1.0,0.17,1.0,1.0,0.17,0.1,0.15,0.1,0.0,False,0.17,False,0.17,False,0.1,False,0.15,False,0.1,False,0.0,0.15,0.25,0.35,False,local
2195,2196,,,BOM_002079,ITEM_001568,HVAC,0.13,0.0792,1.0,0.010296000000000001,1.0,1.0,0.13,0.1,0.15,0.1,0.0,False,0.010296000000000001,False,0.13,False,0.1,False,0.15,False,0.1,False,0.0,0.15,0.25,0.35,False,local
2196,2197,,,BOM_002080,ITEM_001569,HVAC,0.315,1.0,1.0,0.315,1.0,1.0,0.315,0.1,0.15,0.1,0.0,False,0.315,False,0.315,False,0.1,False,0.15,False,0.1,False,0.0,0.15,0.25,0.35,False,local
2197,2198,,,BOM_002081,ITEM_001570,HVAC,0.247,1.0,1.0,0.247,0.0,1.0,0.0,0.1,0.15,0.1,0.0,False,0.247,False,0.0,False,0.1,False,0.15,False,0.1,False,0.0,0.15,0.25,0.35,False,local
2198,2199,,,BOM_002082,ITEM_001571,HVAC,0.128,1.0,1.0,0.128,1.0,0.983,0.125824,0.1,0.15,0.1,0.0,False,0.128,False,0.125824,False,0.1,False,0.15,False,0.1,False,0.0,0.15,0.25,0.35,False,local
2199,2200,,,BOM_002083,ITEM_001572,HVAC,0.174,1.0,1.0,0.174,1.0,1.0,0.174,0.1,0.15,0.1,0.0,False,0.174,False,0.174,False,0.1,False,0.15,False,0.1,False,0.0,0.15,0.25,0.35,False,local
2200,2201,,,BOM_002084,ITEM_001573,HVAC,0.247,1.0,1.0,0.247,1.0,1.0,0.247,0.1,0.15,0.1,0.0,False,0.247,False,0.247,False,0.1,False,0.15,False,0.1,False,0.0,0.15,0.25,0.35,False,local
2201,2202,,,BOM_002085,ITEM_001574,HVAC,0.043,1.0,1.0,0.043,1.0,1.0,0.043,0.1,0.15,0.1,0.0,False,0.043,False,0.043,False,0.1,False,0.15,False,0.1,False,0.0,0.15,0.25,0.35,False,local
2202,2203,PBS_GROUP_0040,,BOM_002086,ITEM_001575,HVAC,0.063,1.0,1.0,0.063,,,,0.1,0.0,0.04,0.0,False,0.063,True,0.0,False,0.1,False,0.0,False,0.04,False,0.0,0.0,0.1,0.14,False,local
2203,2204,,,BOM_002087,ITEM_001576,HVAC,0.288,1.0,1.0,0.288,1.0,1.0,0.288,0.1,0.15,0.1,0.0,False,0.288,False,0.288,False,0.1,False,0.15,False,0.1,False,0.0,0.15,0.25,0.35,False,local
2204,2205,,,BOM_002088,ITEM_001577,HVAC,0.195,1.0,1.0,0.195,1.0,1.0,0.195,0.1,0.15,0.1,0.0,False,0.195,False,0.195,False,0.1,False,0.15,False,0.1,False,0.0,0.15,0.25,0.35,False,local
2205,2206,,,BOM_002089,ITEM_001578,HVAC,0.444,1.0,1.0,0.444,1.0,1.0,0.444,0.1,0.15,0.1,0.0,False,0.444,False,0.444,False,0.1,False,0.15,False,0.1,False,0.0,0.15,0.25,0.35,False,local
2206,2207,,,BOM_002090,ITEM_001579,HVAC,0.174,1.0,1.0,0.174,1.0,1.0,0.174,0.1,0.15,0.1,0.0,False,0.174,False,0.174,False,0.1,False,0.15,False,0.1,False,0.0,0.15,0.25,0.35,False,local
2207,2208,PBS_GROUP_0037,,BOM_002091,ITEM_001580,HVAC,0.062,1.0,1.0,0.062,,,,0.1,0.0,0.04,0.0,False,0.062,True,0.0,False,0.1,False,0.0,False,0.04,False,0.0,0.0,0.1,0.14,False,local
2208,2209,PBS_GROUP_0037,,BOM_002092,ITEM_001581,HVAC,0.051,1.0,1.0,0.051,,,,0.1,0.0,0.04,0.0,False,0.051,True,0.0,False,0.1,False,0.0,False,0.04,False,0.0,0.0,0.1,0.14,False,local
2209,2210,PBS_GROUP_0037,,BOM_002093,ITEM_001582,HVAC,0.027,1.0,1.0,0.027,,,,0.1,0.0,0.04,0.0,False,0.027,True,0.0,False,0.1,False,0.0,False,0.04,False,0.0,0.0,0.1,0.14,False,local
2210,2211,PBS_GROUP_0037,,BOM_002094,ITEM_001583,HVAC,0.0,1.0,1.0,0.0,,,,0.1,0.0,0.04,0.0,False,0.0,True,0.0,False,0.1,False,0.0,False,0.04,False,0.0,0.0,0.1,0.14,False,local
2211,2212,,,BOM_002095,ITEM_001584,HVAC,0.38,1.0,1.0,0.38,1.0,1.0,0.38,0.1,0.15,0.1,0.0,False,0.38,False,0.38,False,0.1,False,0.15,False,0.1,False,0.0,0.15,0.25,0.35,False,local
2212,2213,PBS_GROUP_0037,,BOM_002096,ITEM_001585,HVAC,0.0,1.0,1.0,0.0,,,,0.1,0.0,0.04,0.0,False,0.0,True,0.0,False,0.1,False,0.0,False,0.04,False,0.0,0.0,0.1,0.14,False,local
2213,2214,PBS_GROUP_0037,,BOM_002097,ITEM_001586,HVAC,0.0,1.0,1.0,0.0,,,,0.1,0.0,0.04,0.0,False,0.0,True,0.0,False,0.1,False,0.0,False,0.04,False,0.0,0.0,0.1,0.14,False,local
2214,2215,PBS_GROUP_0037,,BOM_002098,ITEM_001587,HVAC,0.0,1.0,1.0,0.0,,,,0.1,0.0,0.04,0.0,False,0.0,True,0.0,False,0.1,False,0.0,False,0.04,False,0.0,0.0,0.1,0.14,False,local
2215,2216,PBS_GROUP_0037,,BOM_002099,ITEM_001588,HVAC,0.008,1.0,1.0,0.008,,,,0.1,0.0,0.04,0.0,False,0.008,True,0.0,False,0.1,False,0.0,False,0.04,False,0.0,0.0,0.1,0.14,False,local
2216,2217,PBS_GROUP_0037,,BOM_002100,ITEM_001589,HVAC,0.003,0.9482,1.0,0.0028446,,,,0.1,0.0,0.04,0.0,False,0.0028446,True,0.0,False,0.1,False,0.0,False,0.04,False,0.0,0.0,0.1,0.14,False,local
2217,2218,,,BOM_002101,ITEM_001590,HVAC,0.269,1.0,1.0,0.269,1.0,1.0,0.269,0.1,0.15,0.1,0.0,False,0.269,False,0.269,False,0.1,False,0.15,False,0.1,False,0.0,0.15,0.25,0.35,False,local
2218,2219,,,BOM_002102,ITEM_001591,HVAC,0.255,1.0,1.0,0.255,1.0,1.0,0.255,0.1,0.15,0.1,0.0,False,0.255,False,0.255,False,0.1,False,0.15,False,0.1,False,0.0,0.15,0.25,0.35,False,local
2219,2220,,,BOM_002103,ITEM_001592,HVAC,0.107,1.0,1.0,0.107,1.0,1.0,0.107,0.1,0.15,0.1,0.0,False,0.107,False,0.107,False,0.1,False,0.15,False,0.1,False,0.0,0.15,0.25,0.35,False,local
2220,2221,PBS_GROUP_0014,,BOM_002104,ITEM_001593,HVAC,0.328,1.0,1.0,0.328,,,,0.1,0.0,0.04,0.0,False,0.328,True,0.0,False,0.1,False,0.0,False,0.04,False,0.0,0.0,0.1,0.14,False,local
2221,2222,PBS_GROUP_0043,,,ITEM_001594,HVAC,0.012,1.0,1.0,0.012,,,,0.1,0.0,0.04,0.0,False,0.012,True,0.0,False,0.1,False,0.0,False,0.04,False,0.0,0.0,0.1,0.14,False,local
2222,2223,PBS_GROUP_0043,,,ITEM_001595,HVAC,0.138,1.0,1.0,0.138,,,,0.1,0.0,0.04,0.0,False,0.138,True,0.0,False,0.1,False,0.0,False,0.04,False,0.0,0.0,0.1,0.14,False,local
2223,2224,PBS_GROUP_0043,,,ITEM_001596,HVAC,0.202,1.0,1.0,0.202,,,,0.1,0.0,0.04,0.0,False,0.202,True,0.0,False,0.1,False,0.0,False,0.04,False,0.0,0.0,0.1,0.14,False,local
2224,2225,PBS_GROUP_0043,,,ITEM_001597,HVAC,0.078,1.0,0.0736,0.0057408,,,,0.1,0.0,0.04,0.0,False,0.0057408,True,0.0,False,0.1,False,0.0,False,0.04,False,0.0,0.0,0.1,0.14,False,local
2225,2226,PBS_GROUP_0043,,,ITEM_001598,HVAC,0.14,1.0,1.0,0.14,,,,0.1,0.0,0.04,0.0,False,0.14,True,0.0,False,0.1,False,0.0,False,0.04,False,0.0,0.0,0.1,0.14,False,local
2226,2227,PBS_GROUP_0043,,,ITEM_001599,HVAC,0.0,1.0,1.0,0.0,,,,0.1,0.0,0.04,0.0,False,0.0,True,0.0,False,0.1,False,0.0,False,0.04,False,0.0,0.0,0.1,0.14,False,local
2227,2228,PBS_GROUP_0013,,BOM_002105,ITEM_001600,HVAC,0.138,0.9699,0.9914,0.13269512268,,,,0.1,0.0,0.04,0.0,False,0.13269512268,True,0.0,False,0.1,False,0.0,False,0.04,False,0.0,0.0,0.1,0.14,False,local
2228,2229,PBS_GROUP_0013,,BOM_002105,ITEM_001601,HVAC,0.04,1.0,1.0,0.04,,,,0.1,0.0,0.04,0.0,False,0.04,True,0.0,False,0.1,False,0.0,False,0.04,False,0.0,0.0,0.1,0.14,False,local
2229,2230,PBS_GROUP_0013,,BOM_002105,ITEM_001602,HVAC,0.023,1.0,1.0,0.023,,,,0.1,0.0,0.04,0.0,False,0.023,True,0.0,False,0.1,False,0.0,False,0.04,False,0.0,0.0,0.1,0.14,False,local
2230,2231,PBS_GROUP_0025,,BOM_002106,ITEM_000751,HVAC,0.114,1.0,1.0,0.114,1.0,1.0,0.114,0.1,0.0,0.04,0.0,False,0.114,False,0.114,False,0.1,False,0.0,False,0.04,False,0.0,0.0,0.1,0.14,False,local
2231,2232,PBS_GROUP_0012,,BOM_002107,ITEM_001603,HVAC,0.317,1.0,1.0,0.317,,,,0.1,0.0,0.04,0.0,False,0.317,True,0.0,False,0.1,False,0.0,False,0.04,False,0.0,0.0,0.1,0.14,False,local
2232,2233,PBS_GROUP_0012,,BOM_002107,ITEM_001604,HVAC,0.153,1.0,1.0,0.153,,,,0.1,0.0,0.04,0.0,False,0.153,True,0.0,False,0.1,False,0.0,False,0.04,False,0.0,0.0,0.1,0.14,False,local
2233,2234,PBS_GROUP_0012,,BOM_002107,ITEM_001605,HVAC,0.139,1.0,1.0,0.139,,,,0.1,0.0,0.04,0.0,False,0.139,True,0.0,False,0.1,False,0.0,False,0.04,False,0.0,0.0,0.1,0.14,False,local
2234,2235,PBS_GROUP_0012,,BOM_002108,ITEM_001606,HVAC,0.22,1.0,1.0,0.22,,,,0.1,0.0,0.04,0.0,False,0.22,True,0.0,False,0.1,False,0.0,False,0.04,False,0.0,0.0,0.1,0.14,False,local
2235,2236,PBS_GROUP_0025,,BOM_002109,ITEM_000751,HVAC,0.153,1.0,1.0,0.153,1.0,1.0,0.153,0.1,0.0,0.04,0.0,False,0.153,False,0.153,False,0.1,False,0.0,False,0.04,False,0.0,0.0,0.1,0.14,False,local
2236,2237,PBS_GROUP_SMALL,,,ITEM_001607,HVAC,177.035,1.0,1.0,177.035,,,,,,,,False,177.035,True,0.0,True,0.0,True,0.0,True,0.0,True,0.0,0.0,0.0,0.0,False,local
2237,2238,PBS_GROUP_0008,,,ITEM_001608,HVAC,13.838,1.0,1.0,13.838,,,,,,,,False,13.838,True,0.0,True,0.0,True,0.0,True,0.0,True,0.0,0.0,0.0,0.0,False,local
2238,2239,PBS_GROUP_0008,,,ITEM_001609,HVAC,22.306,0.0,1.0,0.0,,,,,,,,False,0.0,True,0.0,True,0.0,True,0.0,True,0.0,True,0.0,0.0,0.0,0.0,False,local
2239,2240,PBS_GROUP_0006,,,ITEM_001610,HVAC,9.615,1.0,1.0,9.615,,,,,,,,False,9.615,True,0.0,True,0.0,True,0.0,True,0.0,True,0.0,0.0,0.0,0.0,False,local
2240,2241,PBS_GROUP_0006,,,ITEM_001610,HVAC,9.846,1.0,1.0,9.846,,,,,,,,False,9.846,True,0.0,True,0.0,True,0.0,True,0.0,True,0.0,0.0,0.0,0.0,False,local
2241,2242,PBS_GROUP_0003,,,ITEM_001611,HVAC,10.025,1.0,1.0,10.025,,,,,,,,False,10.025,True,0.0,True,0.0,True,0.0,True,0.0,True,0.0,0.0,0.0,0.0,False,local
2242,2243,PBS_GROUP_0009,,,ITEM_001612,HVAC,2.65,1.0,1.0,2.65,,,,,,,,False,2.65,True,0.0,True,0.0,True,0.0,True,0.0,True,0.0,0.0,0.0,0.0,False,local
2243,2244,PBS_GROUP_0010,,,ITEM_001613,HVAC,1.16,1.0,1.0,1.16,,,,,,,,False,1.16,True,0.0,True,0.0,True,0.0,True,0.0,True,0.0,0.0,0.0,0.0,False,local
2244,2245,PBS_GROUP_0033,,,ITEM_001614,HVAC,0.155,1.0,1.0,0.155,,,,,,,,False,0.155,True,0.0,True,0.0,True,0.0,True,0.0,True,0.0,0.0,0.0,0.0,False,local
2245,2246,PBS_GROUP_0033,,,ITEM_001615,HVAC,1.288,1.0,1.0,1.288,,,,,,,,False,1.288,True,0.0,True,0.0,True,0.0,True,0.0,True,0.0,0.0,0.0,0.0,False,local
2246,2247,PBS_GROUP_0033,,,ITEM_001616,HVAC,1.2,1.0,1.0,1.2,,,,,,,,False,1.2,True,0.0,True,0.0,True,0.0,True,0.0,True,0.0,0.0,0.0,0.0,False,local
2247,2248,PBS_GROUP_0033,,,ITEM_001617,HVAC,0.683,1.0,1.0,0.683,,,,,,,,False,0.683,True,0.0,True,0.0,True,0.0,True,0.0,True,0.0,0.0,0.0,0.0,False,local
2248,2249,PBS_GROUP_0025,,BOM_002110,ITEM_000751,HVAC,0.138,1.0,1.0,0.138,1.0,1.0,0.138,0.1,0.0,0.04,0.0,False,0.138,False,0.138,False,0.1,False,0.0,False,0.04,False,0.0,0.0,0.1,0.14,False,local
2249,2250,PBS_GROUP_0033,,,ITEM_001618,HVAC,0.766,1.0,1.0,0.766,,,,,,,,False,0.766,True,0.0,True,0.0,True,0.0,True,0.0,True,0.0,0.0,0.0,0.0,False,local
2250,2251,PBS_GROUP_0033,,,ITEM_001619,HVAC,0.806,1.0,1.0,0.806,,,,,,,,False,0.806,True,0.0,True,0.0,True,0.0,True,0.0,True,0.0,0.0,0.0,0.0,False,local
2251,2252,PBS_GROUP_0033,,,ITEM_001620,HVAC,0.753,1.0,1.0,0.753,,,,,,,,False,0.753,True,0.0,True,0.0,True,0.0,True,0.0,True,0.0,0.0,0.0,0.0,False,local
2252,2253,PBS_GROUP_0033,,,ITEM_001621,HVAC,0.948,1.0,1.0,0.948,,,,,,,,False,0.948,True,0.0,True,0.0,True,0.0,True,0.0,True,0.0,0.0,0.0,0.0,False,local
2253,2254,PBS_GROUP_0033,,,ITEM_001622,HVAC,0.702,1.0,1.0,0.702,,,,,,,,False,0.702,True,0.0,True,0.0,True,0.0,True,0.0,True,0.0,0.0,0.0,0.0,False,local
2254,2255,PBS_GROUP_0033,,,ITEM_001623,HVAC,0.268,1.0,1.0,0.268,,,,,,,,False,0.268,True,0.0,True,0.0,True,0.0,True,0.0,True,0.0,0.0,0.0,0.0,False,local
2255,2256,PBS_GROUP_0033,,,ITEM_001624,HVAC,0.209,0.9936,1.0,0.2076624,,,,,,,,False,0.2076624,True,0.0,True,0.0,True,0.0,True,0.0,True,0.0,0.0,0.0,0.0,False,local
2256,2257,PBS_GROUP_0033,,,ITEM_001625,HVAC,0.261,1.0,1.0,0.261,,,,,,,,False,0.261,True,0.0,True,0.0,True,0.0,True,0.0,True,0.0,0.0,0.0,0.0,False,local
2257,2258,PBS_GROUP_0033,,,ITEM_001626,HVAC,0.304,0.9741,0.9954,0.29476421855999996,,,,,,,,False,0.29476421855999996,True,0.0,True,0.0,True,0.0,True,0.0,True,0.0,0.0,0.0,0.0,False,local
2258,2259,PBS_GROUP_0005,,,ITEM_001627,HVAC,2.913,1.0,1.0,2.913,,,,,,,,False,2.913,True,0.0,True,0.0,True,0.0,True,0.0,True,0.0,0.0,0.0,0.0,False,local
2259,2260,PBS_GROUP_0005,,,ITEM_001628,HVAC,2.789,1.0,1.0,2.789,,,,,,,,False,2.789,True,0.0,True,0.0,True,0.0,True,0.0,True,0.0,0.0,0.0,0.0,False,local
2260,2261,PBS_GROUP_SMALL,,,ITEM_001629,HVAC,1.879,0.0,1.0,0.0,,,,,,,,False,0.0,True,0.0,True,0.0,True,0.0,True,0.0,True,0.0,0.0,0.0,0.0,False,local
2261,2262,PBS_GROUP_0044,,,ITEM_001630,HVAC,0.044,0.7981,1.0,0.0351164,,,,,,,,False,0.0351164,True,0.0,True,0.0,True,0.0,True,0.0,True,0.0,0.0,0.0,0.0,False,local
2262,2263,PBS_GROUP_0044,,,ITEM_001630,HVAC,0.152,1.0,1.0,0.152,,,,,,,,False,0.152,True,0.0,True,0.0,True,0.0,True,0.0,True,0.0,0.0,0.0,0.0,False,local
2263,2264,PBS_GROUP_0044,,,ITEM_001630,HVAC,0.243,1.0,1.0,0.243,,,,,,,,False,0.243,True,0.0,True,0.0,True,0.0,True,0.0,True,0.0,0.0,0.0,0.0,False,local
2264,2265,PBS_GROUP_0044,,,ITEM_001630,HVAC,0.366,1.0,1.0,0.366,,,,,,,,False,0.366,True,0.0,True,0.0,True,0.0,True,0.0,True,0.0,0.0,0.0,0.0,False,local
2265,2266,PBS_GROUP_0044,,,ITEM_001630,HVAC,0.255,1.0,1.0,0.255,,,,,,,,False,0.255,True,0.0,True,0.0,True,0.0,True,0.0,True,0.0,0.0,0.0,0.0,False,local
2266,2267,PBS_GROUP_0044,,,ITEM_001630,HVAC,0.284,1.0,1.0,0.284,,,,,,,,False,0.284,True,0.0,True,0.0,True,0.0,True,0.0,True,0.0,0.0,0.0,0.0,False,local
2267,2268,PBS_GROUP_0044,,,ITEM_001630,HVAC,0.077,1.0,1.0,0.077,,,,,,,,False,0.077,True,0.0,True,0.0,True,0.0,True,0.0,True,0.0,0.0,0.0,0.0,False,local
2268,2269,PBS_GROUP_0044,,,ITEM_001630,HVAC,0.161,1.0,1.0,0.161,,,,,,,,False,0.161,True,0.0,True,0.0,True,0.0,True,0.0,True,0.0,0.0,0.0,0.0,False,local
2269,2270,PBS_GROUP_0044,,,ITEM_001630,HVAC,0.029,1.0,1.0,0.029,,,,,,,,False,0.029,True,0.0,True,0.0,True,0.0,True,0.0,True,0.0,0.0,0.0,0.0,False,local
2270,2271,PBS_GROUP_0044,,,ITEM_001630,HVAC,0.248,1.0,1.0,0.248,,,,,,,,False,0.248,True,0.0,True,0.0,True,0.0,True,0.0,True,0.0,0.0,0.0,0.0,False,local
2271,2272,PBS_GROUP_0044,,,ITEM_001630,HVAC,0.393,1.0,1.0,0.393,,,,,,,,False,0.393,True,0.0,True,0.0,True,0.0,True,0.0,True,0.0,0.0,0.0,0.0,False,local
2272,2273,PBS_GROUP_0044,,,ITEM_001630,HVAC,0.113,0.9346,1.0,0.1056098,,,,,,,,False,0.1056098,True,0.0,True,0.0,True,0.0,True,0.0,True,0.0,0.0,0.0,0.0,False,local
2273,2274,PBS_GROUP_0044,,,ITEM_001630,HVAC,0.183,1.0,1.0,0.183,,,,,,,,False,0.183,True,0.0,True,0.0,True,0.0,True,0.0,True,0.0,0.0,0.0,0.0,False,local
2274,2275,PBS_GROUP_0044,,,ITEM_001630,HVAC,0.187,0.9608,1.0,0.17966959999999998,,,,,,,,False,0.17966959999999998,True,0.0,True,0.0,True,0.0,True,0.0,True,0.0,0.0,0.0,0.0,False,local
2275,2276,PBS_GROUP_0044,,,ITEM_001630,HVAC,0.269,1.0,1.0,0.269,,,,,,,,False,0.269,True,0.0,True,0.0,True,0.0,True,0.0,True,0.0,0.0,0.0,0.0,False,local
2276,2277,PBS_GROUP_0044,,,ITEM_001630,HVAC,0.2,1.0,1.0,0.2,,,,,,,,False,0.2,True,0.0,True,0.0,True,0.0,True,0.0,True,0.0,0.0,0.0,0.0,False,local
2277,2278,PBS_GROUP_0044,,,ITEM_001630,HVAC,0.168,1.0,1.0,0.168,,,,,,,,False,0.168,True,0.0,True,0.0,True,0.0,True,0.0,True,0.0,0.0,0.0,0.0,False,local
2278,2279,PBS_GROUP_0044,,,ITEM_001630,HVAC,0.354,1.0,1.0,0.354,,,,,,,,False,0.354,True,0.0,True,0.0,True,0.0,True,0.0,True,0.0,0.0,0.0,0.0,False,local
2279,2280,PBS_GROUP_0044,,,ITEM_001630,HVAC,0.103,1.0,1.0,0.103,,,,,,,,False,0.103,True,0.0,True,0.0,True,0.0,True,0.0,True,0.0,0.0,0.0,0.0,False,local
2280,2281,PBS_GROUP_0044,,,ITEM_001630,HVAC,0.189,1.0,1.0,0.189,,,,,,,,False,0.189,True,0.0,True,0.0,True,0.0,True,0.0,True,0.0,0.0,0.0,0.0,False,local
2281,2282,PBS_GROUP_0044,,,ITEM_001630,HVAC,0.094,0.7736,1.0,0.0727184,,,,,,,,False,0.0727184,True,0.0,True,0.0,True,0.0,True,0.0,True,0.0,0.0,0.0,0.0,False,local
2282,2283,PBS_GROUP_SMALL,,BOM_002111,ITEM_001631,HVAC,0.114,1.0,1.0,0.114,1.0,1.0,0.114,0.1,0.15,0.1,0.0,False,0.114,False,0.114,False,0.1,False,0.15,False,0.1,False,0.0,0.15,0.25,0.35,False,local
2283,2284,,,BOM_002112,ITEM_001632,HVAC,0.29,1.0,1.0,0.29,1.0,1.0,0.29,0.1,0.15,0.1,0.0,False,0.29,False,0.29,False,0.1,False,0.15,False,0.1,False,0.0,0.15,0.25,0.35,False,local
2284,2285,,,BOM_002113,ITEM_001633,HVAC,0.068,0.0,1.0,0.0,1.0,1.0,0.068,0.1,0.15,0.1,0.0,False,0.0,False,0.068,False,0.1,False,0.15,False,0.1,False,0.0,0.15,0.25,0.35,False,local
2285,2286,,,BOM_002114,ITEM_000025,HVAC,2.261,1.0,1.0,2.261,1.0,1.0,2.261,0.1,0.15,0.1,0.0,False,2.261,False,2.261,False,0.1,False,0.15,False,0.1,False,0.0,0.15,0.25,0.35,False,local
2286,2287,,,BOM_002115,ITEM_001634,HVAC,0.0,1.0,1.0,0.0,1.0,1.0,0.0,0.1,0.15,0.1,0.0,False,0.0,False,0.0,False,0.1,False,0.15,False,0.1,False,0.0,0.15,0.25,0.35,False,local
2287,2288,PBS_GROUP_SMALL,,BOM_002116,ITEM_001635,HVAC,0.239,1.0,1.0,0.239,1.0,1.0,0.239,0.1,0.15,0.1,0.0,False,0.239,False,0.239,False,0.1,False,0.15,False,0.1,False,0.0,0.15,0.25,0.35,False,local
2288,2289,PBS_GROUP_SMALL,,BOM_002116,ITEM_001636,HVAC,0.172,1.0,1.0,0.172,1.0,1.0,0.172,0.1,0.15,0.1,0.0,False,0.172,False,0.172,False,0.1,False,0.15,False,0.1,False,0.0,0.15,0.25,0.35,False,local
2289,2290,PBS_GROUP_SMALL,,BOM_002117,ITEM_001637,HVAC,0.195,1.0,1.0,0.195,1.0,1.0,0.195,0.1,0.15,0.1,0.0,False,0.195,False,0.195,False,0.1,False,0.15,False,0.1,False,0.0,0.15,0.25,0.35,False,local
2290,2291,PBS_GROUP_0042,,BOM_002118,ITEM_001638,HVAC,0.0,1.0,1.0,0.0,1.0,1.0,0.0,0.1,0.15,0.1,0.0,False,0.0,False,0.0,False,0.1,False,0.15,False,0.1,False,0.0,0.15,0.25,0.35,False,local
2291,2292,PBS_GROUP_0042,,BOM_002119,ITEM_001639,HVAC,0.204,1.0,1.0,0.204,1.0,1.0,0.204,0.1,0.15,0.1,0.0,False,0.204,False,0.204,False,0.1,False,0.15,False,0.1,False,0.0,0.15,0.25,0.35,False,local
2292,2293,,,BOM_002114,ITEM_000026,HVAC,2.156,1.0,1.0,2.156,1.0,1.0,2.156,0.1,0.15,0.1,0.0,False,2.156,False,2.156,False,0.1,False,0.15,False,0.1,False,0.0,0.15,0.25,0.35,False,local
2293,2294,,,BOM_002120,ITEM_001640,HVAC,0.019,1.0,1.0,0.019,1.0,1.0,0.019,0.1,0.15,0.1,0.0,False,0.019,False,0.019,False,0.1,False,0.15,False,0.1,False,0.0,0.15,0.25,0.35,False,local
2294,2295,,,BOM_002121,ITEM_001641,HVAC,0.154,1.0,1.0,0.154,1.0,1.0,0.154,0.1,0.15,0.1,0.0,False,0.154,False,0.154,False,0.1,False,0.15,False,0.1,False,0.0,0.15,0.25,0.35,False,local
2295,2296,,,BOM_002122,ITEM_001642,HVAC,0.012,1.0,1.0,0.012,1.0,1.0,0.012,0.1,0.15,0.1,0.0,False,0.012,False,0.012,False,0.1,False,0.15,False,0.1,False,0.0,0.15,0.25,0.35,False,local
2296,2297,,,BOM_002123,ITEM_001643,HVAC,0.157,1.0,1.0,0.157,1.0,1.0,0.157,0.1,0.15,0.1,0.0,False,0.157,False,0.157,False,0.1,False,0.15,False,0.1,False,0.0,0.15,0.25,0.35,False,local
2297,2298,,,BOM_002124,ITEM_001644,HVAC,0.011,1.0,1.0,0.011,1.0,0.9565,0.0105215,0.1,0.15,0.1,0.0,False,0.011,False,0.0105215,False,0.1,False,0.15,False,0.1,False,0.0,0.15,0.25,0.35,False,local
2298,2299,,,BOM_002125,ITEM_001645,HVAC,0.098,1.0,1.0,0.098,1.0,1.0,0.098,0.1,0.15,0.1,0.0,False,0.098,False,0.098,False,0.1,False,0.15,False,0.1,False,0.0,0.15,0.25,0.35,False,local
2299,2300,,,BOM_002126,ITEM_001646,HVAC,0.077,1.0,1.0,0.077,1.0,1.0,0.077,0.1,0.15,0.1,0.0,False,0.077,False,0.077,False,0.1,False,0.15,False,0.1,False,0.0,0.15,0.25,0.35,False,local
2300,2301,,,BOM_002127,ITEM_001647,HVAC,0.002,1.0,1.0,0.002,1.0,0.9855,0.001971,0.1,0.15,0.1,0.0,False,0.002,False,0.001971,False,0.1,False,0.15,False,0.1,False,0.0,0.15,0.25,0.35,False,local
2301,2302,,,BOM_002128,ITEM_001648,HVAC,0.05,1.0,1.0,0.05,1.0,1.0,0.05,0.1,0.15,0.1,0.0,False,0.05,False,0.05,False,0.1,False,0.15,False,0.1,False,0.0,0.15,0.25,0.35,False,local
2302,2303,,,BOM_002129,ITEM_001649,HVAC,0.0,0.9947,1.0,0.0,1.0,1.0,0.0,0.1,0.15,0.1,0.0,False,0.0,False,0.0,False,0.1,False,0.15,False,0.1,False,0.0,0.15,0.25,0.35,False,local
2303,2304,,,BOM_002130,ITEM_001650,HVAC,0.067,1.0,1.0,0.067,1.0,1.0,0.067,0.1,0.15,0.1,0.0,False,0.067,False,0.067,False,0.1,False,0.15,False,0.1,False,0.0,0.15,0.25,0.35,False,local
2304,2305,,,BOM_002131,ITEM_001651,HVAC,0.004,1.0,1.0,0.004,1.0,1.0,0.004,0.1,0.15,0.1,0.0,False,0.004,False,0.004,False,0.1,False,0.15,False,0.1,False,0.0,0.15,0.25,0.35,False,local
2305,2306,,,BOM_002132,ITEM_001652,HVAC,0.083,1.0,1.0,0.083,1.0,1.0,0.083,0.1,0.15,0.1,0.0,False,0.083,False,0.083,False,0.1,False,0.15,False,0.1,False,0.0,0.15,0.25,0.35,False,local
2306,2307,,,BOM_002133,ITEM_001653,HVAC,0.04,1.0,1.0,0.04,1.0,1.0,0.04,0.1,0.15,0.1,0.0,False,0.04,False,0.04,False,0.1,False,0.15,False,0.1,False,0.0,0.15,0.25,0.35,False,local
2307,2308,,,BOM_002134,ITEM_001654,HVAC,0.011,1.0,1.0,0.011,1.0,1.0,0.011,0.1,0.15,0.1,0.0,False,0.011,False,0.011,False,0.1,False,0.15,False,0.1,False,0.0,0.15,0.25,0.35,False,local
2308,2309,,,BOM_002135,ITEM_001655,HVAC,0.137,1.0,1.0,0.137,0.9518,1.0,0.1303966,0.1,0.15,0.1,0.0,False,0.137,False,0.1303966,False,0.1,False,0.15,False,0.1,False,0.0,0.15,0.25,0.35,False,local
2309,2310,,,BOM_002136,ITEM_001656,HVAC,0.027,1.0,1.0,0.027,1.0,1.0,0.027,0.1,0.15,0.1,0.0,False,0.027,False,0.027,False,0.1,False,0.15,False,0.1,False,0.0,0.15,0.25,0.35,False,local
2310,2311,,,BOM_002137,ITEM_001657,HVAC,0.223,1.0,1.0,0.223,0.932,1.0,0.20783600000000002,0.1,0.15,0.1,0.0,False,0.223,False,0.20783600000000002,False,0.1,False,0.15,False,0.1,False,0.0,0.15,0.25,0.35,False,local
2311,2312,,,BOM_002138,ITEM_001658,HVAC,0.204,1.0,1.0,0.204,1.0,1.0,0.204,0.1,0.15,0.1,0.0,False,0.204,False,0.204,False,0.1,False,0.15,False,0.1,False,0.0,0.15,0.25,0.35,False,local
2312,2313,,,BOM_002139,ITEM_001659,HVAC,0.105,1.0,1.0,0.105,1.0,1.0,0.105,0.1,0.15,0.1,0.0,False,0.105,False,0.105,False,0.1,False,0.15,False,0.1,False,0.0,0.15,0.25,0.35,False,local
2313,2314,,,BOM_002140,ITEM_001660,HVAC,0.091,1.0,1.0,0.091,1.0,1.0,0.091,0.1,0.15,0.1,0.0,False,0.091,False,0.091,False,0.1,False,0.15,False,0.1,False,0.0,0.15,0.25,0.35,False,local
2314,2315,,,BOM_002141,ITEM_001661,HVAC,0.282,1.0,1.0,0.282,1.0,1.0,0.282,0.1,0.15,0.1,0.0,False,0.282,False,0.282,False,0.1,False,0.15,False,0.1,False,0.0,0.15,0.25,0.35,False,local
2315,2316,,,BOM_002142,ITEM_001662,HVAC,0.0,1.0,1.0,0.0,1.0,1.0,0.0,0.1,0.15,0.1,0.0,False,0.0,False,0.0,False,0.1,False,0.15,False,0.1,False,0.0,0.15,0.25,0.35,False,local
2316,2317,,,BOM_002143,ITEM_001663,HVAC,0.0,0.9743,1.0,0.0,1.0,0.0,0.0,0.1,0.15,0.1,0.0,False,0.0,False,0.0,False,0.1,False,0.15,False,0.1,False,0.0,0.15,0.25,0.35,False,local
2317,2318,,,BOM_002144,ITEM_001664,HVAC,0.0,1.0,1.0,0.0,1.0,1.0,0.0,0.1,0.15,0.1,0.0,False,0.0,False,0.0,False,0.1,False,0.15,False,0.1,False,0.0,0.15,0.25,0.35,False,local
2318,2319,,,BOM_002145,ITEM_001665,HVAC,0.126,1.0,1.0,0.126,1.0,1.0,0.126,0.1,0.15,0.1,0.0,False,0.126,False,0.126,False,0.1,False,0.15,False,0.1,False,0.0,0.15,0.25,0.35,False,local
2319,2320,,,BOM_002146,ITEM_001666,HVAC,0.0,0.9181,1.0,0.0,1.0,1.0,0.0,0.1,0.15,0.1,0.0,False,0.0,False,0.0,False,0.1,False,0.15,False,0.1,False,0.0,0.15,0.25,0.35,False,local
2320,2321,,,BOM_002147,ITEM_001667,HVAC,0.087,1.0,1.0,0.087,1.0,1.0,0.087,0.1,0.15,0.1,0.0,False,0.087,False,0.087,False,0.1,False,0.15,False,0.1,False,0.0,0.15,0.25,0.35,False,local
2321,2322,,,BOM_002148,ITEM_001668,HVAC,0.237,1.0,1.0,0.237,1.0,1.0,0.237,0.1,0.15,0.1,0.0,False,0.237,False,0.237,False,0.1,False,0.15,False,0.1,False,0.0,0.15,0.25,0.35,False,local
2322,2323,,,BOM_002149,ITEM_001669,HVAC,0.165,1.0,1.0,0.165,1.0,1.0,0.165,0.1,0.15,0.1,0.0,False,0.165,False,0.165,False,0.1,False,0.15,False,0.1,False,0.0,0.15,0.25,0.35,False,local
2323,2324,,,BOM_002150,ITEM_001670,HVAC,0.079,1.0,1.0,0.079,1.0,1.0,0.079,0.1,0.15,0.1,0.0,False,0.079,False,0.079,False,0.1,False,0.15,False,0.1,False,0.0,0.15,0.25,0.35,False,local
2324,2325,,,BOM_002151,ITEM_001671,HVAC,0.0,1.0,1.0,0.0,1.0,1.0,0.0,0.1,0.15,0.1,0.0,False,0.0,False,0.0,False,0.1,False,0.15,False,0.1,False,0.0,0.15,0.25,0.35,False,local
2325,2326,,,BOM_002152,ITEM_001672,HVAC,0.126,1.0,1.0,0.126,1.0,1.0,0.126,0.1,0.15,0.1,0.0,False,0.126,False,0.126,False,0.1,False,0.15,False,0.1,False,0.0,0.15,0.25,0.35,False,local
2326,2327,,,BOM_002153,ITEM_001673,HVAC,0.096,1.0,1.0,0.096,1.0,1.0,0.096,0.1,0.15,0.1,0.0,False,0.096,False,0.096,False,0.1,False,0.15,False,0.1,False,0.0,0.15,0.25,0.35,False,local
2327,2328,,,BOM_002154,ITEM_001674,HVAC,0.0,1.0,1.0,0.0,1.0,1.0,0.0,0.1,0.15,0.1,0.0,False,0.0,False,0.0,False,0.1,False,0.15,False,0.1,False,0.0,0.15,0.25,0.35,False,local
2328,2329,,,BOM_002155,ITEM_001675,HVAC,0.0,1.0,1.0,0.0,1.0,1.0,0.0,0.1,0.15,0.1,0.0,False,0.0,False,0.0,False,0.1,False,0.15,False,0.1,False,0.0,0.15,0.25,0.35,False,local
2329,2330,,,BOM_002156,ITEM_001676,HVAC,0.105,1.0,1.0,0.105,1.0,1.0,0.105,0.1,0.15,0.1,0.0,False,0.105,False,0.105,False,0.1,False,0.15,False,0.1,False,0.0,0.15,0.25,0.35,False,local
2330,2331,,,BOM_002157,ITEM_001677,HVAC,0.135,1.0,1.0,0.135,1.0,1.0,0.135,0.1,0.15,0.1,0.0,False,0.135,False,0.135,False,0.1,False,0.15,False,0.1,False,0.0,0.15,0.25,0.35,False,local
2331,2332,,,BOM_002158,ITEM_001678,HVAC,0.106,1.0,1.0,0.106,1.0,1.0,0.106,0.1,0.15,0.1,0.0,False,0.106,False,0.106,False,0.1,False,0.15,False,0.1,False,0.0,0.15,0.25,0.35,False,local
2332,2333,,,BOM_002159,ITEM_001679,HVAC,0.241,1.0,1.0,0.241,1.0,1.0,0.241,0.1,0.15,0.1,0.0,False,0.241,False,0.241,False,0.1,False,0.15,False,0.1,False,0.0,0.15,0.25,0.35,False,local
2333,2334,,,BOM_002160,ITEM_001680,HVAC,0.078,1.0,1.0,0.078,1.0,1.0,0.078,0.1,0.15,0.1,0.0,False,0.078,False,0.078,False,0.1,False,0.15,False,0.1,False,0.0,0.15,0.25,0.35,False,local
2334,2335,,,BOM_002161,ITEM_001681,HVAC,0.078,1.0,1.0,0.078,1.0,1.0,0.078,0.1,0.15,0.1,0.0,False,0.078,False,0.078,False,0.1,False,0.15,False,0.1,False,0.0,0.15,0.25,0.35,False,local
2335,2336,,,BOM_002162,ITEM_001682,HVAC,0.065,0.9434,1.0,0.061321,1.0,1.0,0.065,0.1,0.15,0.1,0.0,False,0.061321,False,0.065,False,0.1,False,0.15,False,0.1,False,0.0,0.15,0.25,0.35,False,local
2336,2337,,,BOM_002163,ITEM_001683,HVAC,0.0,1.0,1.0,0.0,1.0,1.0,0.0,0.1,0.15,0.1,0.0,False,0.0,False,0.0,False,0.1,False,0.15,False,0.1,False,0.0,0.15,0.25,0.35,False,local
2337,2338,,,BOM_002164,ITEM_001684,HVAC,0.058,1.0,1.0,0.058,1.0,1.0,0.058,0.1,0.15,0.1,0.0,False,0.058,False,0.058,False,0.1,False,0.15,False,0.1,False,0.0,0.15,0.25,0.35,False,local
2338,2339,,,BOM_002165,ITEM_001685,HVAC,0.109,0.0179,1.0,0.0019510999999999999,1.0,1.0,0.109,0.1,0.15,0.1,0.0,False,0.0019510999999999999,False,0.109,False,0.1,False,0.15,False,0.1,False,0.0,0.15,0.25,0.35,False,local
2339,2340,,,BOM_002166,ITEM_001686,HVAC,0.093,1.0,1.0,0.093,1.0,1.0,0.093,0.1,0.15,0.1,0.0,False,0.093,False,0.093,False,0.1,False,0.15,False,0.1,False,0.0,0.15,0.25,0.35,False,local
2340,2341,,,BOM_002167,ITEM_001687,HVAC,0.129,1.0,1.0,0.129,1.0,1.0,0.129,0.1,0.15,0.1,0.0,False,0.129,False,0.129,False,0.1,False,0.15,False,0.1,False,0.0,0.15,0.25,0.35,False,local
2341,2342,,,BOM_002168,ITEM_001688,HVAC,0.064,1.0,1.0,0.064,1.0,1.0,0.064,0.1,0.15,0.1,0.0,False,0.064,False,0.064,False,0.1,False,0.15,False,0.1,False,0.0,0.15,0.25,0.35,False,local
2342,2343,,,BOM_002169,ITEM_001689,HVAC,0.119,1.0,1.0,0.119,1.0,1.0,0.119,0.1,0.15,0.1,0.0,False,0.119,False,0.119,False,0.1,False,0.15,False,0.1,False,0.0,0.15,0.25,0.35,False,local
2343,2344,,,BOM_002170,ITEM_001690,HVAC,0.102,0.984,1.0,0.100368,1.0,1.0,0.102,0.1,0.15,0.1,0.0,False,0.100368,False,0.102,False,0.1,False,0.15,False,0.1,False,0.0,0.15,0.25,0.35,False,local
2344,2345,,,BOM_002171,ITEM_001691,HVAC,0.103,1.0,1.0,0.103,1.0,1.0,0.103,0.1,0.15,0.1,0.0,False,0.103,False,0.103,False,0.1,False,0.15,False,0.1,False,0.0,0.15,0.25,0.35,False,local
2345,2346,,,BOM_002172,ITEM_001692,HVAC,0.129,1.0,1.0,0.129,1.0,1.0,0.129,0.1,0.15,0.1,0.0,False,0.129,False,0.129,False,0.1,False,0.15,False,0.1,False,0.0,0.15,0.25,0.35,False,local
2346,2347,,,BOM_002173,ITEM_001693,HVAC,0.0,1.0,1.0,0.0,1.0,1.0,0.0,0.1,0.15,0.1,0.0,False,0.0,False,0.0,False,0.1,False,0.15,False,0.1,False,0.0,0.15,0.25,0.35,False,local
2347,2348,,,BOM_002174,ITEM_001694,HVAC,0.074,1.0,1.0,0.074,1.0,1.0,0.074,0.1,0.15,0.1,0.0,False,0.074,False,0.074,False,0.1,False,0.15,False,0.1,False,0.0,0.15,0.25,0.35,False,local
2348,2349,,,BOM_002175,ITEM_001695,HVAC,0.007,1.0,1.0,0.007,1.0,1.0,0.007,0.1,0.15,0.1,0.0,False,0.007,False,0.007,False,0.1,False,0.15,False,0.1,False,0.0,0.15,0.25,0.35,False,local
2349,2350,,,BOM_002176,ITEM_001696,HVAC,0.035,1.0,0.9854,0.034489000000000006,1.0,1.0,0.035,0.1,0.15,0.1,0.0,False,0.034489000000000006,False,0.035,False,0.1,False,0.15,False,0.1,False,0.0,0.15,0.25,0.35,False,local
2350,2351,,,BOM_002177,ITEM_001697,HVAC,0.067,1.0,1.0,0.067,0.9773,1.0,0.0654791,0.1,0.15,0.1,0.0,False,0.067,False,0.0654791,False,0.1,False,0.15,False,0.1,False,0.0,0.15,0.25,0.35,False,local
2351,2352,PBS_GROUP_0025,,BOM_002178,ITEM_001698,HVAC,0.085,1.0,1.0,0.085,1.0,1.0,0.085,0.1,0.0,0.04,0.0,False,0.085,False,0.085,False,0.1,False,0.0,False,0.04,False,0.0,0.0,0.1,0.14,False,local
2352,2353,PBS_GROUP_0025,,BOM_002179,ITEM_001698,HVAC,0.138,1.0,1.0,0.138,1.0,1.0,0.138,0.1,0.0,0.04,0.0,False,0.138,False,0.138,False,0.1,False,0.0,False,0.04,False,0.0,0.0,0.1,0.14,False,local
2353,2354,PBS_GROUP_0025,,BOM_002180,ITEM_001698,HVAC,0.081,1.0,1.0,0.081,1.0,1.0,0.081,0.1,0.0,0.04,0.0,False,0.081,False,0.081,False,0.1,False,0.0,False,0.04,False,0.0,0.0,0.1,0.14,False,local
2354,2355,PBS_GROUP_SMALL,,BOM_002181,ITEM_001699,HVAC,0.165,1.0,1.0,0.165,1.0,1.0,0.165,0.1,0.15,0.1,0.0,False,0.165,False,0.165,False,0.1,False,0.15,False,0.1,False,0.0,0.15,0.25,0.35,False,local
2355,2356,PBS_GROUP_0042,,BOM_002182,ITEM_001700,HVAC,0.04,0.712,1.0,0.02848,1.0,1.0,0.04,0.1,0.15,0.1,0.0,False,0.02848,False,0.04,False,0.1,False,0.15,False,0.1,False,0.0,0.15,0.25,0.35,False,local
2356,2357,PBS_GROUP_0042,,BOM_002183,ITEM_001701,HVAC,0.067,0.9969,0.9969,0.06658524387,1.0,1.0,0.067,0.1,0.15,0.1,0.0,False,0.06658524387,False,0.067,False,0.1,False,0.15,False,0.1,False,0.0,0.15,0.25,0.35,False,local
2357,2358,PBS_GROUP_SMALL,,BOM_002184,ITEM_001702,HVAC,0.0,1.0,1.0,0.0,1.0,1.0,0.0,0.1,0.15,0.1,0.0,False,0.0,False,0.0,False,0.1,False,0.15,False,0.1,False,0.0,0.15,0.25,0.35,False,local
2358,2359,PBS_GROUP_0038,,BOM_002185,ITEM_001175,HVAC,0.002,0.964,1.0,0.001928,0.9304,1.0,0.0018608000000000001,,,,,False,0.001928,False,0.0018608000000000001,True,0.0,True,0.0,True,0.0,True,0.0,0.0,0.0,0.0,False,local
2359,2360,PBS_GROUP_0038,,BOM_002186,ITEM_001175,HVAC,0.003,1.0,1.0,0.003,1.0,1.0,0.003,,,,,False,0.003,False,0.003,True,0.0,True,0.0,True,0.0,True,0.0,0.0,0.0,0.0,False,local
2360,2361,PBS_GROUP_0038,,BOM_002187,ITEM_001175,HVAC,0.0,1.0,1.0,0.0,1.0,1.0,0.0,,,,,False,0.0,False,0.0,True,0.0,True,0.0,True,0.0,True,0.0,0.0,0.0,0.0,False,local
2361,2362,PBS_GROUP_0038,,BOM_002188,ITEM_001175,HVAC,0.0,1.0,1.0,0.0,1.0,1.0,0.0,,,,,False,0.0,False,0.0,True,0.0,True,0.0,True,0.0,True,0.0,0.0,0.0,0.0,False,local
2362,2363,PBS_GROUP_0038,,BOM_002189,ITEM_001175,HVAC,0.0,1.0,1.0,0.0,1.0,1.0,0.0,,,,,False,0.0,False,0.0,True,0.0,True,0.0,True,0.0,True,0.0,0.0,0.0,0.0,False,local
2363,2364,PBS_GROUP_0038,,BOM_002190,ITEM_001170,HVAC,0.117,1.0,1.0,0.117,1.0,1.0,0.117,,,,,False,0.117,False,0.117,True,0.0,True,0.0,True,0.0,True,0.0,0.0,0.0,0.0,False,local
2364,2365,PBS_GROUP_0038,,BOM_002191,ITEM_001170,HVAC,0.0,1.0,1.0,0.0,1.0,1.0,0.0,,,,,False,0.0,False,0.0,True,0.0,True,0.0,True,0.0,True,0.0,0.0,0.0,0.0,False,local
2365,2366,,,BOM_002192,ITEM_001703,HVAC,1.35,1.0,1.0,1.35,1.0,1.0,1.35,0.1,0.15,0.1,0.0,False,1.35,False,1.35,False,0.1,False,0.15,False,0.1,False,0.0,0.15,0.25,0.35,False,local
2366,2367,,,BOM_002193,ITEM_001704,HVAC,1.259,1.0,1.0,1.259,1.0,1.0,1.259,0.1,0.15,0.1,0.0,False,1.259,False,1.259,False,0.1,False,0.15,False,0.1,False,0.0,0.15,0.25,0.35,False,local
2367,2368,,,BOM_002194,ITEM_001705,HVAC,1.392,1.0,1.0,1.392,1.0,1.0,1.392,0.1,0.15,0.1,0.0,False,1.392,False,1.392,False,0.1,False,0.15,False,0.1,False,0.0,0.15,0.25,0.35,False,local
2368,2369,PBS_GROUP_0038,,BOM_002195,ITEM_001130,HVAC,0.0,1.0,1.0,0.0,1.0,1.0,0.0,,,,,False,0.0,False,0.0,True,0.0,True,0.0,True,0.0,True,0.0,0.0,0.0,0.0,False,local
2369,2370,PBS_GROUP_0038,,BOM_002196,ITEM_001706,HVAC,0.0,1.0,1.0,0.0,1.0,1.0,0.0,,,,,False,0.0,False,0.0,True,0.0,True,0.0,True,0.0,True,0.0,0.0,0.0,0.0,False,local
2370,2371,PBS_GROUP_0038,,BOM_002197,ITEM_001707,HVAC,0.014,1.0,1.0,0.014,1.0,1.0,0.014,,,,,False,0.014,False,0.014,True,0.0,True,0.0,True,0.0,True,0.0,0.0,0.0,0.0,False,local
2371,2372,,,BOM_002198,ITEM_001708,HVAC,1.107,1.0,1.0,1.107,1.0,1.0,1.107,0.1,0.15,0.1,0.0,False,1.107,False,1.107,False,0.1,False,0.15,False,0.1,False,0.0,0.15,0.25,0.35,False,local
2372,2373,,,BOM_002199,ITEM_001709,HVAC,1.294,1.0,1.0,1.294,1.0,1.0,1.294,0.1,0.15,0.1,0.0,False,1.294,False,1.294,False,0.1,False,0.15,False,0.1,False,0.0,0.15,0.25,0.35,False,local
2373,2374,,,BOM_002200,ITEM_001710,HVAC,1.126,1.0,1.0,1.126,1.0,1.0,1.126,0.1,0.15,0.1,0.0,False,1.126,False,1.126,False,0.1,False,0.15,False,0.1,False,0.0,0.15,0.25,0.35,False,local
2374,2375,PBS_GROUP_0038,,BOM_002201,ITEM_001711,HVAC,0.0,1.0,1.0,0.0,1.0,1.0,0.0,,,,,False,0.0,False,0.0,True,0.0,True,0.0,True,0.0,True,0.0,0.0,0.0,0.0,False,local
2375,2376,PBS_GROUP_0038,,BOM_002202,ITEM_001712,HVAC,0.0,1.0,1.0,0.0,1.0,1.0,0.0,,,,,False,0.0,False,0.0,True,0.0,True,0.0,True,0.0,True,0.0,0.0,0.0,0.0,False,local
2376,2377,PBS_GROUP_0038,,BOM_002203,ITEM_001712,HVAC,0.077,1.0,1.0,0.077,1.0,1.0,0.077,,,,,False,0.077,False,0.077,True,0.0,True,0.0,True,0.0,True,0.0,0.0,0.0,0.0,False,local
2377,2378,PBS_GROUP_0038,,BOM_002204,ITEM_001712,HVAC,0.022,1.0,1.0,0.022,1.0,1.0,0.022,,,,,False,0.022,False,0.022,True,0.0,True,0.0,True,0.0,True,0.0,0.0,0.0,0.0,False,local
2378,2379,PBS_GROUP_0038,,BOM_002205,ITEM_001712,HVAC,0.013,1.0,1.0,0.013,1.0,1.0,0.013,,,,,False,0.013,False,0.013,True,0.0,True,0.0,True,0.0,True,0.0,0.0,0.0,0.0,False,local
2379,2380,PBS_GROUP_0038,,BOM_002206,ITEM_001364,HVAC,0.0,1.0,1.0,0.0,0.9876,1.0,0.0,,,,,False,0.0,False,0.0,True,0.0,True,0.0,True,0.0,True,0.0,0.0,0.0,0.0,False,local
2380,2381,PBS_GROUP_0038,,BOM_002207,ITEM_001370,HVAC,0.087,1.0,1.0,0.087,1.0,1.0,0.087,,,,,False,0.087,False,0.087,True,0.0,True,0.0,True,0.0,True,0.0,0.0,0.0,0.0,False,local
2381,2382,PBS_GROUP_0038,,BOM_002208,ITEM_001370,HVAC,0.0,0.7022,1.0,0.0,1.0,1.0,0.0,,,,,False,0.0,False,0.0,True,0.0,True,0.0,True,0.0,True,0.0,0.0,0.0,0.0,False,local
2382,2383,PBS_GROUP_0038,,BOM_002209,ITEM_001370,HVAC,0.0,1.0,1.0,0.0,1.0,1.0,0.0,,,,,False,0.0,False,0.0,True,0.0,True,0.0,True,0.0,True,0.0,0.0,0.0,0.0,False,local
2383,2384,PBS_GROUP_0038,,BOM_002210,ITEM_001370,HVAC,0.05,1.0,1.0,0.05,1.0,1.0,0.05,,,,,False,0.05,False,0.05,True,0.0,True,0.0,True,0.0,True,0.0,0.0,0.0,0.0,False,local
2384,2385,PBS_GROUP_0038,,BOM_002211,ITEM_001370,HVAC,0.0,1.0,1.0,0.0,1.0,1.0,0.0,,,,,False,0.0,False,0.0,True,0.0,True,0.0,True,0.0,True,0.0,0.0,0.0,0.0,False,local
2385,2386,PBS_GROUP_0038,,BOM_002212,ITEM_001713,HVAC,0.0,0.9773,1.0,0.0,1.0,1.0,0.0,,,,,False,0.0,False,0.0,True,0.0,True,0.0,True,0.0,True,0.0,0.0,0.0,0.0,False,local
2386,2387,PBS_GROUP_0022,,BOM_000710,ITEM_000701,HVAC,1.359,0.7216,1.0,0.9806544,0.9867,1.0,1.3409253,0.1,0.0,0.04,0.0,False,0.9806544,False,1.3409253,False,0.1,False,0.0,False,0.04,False,0.0,0.0,0.1,0.14,False,local
2387,2388,PBS_GROUP_0038,,BOM_002213,ITEM_001147,HVAC,0.038,1.0,1.0,0.038,1.0,1.0,0.038,,,,,False,0.038,False,0.038,True,0.0,True,0.0,True,0.0,True,0.0,0.0,0.0,0.0,False,local
2388,2389,PBS_GROUP_0038,,BOM_002214,ITEM_001147,HVAC,0.008,1.0,1.0,0.008,1.0,1.0,0.008,,,,,False,0.008,False,0.008,True,0.0,True,0.0,True,0.0,True,0.0,0.0,0.0,0.0,False,local
2389,2390,PBS_GROUP_0038,,BOM_002215,ITEM_001147,HVAC,0.028,1.0,1.0,0.028,1.0,1.0,0.028,,,,,False,0.028,False,0.028,True,0.0,True,0.0,True,0.0,True,0.0,0.0,0.0,0.0,False,local
2390,2391,PBS_GROUP_0038,,BOM_002216,ITEM_001147,HVAC,0.121,1.0,1.0,0.121,1.0,1.0,0.121,,,,,False,0.121,False,0.121,True,0.0,True,0.0,True,0.0,True,0.0,0.0,0.0,0.0,False,local
2391,2392,PBS_GROUP_0038,,BOM_002217,ITEM_001147,HVAC,0.0,1.0,1.0,0.0,1.0,1.0,0.0,,,,,False,0.0,False,0.0,True,0.0,True,0.0,True,0.0,True,0.0,0.0,0.0,0.0,False,local
2392,2393,PBS_GROUP_0038,,BOM_002218,ITEM_001147,HVAC,0.0,1.0,1.0,0.0,1.0,1.0,0.0,,,,,False,0.0,False,0.0,True,0.0,True,0.0,True,0.0,True,0.0,0.0,0.0,0.0,False,local
2393,2394,PBS_GROUP_0038,,BOM_002219,ITEM_001147,HVAC,0.0,1.0,1.0,0.0,1.0,1.0,0.0,,,,,False,0.0,False,0.0,True,0.0,True,0.0,True,0.0,True,0.0,0.0,0.0,0.0,False,local
2394,2395,PBS_GROUP_0038,,BOM_002220,ITEM_001156,HVAC,0.0,1.0,1.0,0.0,1.0,1.0,0.0,,,,,False,0.0,False,0.0,True,0.0,True,0.0,True,0.0,True,0.0,0.0,0.0,0.0,False,local
2395,2396,PBS_GROUP_0038,,BOM_002221,ITEM_001714,HVAC,0.0,1.0,1.0,0.0,1.0,1.0,0.0,,,,,False,0.0,False,0.0,True,0.0,True,0.0,True,0.0,True,0.0,0.0,0.0,0.0,False,local
2396,2397,PBS_GROUP_0038,,BOM_002222,ITEM_001154,HVAC,0.127,1.0,1.0,0.127,1.0,1.0,0.127,,,,,False,0.127,False,0.127,True,0.0,True,0.0,True,0.0,True,0.0,0.0,0.0,0.0,False,local
2397,2398,PBS_GROUP_0038,,BOM_002223,ITEM_001714,HVAC,0.047,1.0,1.0,0.047,1.0,1.0,0.047,,,,,False,0.047,False,0.047,True,0.0,True,0.0,True,0.0,True,0.0,0.0,0.0,0.0,False,local
2398,2399,PBS_GROUP_0038,,BOM_002224,ITEM_001160,HVAC,0.041,0.9807,1.0,0.0402087,1.0,1.0,0.041,,,,,False,0.0402087,False,0.041,True,0.0,True,0.0,True,0.0,True,0.0,0.0,0.0,0.0,False,local
2399,2400,PBS_GROUP_0038,,BOM_002225,ITEM_001165,HVAC,0.0,1.0,1.0,0.0,1.0,1.0,0.0,,,,,False,0.0,False,0.0,True,0.0,True,0.0,True,0.0,True,0.0,0.0,0.0,0.0,False,local
2400,2401,PBS_GROUP_0038,,BOM_002226,ITEM_001154,HVAC,0.108,1.0,1.0,0.108,1.0,1.0,0.108,,,,,False,0.108,False,0.108,True,0.0,True,0.0,True,0.0,True,0.0,0.0,0.0,0.0,False,local
2401,2402,,,BOM_002116,ITEM_000027,HVAC,0.928,1.0,1.0,0.928,1.0,1.0,0.928,0.1,0.15,0.1,0.0,False,0.928,False,0.928,False,0.1,False,0.15,False,0.1,False,0.0,0.15,0.25,0.35,False,local
2402,2403,PBS_GROUP_0038,,BOM_002227,ITEM_001155,HVAC,0.108,1.0,1.0,0.108,1.0,1.0,0.108,,,,,False,0.108,False,0.108,True,0.0,True,0.0,True,0.0,True,0.0,0.0,0.0,0.0,False,local
2403,2404,PBS_GROUP_0038,,BOM_002228,ITEM_001715,HVAC,0.0,1.0,1.0,0.0,1.0,1.0,0.0,,,,,False,0.0,False,0.0,True,0.0,True,0.0,True,0.0,True,0.0,0.0,0.0,0.0,False,local
2404,2405,PBS_GROUP_0038,,BOM_002229,ITEM_001716,HVAC,0.003,1.0,1.0,0.003,1.0,1.0,0.003,,,,,False,0.003,False,0.003,True,0.0,True,0.0,True,0.0,True,0.0,0.0,0.0,0.0,False,local
2405,2406,,,BOM_002116,ITEM_000028,HVAC,0.689,1.0,1.0,0.689,1.0,1.0,0.689,0.1,0.15,0.1,0.0,False,0.689,False,0.689,False,0.1,False,0.15,False,0.1,False,0.0,0.15,0.25,0.35,False,local
2406,2407,PBS_GROUP_0038,,BOM_002230,ITEM_001164,HVAC,0.049,1.0,1.0,0.049,1.0,1.0,0.049,,,,,False,0.049,False,0.049,True,0.0,True,0.0,True,0.0,True,0.0,0.0,0.0,0.0,False,local
2407,2408,,,BOM_002116,ITEM_000029,HVAC,0.759,1.0,1.0,0.759,1.0,1.0,0.759,0.1,0.15,0.1,0.0,False,0.759,False,0.759,False,0.1,False,0.15,False,0.1,False,0.0,0.15,0.25,0.35,False,local
2408,2409,PBS_GROUP_0038,,BOM_002231,ITEM_001166,HVAC,0.0,1.0,1.0,0.0,1.0,1.0,0.0,,,,,False,0.0,False,0.0,True,0.0,True,0.0,True,0.0,True,0.0,0.0,0.0,0.0,False,local
2409,2410,PBS_GROUP_0038,,BOM_002232,ITEM_001162,HVAC,0.0,1.0,1.0,0.0,1.0,1.0,0.0,,,,,False,0.0,False,0.0,True,0.0,True,0.0,True,0.0,True,0.0,0.0,0.0,0.0,False,local
2410,2411,,,BOM_002116,ITEM_000030,HVAC,0.714,1.0,1.0,0.714,1.0,1.0,0.714,0.1,0.15,0.1,0.0,False,0.714,False,0.714,False,0.1,False,0.15,False,0.1,False,0.0,0.15,0.25,0.35,False,local
2411,2412,,,BOM_002116,ITEM_000031,HVAC,0.706,1.0,1.0,0.706,1.0,1.0,0.706,0.1,0.15,0.1,0.0,False,0.706,False,0.706,False,0.1,False,0.15,False,0.1,False,0.0,0.15,0.25,0.35,False,local
2412,2413,,,BOM_002116,ITEM_000032,HVAC,0.825,1.0,1.0,0.825,1.0,1.0,0.825,0.1,0.15,0.1,0.0,False,0.825,False,0.825,False,0.1,False,0.15,False,0.1,False,0.0,0.15,0.25,0.35,False,local
2413,2414,,,BOM_002116,ITEM_000033,HVAC,0.635,1.0,0.9962,0.632587,0.0,1.0,0.0,0.1,0.15,0.1,0.0,False,0.632587,False,0.0,False,0.1,False,0.15,False,0.1,False,0.0,0.15,0.25,0.35,False,local
2414,2415,,,BOM_002116,ITEM_000034,HVAC,0.647,1.0,1.0,0.647,1.0,1.0,0.647,0.1,0.15,0.1,0.0,False,0.647,False,0.647,False,0.1,False,0.15,False,0.1,False,0.0,0.15,0.25,0.35,False,local
2415,2416,,,BOM_002116,ITEM_000035,HVAC,0.681,1.0,1.0,0.681,1.0,1.0,0.681,0.1,0.15,0.1,0.0,False,0.681,False,0.681,False,0.1,False,0.15,False,0.1,False,0.0,0.15,0.25,0.35,False,local
2416,2417,PBS_GROUP_0038,,BOM_002233,ITEM_001717,HVAC,0.105,1.0,1.0,0.105,,,,,,,,False,0.105,True,0.0,True,0.0,True,0.0,True,0.0,True,0.0,0.0,0.0,0.0,False,local
2417,2418,,,BOM_002116,ITEM_000036,HVAC,0.774,1.0,1.0,0.774,1.0,1.0,0.774,0.1,0.15,0.1,0.0,False,0.774,False,0.774,False,0.1,False,0.15,False,0.1,False,0.0,0.15,0.25,0.35,False,local
2418,2419,PBS_GROUP_0038,,BOM_002234,ITEM_001718,HVAC,0.028,1.0,1.0,0.028,,,,,,,,False,0.028,True,0.0,True,0.0,True,0.0,True,0.0,True,0.0,0.0,0.0,0.0,False,local
2419,2420,PBS_GROUP_0038,,BOM_002235,ITEM_001142,HVAC,0.026,1.0,1.0,0.026,,,,,,,,False,0.026,True,0.0,True,0.0,True,0.0,True,0.0,True,0.0,0.0,0.0,0.0,False,local
2420,2421,PBS_GROUP_0038,,BOM_002236,ITEM_001136,HVAC,0.064,1.0,1.0,0.064,,,,,,,,False,0.064,True,0.0,True,0.0,True,0.0,True,0.0,True,0.0,0.0,0.0,0.0,False,local
2421,2422,PBS_GROUP_0038,,BOM_002237,ITEM_001143,HVAC,0.072,1.0,1.0,0.072,,,,,,,,False,0.072,True,0.0,True,0.0,True,0.0,True,0.0,True,0.0,0.0,0.0,0.0,False,local
2422,2423,PBS_GROUP_0038,,BOM_002238,ITEM_001133,HVAC,0.0,0.9252,1.0,0.0,,,,,,,,False,0.0,True,0.0,True,0.0,True,0.0,True,0.0,True,0.0,0.0,0.0,0.0,False,local
2423,2424,PBS_GROUP_0038,,BOM_002239,ITEM_001133,HVAC,0.109,1.0,1.0,0.109,,,,,,,,False,0.109,True,0.0,True,0.0,True,0.0,True,0.0,True,0.0,0.0,0.0,0.0,False,local
2424,2425,PBS_GROUP_0038,,BOM_002240,ITEM_001133,HVAC,0.0,1.0,1.0,0.0,,,,,,,,False,0.0,True,0.0,True,0.0,True,0.0,True,0.0,True,0.0,0.0,0.0,0.0,False,local
2425,2426,PBS_GROUP_0038,,BOM_002241,ITEM_001133,HVAC,0.028,1.0,1.0,0.028,,,,,,,,False,0.028,True,0.0,True,0.0,True,0.0,True,0.0,True,0.0,0.0,0.0,0.0,False,local
2426,2427,PBS_GROUP_0038,,BOM_002242,ITEM_001139,HVAC,0.0,1.0,1.0,0.0,,,,,,,,False,0.0,True,0.0,True,0.0,True,0.0,True,0.0,True,0.0,0.0,0.0,0.0,False,local
2427,2428,PBS_GROUP_0038,,BOM_002243,ITEM_001386,HVAC,0.0,1.0,1.0,0.0,,,,,,,,False,0.0,True,0.0,True,0.0,True,0.0,True,0.0,True,0.0,0.0,0.0,0.0,False,local
2428,2429,PBS_GROUP_0038,,BOM_002244,ITEM_001386,HVAC,0.0,1.0,1.0,0.0,,,,,,,,False,0.0,True,0.0,True,0.0,True,0.0,True,0.0,True,0.0,0.0,0.0,0.0,False,local
2429,2430,PBS_GROUP_0038,,BOM_002245,ITEM_001386,HVAC,0.0,1.0,1.0,0.0,,,,,,,,False,0.0,True,0.0,True,0.0,True,0.0,True,0.0,True,0.0,0.0,0.0,0.0,False,local
2430,2431,PBS_GROUP_0038,,BOM_002246,ITEM_001386,HVAC,0.009,1.0,1.0,0.009,,,,,,,,False,0.009,True,0.0,True,0.0,True,0.0,True,0.0,True,0.0,0.0,0.0,0.0,False,local
2431,2432,PBS_GROUP_0038,,BOM_002247,ITEM_001719,HVAC,0.027,0.9571,1.0,0.0258417,,,,,,,,False,0.0258417,True,0.0,True,0.0,True,0.0,True,0.0,True,0.0,0.0,0.0,0.0,False,local
2432,2433,PBS_GROUP_0038,,BOM_002248,ITEM_001720,HVAC,0.0,1.0,1.0,0.0,,,,,,,,False,0.0,True,0.0,True,0.0,True,0.0,True,0.0,True,0.0,0.0,0.0,0.0,False,local
2433,2434,,,BOM_002116,ITEM_001721,HVAC,0.0,1.0,1.0,0.0,,,,0.1,0.15,0.1,0.0,False,0.0,True,0.0,False,0.1,False,0.15,False,0.1,False,0.0,0.15,0.25,0.35,False,local
2434,2435,PBS_GROUP_0025,,BOM_002249,ITEM_001722,HVAC,0.019,1.0,1.0,0.019,,,,0.1,0.0,0.04,0.0,False,0.019,True,0.0,False,0.1,False,0.0,False,0.04,False,0.0,0.0,0.1,0.14,False,local
2435,2436,PBS_GROUP_0025,,BOM_002250,ITEM_001723,HVAC,0.0,0.9273,1.0,0.0,,,,0.1,0.0,0.04,0.0,False,0.0,True,0.0,False,0.1,False,0.0,False,0.04,False,0.0,0.0,0.1,0.14,False,local
2436,2437,PBS_GROUP_0025,,BOM_002251,ITEM_001043,HVAC,0.088,1.0,1.0,0.088,,,,0.1,0.0,0.04,0.0,False,0.088,True,0.0,False,0.1,False,0.0,False,0.04,False,0.0,0.0,0.1,0.14,False,local
2437,2438,PBS_GROUP_0025,,BOM_002252,ITEM_001043,HVAC,0.025,1.0,1.0,0.025,,,,0.1,0.0,0.04,0.0,False,0.025,True,0.0,False,0.1,False,0.0,False,0.04,False,0.0,0.0,0.1,0.14,False,local
2438,2439,PBS_GROUP_0025,,BOM_002253,ITEM_001043,HVAC,0.082,1.0,1.0,0.082,,,,0.1,0.0,0.04,0.0,False,0.082,True,0.0,False,0.1,False,0.0,False,0.04,False,0.0,0.0,0.1,0.14,False,local
2439,2440,PBS_GROUP_0025,,BOM_002254,ITEM_001043,HVAC,0.079,1.0,1.0,0.079,,,,0.1,0.0,0.04,0.0,False,0.079,True,0.0,False,0.1,False,0.0,False,0.04,False,0.0,0.0,0.1,0.14,False,local
2440,2441,PBS_GROUP_0025,,BOM_002255,ITEM_001043,HVAC,0.0,1.0,1.0,0.0,,,,0.1,0.0,0.04,0.0,False,0.0,True,0.0,False,0.1,False,0.0,False,0.04,False,0.0,0.0,0.1,0.14,False,local
2441,2442,PBS_GROUP_0025,,BOM_002256,ITEM_001043,HVAC,0.028,1.0,1.0,0.028,,,,0.1,0.0,0.04,0.0,False,0.028,True,0.0,False,0.1,False,0.0,False,0.04,False,0.0,0.0,0.1,0.14,False,local
2442,2443,PBS_GROUP_0025,,BOM_002257,ITEM_001043,HVAC,0.0,1.0,0.9727,0.0,,,,0.1,0.0,0.04,0.0,False,0.0,True,0.0,False,0.1,False,0.0,False,0.04,False,0.0,0.0,0.1,0.14,False,local
2443,2444,PBS_GROUP_0025,,BOM_002258,ITEM_001043,HVAC,0.0,1.0,1.0,0.0,,,,0.1,0.0,0.04,0.0,False,0.0,True,0.0,False,0.1,False,0.0,False,0.04,False,0.0,0.0,0.1,0.14,False,local
2444,2445,PBS_GROUP_0025,,BOM_002259,ITEM_001043,HVAC,0.086,1.0,1.0,0.086,,,,0.1,0.0,0.04,0.0,False,0.086,True,0.0,False,0.1,False,0.0,False,0.04,False,0.0,0.0,0.1,0.14,False,local
2445,2446,PBS_GROUP_0025,,BOM_002260,ITEM_001043,HVAC,0.001,1.0,1.0,0.001,,,,0.1,0.0,0.04,0.0,False,0.001,True,0.0,False,0.1,False,0.0,False,0.04,False,0.0,0.0,0.1,0.14,False,local
2446,2447,PBS_GROUP_0025,,BOM_002261,ITEM_001043,HVAC,0.072,1.0,1.0,0.072,,,,0.1,0.0,0.04,0.0,False,0.072,True,0.0,False,0.1,False,0.0,False,0.04,False,0.0,0.0,0.1,0.14,False,local
2447,2448,PBS_GROUP_0025,,BOM_002262,ITEM_001043,HVAC,0.082,1.0,1.0,0.082,,,,0.1,0.0,0.04,0.0,False,0.082,True,0.0,False,0.1,False,0.0,False,0.04,False,0.0,0.0,0.1,0.14,False,local
2448,2449,PBS_GROUP_0025,,BOM_002263,ITEM_001043,HVAC,0.103,1.0,1.0,0.103,,,,0.1,0.0,0.04,0.0,False,0.103,True,0.0,False,0.1,False,0.0,False,0.04,False,0.0,0.0,0.1,0.14,False,local
2449,2450,PBS_GROUP_0025,,BOM_002264,ITEM_001043,HVAC,0.142,1.0,1.0,0.142,,,,0.1,0.0,0.04,0.0,False,0.142,True,0.0,False,0.1,False,0.0,False,0.04,False,0.0,0.0,0.1,0.14,False,local
2450,2451,PBS_GROUP_0025,,BOM_002265,ITEM_001043,HVAC,0.002,1.0,1.0,0.002,,,,0.1,0.0,0.04,0.0,False,0.002,True,0.0,False,0.1,False,0.0,False,0.04,False,0.0,0.0,0.1,0.14,False,local
2451,2452,PBS_GROUP_0025,,BOM_002266,ITEM_001043,HVAC,0.0,1.0,1.0,0.0,,,,0.1,0.0,0.04,0.0,False,0.0,True,0.0,False,0.1,False,0.0,False,0.04,False,0.0,0.0,0.1,0.14,False,local
2452,2453,PBS_GROUP_SMALL,TC_001876,BOM_002267,ITEM_001724,HVAC,0.053,1.0,1.0,0.053,,,,0.1,0.0,0.04,0.0,False,0.053,True,0.0,False,0.1,False,0.0,False,0.04,False,0.0,0.0,0.1,0.14,False,local
2453,2454,PBS_GROUP_SMALL,TC_001877,BOM_000061,ITEM_001725,HVAC,80.907,1.0,1.0,80.907,,,,0.1,0.0,0.04,0.0,False,80.907,True,0.0,False,0.1,False,0.0,False,0.04,False,0.0,0.0,0.1,0.14,False,local
2454,2455,PBS_GROUP_0002,TC_001878,,ITEM_001726,HVAC,2.756,1.0,1.0,2.756,,,,0.1,0.0,0.04,0.0,False,2.756,True,0.0,False,0.1,False,0.0,False,0.04,False,0.0,0.0,0.1,0.14,False,local
2454,2455,PBS_GROUP_0002,TC_001878,,ITEM_001726,CW,10.648,1.0,1.0,10.648,0.0,0.0,0.0,0.1,0.0,0.08,0.0,False,10.648,False,0.0,False,0.1,False,0.0,False,0.08,False,0.0,0.0,0.1,0.18,False,local
2455,2456,PBS_GROUP_SMALL,TC_001879,BOM_002268,ITEM_001727,HVAC,0.14,1.0,1.0,0.14,1.0,1.0,0.14,0.1,0.15,0.1,0.0,False,0.14,False,0.14,False,0.1,False,0.15,False,0.1,False,0.0,0.15,0.25,0.35,False,local
2456,2457,PBS_GROUP_SMALL,TC_001880,BOM_002269,ITEM_001728,HVAC,0.062,1.0,1.0,0.062,1.0,1.0,0.062,0.1,0.15,0.1,0.0,False,0.062,False,0.062,False,0.1,False,0.15,False,0.1,False,0.0,0.15,0.25,0.35,False,local
